{
    "directory_name": "infer_2024_01_29_17_24_48",
    "execution_platform": {
        "System": "Linux",
        "Node Name": "lamarrws03",
        "Release": "6.5.0-15-generic",
        "Version": "#15~22.04.1-Ubuntu SMP PREEMPT_DYNAMIC Fri Jan 12 18:54:30 UTC 2",
        "Machine": "x86_64",
        "Processor": "Intel(R) Core(TM) i7-6700 CPU @ 3.40GHz",
        "Physical cores": 4,
        "Total cores": 8,
        "Max Frequency": 4000.0,
        "Min Frequency": 800.0,
        "Current Frequency": 1781.487875,
        "Total": 33525596160,
        "Available": 32275054592,
        "Used": 797958144
    },
    "config": {
        "dataset": "cif_2016_dataset",
        "model": "autosklearn",
        "output_dir": "mnt_data/autosklearn",
        "ds_seed": -1,
        "epochs": 100,
        "datadir": "mnt_data/data",
        "cpu_monitor_interval": 0.5,
        "seed": 42,
        "timestamp": "2024_01_29_17_24_48",
        "lag": 15,
        "external_forecast_horizon": 6,
        "train_logdir": "mnt_data/autosklearn/train_2024_01_29_17_17_43"
    },
    "validation_results": {
        "metrics": {
            "aggregated": {
                "MSE": 10448087993883.975,
                "abs_error": 349378447.6896729,
                "abs_target_sum": 18624313118.95509,
                "abs_target_mean": 43111835.923507154,
                "seasonal_error": 3404567.1653867713,
                "MASE": 62995.07965821483,
                "MAPE": 5048.186878208932,
                "sMAPE": 1.4504335589450195,
                "MSIS": 2519803.1863285927,
                "QuantileLoss[0.1]": 394392008.1807347,
                "Coverage[0.1]": 0.8981481481481483,
                "QuantileLoss[0.5]": 349378447.6896729,
                "Coverage[0.5]": 0.8981481481481483,
                "QuantileLoss[0.9]": 304364887.198611,
                "Coverage[0.9]": 0.8981481481481483,
                "RMSE": 3232350.2276028157,
                "NRMSE": 0.07497593545628486,
                "ND": 0.01875926620531789,
                "wQuantileLoss[0.1]": 0.021176190802942318,
                "wQuantileLoss[0.5]": 0.01875926620531789,
                "wQuantileLoss[0.9]": 0.016342341607693465,
                "mean_absolute_QuantileLoss": 349378447.6896729,
                "mean_wQuantileLoss": 0.018759266205317888,
                "MAE_Coverage": 0.3993827160493828,
                "OWA": NaN
            },
            "contained_nan": false
        },
        "start": 1706545489.0265436,
        "end": 1706545490.7388396,
        "num_samples": 100,
        "model": {
            "params": -1,
            "fsize": 57973226
        }
    },
    "requirements": [
        "# 3.7.12 | packaged by conda-forge | (default, Oct 26 2021, 06:08:21)",
        "# [GCC 9.4.0]",
        "wrapt==1.11.2",
        "typed-ast==1.4.0",
        "six==1.12.0",
        "setuptools==41.6.0",
        "pytz==2019.3",
        "python-dateutil==2.8.0",
        "pyparsing==2.4.2",
        "pylint==2.4.3",
        "mccabe==0.6.1",
        "matplotlib==3.1.1",
        "lazy-object-proxy==1.4.3",
        "kiwisolver==1.1.0",
        "isort==4.3.21",
        "cycler==0.10.0",
        "astroid==2.3.2",
        "zict==2.2.0",
        "wheel==0.40.0",
        "urllib3==2.0.3",
        "typing-extensions==4.6.3",
        "tqdm==4.65.0",
        "tornado==6.1",
        "toolz==0.12.0",
        "threadpoolctl==3.1.0",
        "tblib==1.7.0",
        "sortedcontainers==2.4.0",
        "smac==1.2",
        "scipy==1.7.3",
        "scikit-learn==0.24.2",
        "requests==2.31.0",
        "pyyaml==6.0",
        "pyrfr==0.8.3",
        "pynvml==11.5.0",
        "pynisher==0.6.4",
        "pydantic==1.10.9",
        "py-cpuinfo==9.0.0",
        "psutil==5.9.3",
        "pip==23.1.2",
        "pillow==9.2.0",
        "partd==1.4.0",
        "pandas==1.3.5",
        "packaging==23.1",
        "numpy==1.21.6",
        "mxnet==1.9.1",
        "msgpack==1.0.4",
        "markupsafe==2.1.1",
        "locket==1.0.0",
        "liac-arff==2.5.0",
        "joblib==1.2.0",
        "jinja2==3.1.2",
        "idna==3.4",
        "heapdict==1.0.1",
        "graphviz==0.8.4",
        "gluonts==0.13.2",
        "fuzzywuzzy==0.18.0",
        "fsspec==2023.1.0",
        "emcee==3.1.4",
        "distro==1.8.0",
        "distributed==2022.2.0",
        "dask==2022.2.0",
        "cytoolz==0.12.0",
        "cython==0.29.32",
        "configspace==0.4.21",
        "codecarbon==2.2.3",
        "cloudpickle==2.2.1",
        "click==8.0.0",
        "charset-normalizer==3.1.0",
        "certifi==2023.5.7",
        "bokeh==2.4.3",
        "auto-sklearn==0.15.0",
        "arrow==1.2.3"
    ],
    "emissions": {
        "timestamp": {
            "0": "2024-01-29T17:24:50"
        },
        "project_name": {
            "0": "codecarbon"
        },
        "run_id": {
            "0": "d3c282c9-8fa3-4e4f-94a1-116e95f474e6"
        },
        "duration": {
            "0": 0.3980307579040527
        },
        "emissions": {
            "0": 2.012428658457664e-06
        },
        "emissions_rate": {
            "0": 5.055962682519048e-06
        },
        "cpu_power": {
            "0": 39.719887302271495
        },
        "gpu_power": {
            "0": 0.0
        },
        "ram_power": {
            "0": 11.70867919921875
        },
        "cpu_energy": {
            "0": 4.3882843439578025e-06
        },
        "gpu_energy": {
            "0": 0
        },
        "ram_energy": {
            "0": 1.2914562794321682e-06
        },
        "energy_consumed": {
            "0": 5.679740623389971e-06
        },
        "country_name": {
            "0": "Germany"
        },
        "country_iso_code": {
            "0": "DEU"
        },
        "region": {
            "0": NaN
        },
        "cloud_provider": {
            "0": NaN
        },
        "cloud_region": {
            "0": NaN
        },
        "os": {
            "0": "Linux-6.5.0-15-generic-x86_64-with-debian-bookworm-sid"
        },
        "python_version": {
            "0": "3.7.12"
        },
        "codecarbon_version": {
            "0": "2.2.3"
        },
        "cpu_count": {
            "0": 8
        },
        "cpu_model": {
            "0": "Intel(R) Core(TM) i7-6700 CPU @ 3.40GHz"
        },
        "gpu_count": {
            "0": NaN
        },
        "gpu_model": {
            "0": NaN
        },
        "longitude": {
            "0": NaN
        },
        "latitude": {
            "0": NaN
        },
        "ram_total_size": {
            "0": 31.22314453125
        },
        "tracking_mode": {
            "0": "machine"
        },
        "on_cloud": {
            "0": "N"
        },
        "pue": {
            "0": 1.0
        }
    },
    "full_log": "results/merged_autosklearn/infer_2024_01_29_17_24_48.tar.gz"
}