{
    "default": [
        1.5,
        1.0,
        0.5,
        0.25
    ],
    "running_time": [
        1.0197668550539978,
        1.0014878901470996,
        0.995492697377313,
        0.9722322024335736
    ],
    "power_draw": [
        1.0456332438680658,
        1.0,
        0.9725498854843603,
        0.8963579735147207
    ],
    "RMSE": [
        1.0985116793860628,
        0.9933931909389849,
        0.87035251585385,
        0.36795788349525865
    ],
    "MAPE": [
        1.1420977250289872,
        1.0,
        0.869434671759888,
        0.4683685633351494
    ],
    "MASE": [
        NaN,
        NaN,
        NaN,
        NaN
    ],
    "paramaters": [
        7.717540421362077,
        1.2196232666470135,
        0.6345568949014526,
        0.25336584115443544
    ],
    "fsize": [
        4.282207726176181,
        1.2279137935485542,
        0.7056686112328392,
        0.25433908400927796
    ],
    "train_running_time": [
        4.657120177740677,
        1.1789651062527369,
        0.7095523572212873,
        0.24592928126650224
    ],
    "train_power_draw": [
        5.751403633643228,
        1.242098109742134,
        0.709690808908947,
        0.21291145109214235
    ]
}