{
    "default": [
        1.5,
        1.0,
        0.5,
        0.25
    ],
    "general flops": [
        15.254394996524512,
        1.0,
        0.550547781078125,
        0.04005384697815163
    ],
    "general fsize": [
        31.03560622343133,
        1.014535707944274,
        0.5584498213030762,
        0.04731540329058779
    ],
    "general top1_val": [
        1.052741318813088,
        1.0105820105820107,
        1.0,
        0.9128441451022097
    ],
    "general top5_val": [
        1.3357142857142859,
        1.1856253537068477,
        1.0,
        0.9957012666934143
    ],
    "general f1_val": [
        1.16,
        1.08,
        0.99,
        0.87
    ],
    "general precision_val": [
        1.052741318813088,
        1.0105820105820107,
        1.0,
        0.9128441451022097
    ],
    "general recall_val": [
        1.052741318813088,
        1.0105820105820107,
        1.0,
        0.9128441451022097
    ],
    "inference power_draw": [
        1.7054350332127697,
        1.0015748112567329,
        0.614563899047673,
        0.2875185179059062
    ],
    "inference time": [
        5.532037757050542,
        1.0,
        0.4361927522529528,
        0.053113100743139165
    ],
    "training power_draw": [
        2.304018971304624,
        1.0,
        0.2290210910976325,
        0.07212790024949287
    ],
    "training time": [
        4.00837566855195,
        1.0,
        0.3363452388029344,
        0.06831831261705915
    ]
}