{
    "directory_name": "infer_2024_01_25_17_11_26",
    "validation_results": {
        "metrics": {
            "aggregated": {
                "MSE": 100534354089650.31,
                "abs_error": 653210952.402163,
                "abs_target_sum": 18624313118.95509,
                "abs_target_mean": 43111835.923507154,
                "seasonal_error": 3404567.1653867713,
                "MASE": 92.66110916336216,
                "MAPE": 7.522078477366569,
                "sMAPE": 0.2855340758391534,
                "MSIS": 3706.444366534486,
                "QuantileLoss[0.1]": 939629187.8606613,
                "Coverage[0.1]": 0.6388888888888888,
                "QuantileLoss[0.5]": 653210952.402163,
                "Coverage[0.5]": 0.6388888888888888,
                "QuantileLoss[0.9]": 366792716.943665,
                "Coverage[0.9]": 0.6388888888888888,
                "RMSE": 10026682.107738847,
                "NRMSE": 0.23257376757345885,
                "ND": 0.035073022464240614,
                "wQuantileLoss[0.1]": 0.050451749917388565,
                "wQuantileLoss[0.5]": 0.035073022464240614,
                "wQuantileLoss[0.9]": 0.019694295011092672,
                "mean_absolute_QuantileLoss": 653210952.4021631,
                "mean_wQuantileLoss": 0.035073022464240614,
                "MAE_Coverage": 0.31296296296296294,
                "OWA": NaN
            },
            "contained_nan": false
        },
        "start": 1706199086.787915,
        "end": 1706199086.6746395,
        "num_samples": 100,
        "model": {}
    },
    "config": {
        "dataset": "cif_2016_dataset",
        "model": "autosklearn",
        "output_dir": "mnt_data/autosklearn",
        "ds_seed": -1,
        "epochs": 100,
        "datadir": "mnt_data/data",
        "cpu_monitor_interval": 0.5,
        "seed": 42,
        "timestamp": "2024_01_25_17_11_26",
        "lag": 15,
        "external_forecast_horizon": 6,
        "train_logdir": "mnt_data/autosklearn/train_2024_01_25_17_08_18"
    },
    "requirements": [
        "# 3.7.12 | packaged by conda-forge | (default, Oct 26 2021, 06:08:21)",
        "# [GCC 9.4.0]",
        "wrapt==1.11.2",
        "typed-ast==1.4.0",
        "six==1.12.0",
        "setuptools==41.6.0",
        "pytz==2019.3",
        "python-dateutil==2.8.0",
        "pyparsing==2.4.2",
        "pylint==2.4.3",
        "mccabe==0.6.1",
        "matplotlib==3.1.1",
        "lazy-object-proxy==1.4.3",
        "kiwisolver==1.1.0",
        "isort==4.3.21",
        "cycler==0.10.0",
        "astroid==2.3.2",
        "zict==2.2.0",
        "wheel==0.40.0",
        "urllib3==2.0.3",
        "typing-extensions==4.6.3",
        "tqdm==4.65.0",
        "tornado==6.1",
        "toolz==0.12.0",
        "threadpoolctl==3.1.0",
        "tblib==1.7.0",
        "sortedcontainers==2.4.0",
        "smac==1.2",
        "scipy==1.7.3",
        "scikit-learn==0.24.2",
        "requests==2.31.0",
        "pyyaml==6.0",
        "pyrfr==0.8.3",
        "pynvml==11.5.0",
        "pynisher==0.6.4",
        "pydantic==1.10.9",
        "py-cpuinfo==9.0.0",
        "psutil==5.9.3",
        "pip==23.1.2",
        "pillow==9.2.0",
        "partd==1.4.0",
        "pandas==1.3.5",
        "packaging==23.1",
        "numpy==1.21.6",
        "mxnet==1.9.1",
        "msgpack==1.0.4",
        "markupsafe==2.1.1",
        "locket==1.0.0",
        "liac-arff==2.5.0",
        "joblib==1.2.0",
        "jinja2==3.1.2",
        "idna==3.4",
        "heapdict==1.0.1",
        "graphviz==0.8.4",
        "gluonts==0.13.2",
        "fuzzywuzzy==0.18.0",
        "fsspec==2023.1.0",
        "emcee==3.1.4",
        "distro==1.8.0",
        "distributed==2022.2.0",
        "dask==2022.2.0",
        "cytoolz==0.12.0",
        "cython==0.29.32",
        "configspace==0.4.21",
        "codecarbon==2.2.3",
        "cloudpickle==2.2.1",
        "click==8.0.0",
        "charset-normalizer==3.1.0",
        "certifi==2023.5.7",
        "bokeh==2.4.3",
        "auto-sklearn==0.15.0",
        "arrow==1.2.3"
    ],
    "execution_platform": {
        "System": "Linux",
        "Node Name": "lamarrws03",
        "Release": "6.5.0-14-generic",
        "Version": "#14~22.04.1-Ubuntu SMP PREEMPT_DYNAMIC Mon Nov 20 18:15:30 UTC 2",
        "Machine": "x86_64",
        "Processor": "Intel(R) Core(TM) i7-6700 CPU @ 3.40GHz",
        "Physical cores": 4,
        "Total cores": 8,
        "Max Frequency": 4000.0,
        "Min Frequency": 800.0,
        "Current Frequency": 2012.551625,
        "Total": 33525604352,
        "Available": 32418500608,
        "Used": 683597824
    },
    "emissions": {
        "timestamp": {
            "0": "2024-01-25T17:11:28"
        },
        "project_name": {
            "0": "codecarbon"
        },
        "run_id": {
            "0": "a8d2e20b-24fe-4f1b-9945-f33952057e58"
        },
        "duration": {
            "0": 0.0684118270874023
        },
        "emissions": {
            "0": 2.8346246002591704e-07
        },
        "emissions_rate": {
            "0": 4.143471561777877e-06
        },
        "cpu_power": {
            "0": 30.555086179556927
        },
        "gpu_power": {
            "0": 0.0
        },
        "ram_power": {
            "0": 11.7086820602417
        },
        "cpu_energy": {
            "0": 5.793074078898428e-07
        },
        "gpu_energy": {
            "0": 0
        },
        "ram_energy": {
            "0": 2.2071759803964146e-07
        },
        "energy_consumed": {
            "0": 8.000250059294842e-07
        },
        "country_name": {
            "0": "Germany"
        },
        "country_iso_code": {
            "0": "DEU"
        },
        "region": {
            "0": NaN
        },
        "cloud_provider": {
            "0": NaN
        },
        "cloud_region": {
            "0": NaN
        },
        "os": {
            "0": "Linux-6.5.0-14-generic-x86_64-with-debian-bookworm-sid"
        },
        "python_version": {
            "0": "3.7.12"
        },
        "codecarbon_version": {
            "0": "2.2.3"
        },
        "cpu_count": {
            "0": 8
        },
        "cpu_model": {
            "0": "Intel(R) Core(TM) i7-6700 CPU @ 3.40GHz"
        },
        "gpu_count": {
            "0": NaN
        },
        "gpu_model": {
            "0": NaN
        },
        "longitude": {
            "0": NaN
        },
        "latitude": {
            "0": NaN
        },
        "ram_total_size": {
            "0": 31.22315216064453
        },
        "tracking_mode": {
            "0": "machine"
        },
        "on_cloud": {
            "0": "N"
        },
        "pue": {
            "0": 1.0
        }
    },
    "full_log": "results/autosklearn/infer_2024_01_25_17_11_26.tar.gz"
}