{
    "directory_name": "infer_2023_08_22_04_56_02",
    "validation_results": {
        "metrics": {
            "aggregated": {
                "MSE": 268.510193803919,
                "abs_error": 610265.5415258408,
                "abs_target_sum": 1012566.9892774224,
                "abs_target_mean": 20.48735410483616,
                "seasonal_error": 10.993197323565072,
                "MASE": Infinity,
                "MAPE": 0.6743721963970201,
                "sMAPE": 1.0045296750406776,
                "MSIS": Infinity,
                "QuantileLoss[0.1]": 233874.4563974954,
                "Coverage[0.1]": 0.07844367109096795,
                "QuantileLoss[0.5]": 610265.5419414043,
                "Coverage[0.5]": 0.43446503722887664,
                "QuantileLoss[0.9]": 220613.3681380391,
                "Coverage[0.9]": 0.8278366785367433,
                "RMSE": 16.386280658035826,
                "NRMSE": 0.7998241536796471,
                "ND": 0.6026915236110276,
                "wQuantileLoss[0.1]": 0.23097183581344133,
                "wQuantileLoss[0.5]": 0.6026915240214336,
                "wQuantileLoss[0.9]": 0.21787533118719477,
                "mean_absolute_QuantileLoss": 354917.7888256463,
                "mean_wQuantileLoss": 0.35051289700735655,
                "MAE_Coverage": 0.053084871047804065,
                "OWA": NaN
            },
            "contained_nan": false
        },
        "start": 1692672962.094532,
        "end": 1692672970.56469,
        "num_samples": 100,
        "model": {
            "params": 45822,
            "fsize": 188778
        }
    },
    "version": {
        "model": "0.11.8",
        "gluonts": "0.11.8"
    },
    "config": {
        "dataset": "dominick_dataset",
        "model": "mqrnn",
        "output_dir": "mnt_data/results_dnns",
        "ds_seed": 129,
        "epochs": 100,
        "datadir": "mnt_data/data",
        "cpu_monitor_interval": 0.5,
        "seed": 42,
        "timestamp": "2023_08_22_04_56_02",
        "lag": 10,
        "external_forecast_horizon": 8,
        "train_logdir": "mnt_data/results_dnns/train_2023_08_22_04_13_04"
    },
    "prediction_net-network": {
        "__kind__": "instance",
        "args": [],
        "class": "gluonts.mx.model.seq2seq._forking_network.ForkingSeq2SeqPredictionNetwork",
        "kwargs": {
            "cardinality": [
                1
            ],
            "context_length": 10,
            "decoder": {
                "__kind__": "instance",
                "args": [],
                "class": "gluonts.mx.block.decoder.ForkingMLPDecoder",
                "kwargs": {
                    "dec_len": 8,
                    "final_dim": 30,
                    "hidden_dimension_sequence": [],
                    "prefix": "decoder_"
                }
            },
            "distr_output": null,
            "dtype": {
                "__kind__": "type",
                "class": "numpy.float32"
            },
            "embedding_dimension": [
                1
            ],
            "enc2dec": {
                "__kind__": "instance",
                "args": [],
                "class": "gluonts.mx.block.enc2dec.FutureFeatIntegratorEnc2Dec",
                "kwargs": {}
            },
            "encoder": {
                "__kind__": "instance",
                "args": [],
                "class": "gluonts.mx.block.encoder.RNNEncoder",
                "kwargs": {
                    "bidirectional": true,
                    "hidden_size": 50,
                    "mode": "gru",
                    "num_layers": 1,
                    "prefix": "encoder_",
                    "use_dynamic_feat": true,
                    "use_static_feat": true
                }
            },
            "num_forking": 10,
            "quantile_output": {
                "__kind__": "instance",
                "args": [],
                "class": "gluonts.mx.block.quantile_output.IncrementalQuantileOutput",
                "kwargs": {
                    "quantile_weights": null,
                    "quantiles": [
                        0.025,
                        0.1,
                        0.2,
                        0.3,
                        0.4,
                        0.5,
                        0.6,
                        0.7,
                        0.8,
                        0.9,
                        0.975
                    ]
                }
            },
            "scaling": false,
            "scaling_decoder_dynamic_feature": false
        }
    },
    "input_transform": {
        "__kind__": "instance",
        "args": [],
        "class": "gluonts.transform._base.Chain",
        "kwargs": {
            "trans": [
                {
                    "__kind__": "instance",
                    "args": [],
                    "class": "gluonts.transform._base.Chain",
                    "kwargs": {
                        "trans": [
                            {
                                "__kind__": "instance",
                                "args": [],
                                "class": "gluonts.transform.field.RemoveFields",
                                "kwargs": {
                                    "field_names": [
                                        "feat_dynamic_cat",
                                        "feat_static_real",
                                        "past_feat_dynamic_real",
                                        "feat_dynamic_real",
                                        "feat_static_cat"
                                    ]
                                }
                            },
                            {
                                "__kind__": "instance",
                                "args": [],
                                "class": "gluonts.transform.feature.AddObservedValuesIndicator",
                                "kwargs": {
                                    "dtype": {
                                        "__kind__": "type",
                                        "class": "numpy.float32"
                                    },
                                    "imputation_method": {
                                        "__kind__": "instance",
                                        "args": [],
                                        "class": "gluonts.transform.feature.DummyValueImputation",
                                        "kwargs": {
                                            "dummy_value": 0.0
                                        }
                                    },
                                    "output_field": "observed_values",
                                    "target_field": "target"
                                }
                            },
                            {
                                "__kind__": "instance",
                                "args": [],
                                "class": "gluonts.transform.feature.AddTimeFeatures",
                                "kwargs": {
                                    "dtype": {
                                        "__kind__": "type",
                                        "class": "numpy.float32"
                                    },
                                    "output_field": "time_feat",
                                    "pred_length": 8,
                                    "start_field": "start",
                                    "target_field": "target",
                                    "time_features": [
                                        {
                                            "__kind__": "type",
                                            "class": "gluonts.time_feature._base.day_of_month"
                                        },
                                        {
                                            "__kind__": "type",