{
    "directory_name": "infer_2023_07_27_02_49_11",
    "execution_platform": {
        "System": "Linux",
        "Node Name": "lamarrws03",
        "Release": "5.19.0-35-generic",
        "Version": "#36~22.04.1-Ubuntu SMP PREEMPT_DYNAMIC Fri Feb 17 15:17:25 UTC 2",
        "Machine": "x86_64",
        "Processor": "Intel(R) Core(TM) i7-6700 CPU @ 3.40GHz",
        "Physical cores": 4,
        "Total cores": 8,
        "Max Frequency": 4000.0,
        "Min Frequency": 800.0,
        "Current Frequency": 1900.06725,
        "Total": 33542766592,
        "Available": 32038105088,
        "Used": 998551552
    },
    "version": {
        "model": "0.11.8",
        "gluonts": "0.11.8"
    },
    "config": {
        "dataset": "m4_weekly_dataset",
        "model": "feedforward",
        "output_dir": "mnt_data/results_dnns",
        "ds_seed": 468,
        "epochs": 100,
        "datadir": "mnt_data/data",
        "cpu_monitor_interval": 0.5,
        "seed": 42,
        "timestamp": "2023_07_27_02_49_11",
        "lag": 65,
        "train_logdir": "mnt_data/results_dnns/train_2023_07_27_02_47_40"
    },
    "type": [
        "gluonts.mx.model.predictor.RepresentableBlockPredictor"
    ],
    "validation_results": {
        "metrics": {
            "aggregated": {
                "MSE": 510176.96100523474,
                "abs_error": 933631.8028564453,
                "abs_target_sum": 10169234.335449219,
                "abs_target_mean": 4394.656151879524,
                "seasonal_error": 222.1952932653634,
                "MASE": 4.0291027847442935,
                "MAPE": 0.1070440341923756,
                "sMAPE": 0.10468143481011007,
                "MSIS": 60.09641933677449,
                "QuantileLoss[0.1]": 604726.2960784913,
                "Coverage[0.1]": 0.18539325842696625,
                "QuantileLoss[0.5]": 933631.8042297363,
                "Coverage[0.5]": 0.47234226447709593,
                "QuantileLoss[0.9]": 556396.1176818848,
                "Coverage[0.9]": 0.7986171132238546,
                "RMSE": 714.2667295942285,
                "NRMSE": 0.16253074299993825,
                "ND": 0.09180944917375658,
                "wQuantileLoss[0.1]": 0.05946625637000604,
                "wQuantileLoss[0.5]": 0.09180944930880028,
                "wQuantileLoss[0.9]": 0.05471366863307771,
                "mean_absolute_QuantileLoss": 698251.4059967041,
                "mean_wQuantileLoss": 0.06866312477062801,
                "MAE_Coverage": 0.07147796024200523,
                "OWA": NaN
            },
            "contained_nan": false
        },
        "start": 1690418951.1695101,
        "end": 1690418955.0936084,
        "num_samples": 100,
        "model": {
            "params": 24083,
            "fsize": 99210
        }
    },
    "emissions": {
        "timestamp": {
            "0": "2023-07-27T02:49:15"
        },
        "project_name": {
            "0": "codecarbon"
        },
        "run_id": {
            "0": "552e6282-ac53-477e-820a-fbabac004541"
        },
        "duration": {
            "0": 0.1018643379211425
        },
        "emissions": {
            "0": 2.1751983576891686e-07
        },
        "emissions_rate": {
            "0": 0.0021353875184199
        },
        "cpu_power": {
            "0": 13.933389251608572
        },
        "gpu_power": {
            "0": 0.0
        },
        "ram_power": {
            "0": 11.714675903320314
        },
        "cpu_energy": {
            "0": 3.93387814710041e-07
        },
        "gpu_energy": {
            "0": 0
        },
        "ram_energy": {
            "0": 3.292694469807127e-07
        },
        "energy_consumed": {
            "0": 7.226572616907536e-07
        },
        "country_name": {
            "0": "Germany"
        },
        "country_iso_code": {
            "0": "DEU"
        },
        "region": {
            "0": NaN
        },
        "cloud_provider": {
            "0": NaN
        },
        "cloud_region": {
            "0": NaN
        },
        "os": {
            "0": "Linux-5.19.0-35-generic-x86_64-with-debian-bookworm-sid"
        },
        "python_version": {
            "0": "3.7.7"
        },
        "cpu_count": {
            "0": 8
        },
        "cpu_model": {
            "0": "Intel(R) Core(TM) i7-6700 CPU @ 3.40GHz"
        },
        "gpu_count": {
            "0": NaN
        },
        "gpu_model": {
            "0": NaN
        },
        "longitude": {
            "0": NaN
        },
        "latitude": {
            "0": NaN
        },
        "ram_total_size": {
            "0": 31.2391357421875
        },
        "tracking_mode": {
            "0": "machine"
        },
        "on_cloud": {
            "0": "N"
        }
    },
    "requirements": [
        "# 3.7.7 (default, Mar 23 2020, 22:36:06)",
        "# [GCC 7.3.0]",
        "wrapt==1.11.2",
        "typed-ast==1.4.0",
        "six==1.12.0",
        "setuptools==41.6.0",
        "pytz==2019.3",
        "python-dateutil==2.8.0",
        "pyparsing==2.4.2",
        "pylint==2.4.3",
        "mccabe==0.6.1",
        "matplotlib==3.1.1",
        "lazy-object-proxy==1.4.3",
        "kiwisolver==1.1.0",
        "isort==4.3.21",
        "cycler==0.10.0",
        "astroid==2.3.2",
        "zipp==3.14.0",
        "zict==2.2.0",
        "xgboost==1.6.2",
        "wheel==0.37.1",
        "werkzeug==2.2.3",
        "urllib3==1.26.14",
        "typing-extensions==4.4.0",
        "tqdm==4.64.1",
        "tornado==6.2",
        "toolz==0.12.0",
        "threadpoolctl==3.1.0",
        "tenacity==8.2.2",
        "tblib==1.7.0",
        "sortedcontainers==2.4.0",
        "smac==1.2",
        "scipy==1.7.3",
        "scikit-learn==0.24.2",
        "rpy2==2.9.4",
        "requests==2.28.2",
        "reportlab==3.6.12",
        "qrcode==7.4.2",
        "pyyaml==6.0",
        "pyrfr==0.8.3",
        "pypng==0.20220715.0",
        "pynvml==11.4.1",
        "pynisher==0.6.4",
        "pymupdf==1.21.1",
        "pydantic==1.10.4",
        "pyarrow==8.0.0",
        "py-rapl==0.1",
        "py-cpuinfo==9.0.0",
        "psutil==5.9.4",
        "plotly==5.13.1",
        "pip==22.3.1",
        "pint==0.18",
        "pillow==9.4.0",
        "partd==1.4.0",
        "pandas==1.3.5",
        "packaging==23.0",
        "orjson==3.8.5",
        "numpy==1.21.6",
        "mxnet==1.9.1",
        "msgpack==1.0.5",
        "markupsafe==2.1.1",
        "locket==1.0.0",
        "liac-arff==2.5.0",
        "joblib==1.2.0",
        "jinja2==3.1.2",
        "itsdangerous==2.1.2",
        "importlib-metadata==6.0.0",
        "idna==3.4",
        "heapdict==1.0.1",
        "graphviz==0.8.4",
        "gluonts==0.11.8",
        "fuzzywuzzy==0.18.0",
        "fsspec==2023.1.0",
        "flask==2.2.3",
        "emcee==3.1.4",
        "distro==1.8.0",
        "distributed==2022.2.0",
        "dask==2022.2.0",
        "dash==2.8.1",
        "dash-table==5.0.0",
        "dash-html-components==2.0.0",
        "dash-core-components==2.0.0",
        "dash-bootstrap-components==1.4.0",
        "cython==0.29.35",
        "configspace==0.4.21",
        "codecarbon==2.1.4",
        "cloudpickle==2.2.1",
        "click==8.1.3",
        "charset-normalizer==3.0.1",
        "certifi==2022.12.7",
        "auto-sklearn==0.15.0",
        "arrow==1.2.3"
    ],
    "parameters": {
        "batch_size": 32,
        "ctx": {
            "__kind__": "instance",
            "args": [
                "cpu",
                0
            ],
            "class": "mxnet.context.Context"
        },
        "dtype": {
            "__kind__": "type",
            "class": "numpy.float32"
        },
        "forecast_generator": {
            "__kind__": "instance",
            "args": [],
            "class": "gluonts.model.forecast_generator.SampleForecastGenerator",
            "kwargs": {}
        },
        "input_names": [
            "past_target"
        ],
        "lead_time": 0,