{
    "directory_name": "infer_2023_07_26_14_57_05",
    "validation_results": {
        "metrics": {
            "aggregated": {
                "MSE": 2021567.6932742712,
                "abs_error": 9195285.737792969,
                "abs_target_sum": 67295326.91210938,
                "abs_target_mean": 5236.175452233845,
                "seasonal_error": 758.98531844092,
                "MASE": 1.1422991517826278,
                "MAPE": 0.19836982734758757,
                "sMAPE": 0.15850485570049347,
                "MSIS": 12.258570428208111,
                "QuantileLoss[0.1]": 4401046.800799561,
                "Coverage[0.1]": 0.09422657952069718,
                "QuantileLoss[0.5]": 9195285.755493164,
                "Coverage[0.5]": 0.4334733893557423,
                "QuantileLoss[0.9]": 6015232.245385742,
                "Coverage[0.9]": 0.8187830687830687,
                "RMSE": 1421.8184459607603,
                "NRMSE": 0.271537586723567,
                "ND": 0.13664077670359506,
                "wQuantileLoss[0.1]": 0.06539899578090347,
                "wQuantileLoss[0.5]": 0.13664077696661772,
                "wQuantileLoss[0.9]": 0.08938558621227737,
                "mean_absolute_QuantileLoss": 6537188.267226155,
                "mean_wQuantileLoss": 0.09714178631993285,
                "MAE_Coverage": 0.051172320780163934,
                "OWA": NaN
            },
            "contained_nan": false
        },
        "start": 1690376225.3123405,
        "end": 1690376229.8601325,
        "num_samples": 100,
        "model": {
            "params": 30283,
            "fsize": 124010
        }
    },
    "parameters": {
        "batch_size": 32,
        "ctx": {
            "__kind__": "instance",
            "args": [
                "cpu",
                0
            ],
            "class": "mxnet.context.Context"
        },
        "dtype": {
            "__kind__": "type",
            "class": "numpy.float32"
        },
        "forecast_generator": {
            "__kind__": "instance",
            "args": [],
            "class": "gluonts.model.forecast_generator.SampleForecastGenerator",
            "kwargs": {}
        },
        "input_names": [
            "past_target"
        ],
        "lead_time": 0,
        "prediction_length": 18
    },
    "emissions": {
        "timestamp": {
            "0": "2023-07-26T14:57:09"
        },
        "project_name": {
            "0": "codecarbon"
        },
        "run_id": {
            "0": "9a2b3615-5a10-496e-ad01-efc86a6072d7"
        },
        "duration": {
            "0": 0.358133316040039
        },
        "emissions": {
            "0": 8.303476325846626e-07
        },
        "emissions_rate": {
            "0": 0.0023185433898359
        },
        "cpu_power": {
            "0": 16.055469913799964
        },
        "gpu_power": {
            "0": 0.0
        },
        "ram_power": {
            "0": 11.714675903320314
        },
        "cpu_energy": {
            "0": 1.5958629433557303e-06
        },
        "gpu_energy": {
            "0": 0
        },
        "ram_energy": {
            "0": 1.162767065231189e-06
        },
        "energy_consumed": {
            "0": 2.758630008586919e-06
        },
        "country_name": {
            "0": "Germany"
        },
        "country_iso_code": {
            "0": "DEU"
        },
        "region": {
            "0": NaN
        },
        "cloud_provider": {
            "0": NaN
        },
        "cloud_region": {
            "0": NaN
        },
        "os": {
            "0": "Linux-5.19.0-35-generic-x86_64-with-debian-bookworm-sid"
        },
        "python_version": {
            "0": "3.7.7"
        },
        "cpu_count": {
            "0": 8
        },
        "cpu_model": {
            "0": "Intel(R) Core(TM) i7-6700 CPU @ 3.40GHz"
        },
        "gpu_count": {
            "0": NaN
        },
        "gpu_model": {
            "0": NaN
        },
        "longitude": {
            "0": NaN
        },
        "latitude": {
            "0": NaN
        },
        "ram_total_size": {
            "0": 31.2391357421875
        },
        "tracking_mode": {
            "0": "machine"
        },
        "on_cloud": {
            "0": "N"
        }
    },
    "prediction_net-network": {
        "__kind__": "instance",
        "args": [],
        "class": "gluonts.mx.model.simple_feedforward._network.SimpleFeedForwardSamplingNetwork",
        "kwargs": {
            "batch_normalization": false,
            "context_length": 15,
            "distr_output": {
                "__kind__": "instance",
                "args": [],
                "class": "gluonts.mx.distribution.student_t.StudentTOutput",
                "kwargs": {}
            },
            "mean_scaling": true,
            "num_hidden_dimensions": [
                40,
                40
            ],
            "num_parallel_samples": 100,
            "prediction_length": 18
        }
    },
    "config": {
        "dataset": "m3_monthly_dataset",
        "model": "feedforward",
        "output_dir": "mnt_data/results_dnns",
        "ds_seed": 124,
        "epochs": 100,
        "datadir": "mnt_data/data",
        "cpu_monitor_interval": 0.5,
        "seed": 42,
        "timestamp": "2023_07_26_14_57_05",
        "lag": 15,
        "train_logdir": "mnt_data/results_dnns/train_2023_07_26_14_52_54"
    },
    "type": [
        "gluonts.mx.model.predictor.RepresentableBlockPredictor"
    ],
    "version": {
        "model": "0.11.8",
        "gluonts": "0.11.8"
    },
    "execution_platform": {
        "System": "Linux",
        "Node Name": "lamarrws03",
        "Release": "5.19.0-35-generic",
        "Version": "#36~22.04.1-Ubuntu SMP PREEMPT_DYNAMIC Fri Feb 17 15:17:25 UTC 2",
        "Machine": "x86_64",
        "Processor": "Intel(R) Core(TM) i7-6700 CPU @ 3.40GHz",
        "Physical cores": 4,
        "Total cores": 8,
        "Max Frequency": 4000.0,
        "Min Frequency": 800.0,
        "Current Frequency": 1800.303375,
        "Total": 33542766592,
        "Available": 32033615872,
        "Used": 1001676800
    },
    "input_transform": {
        "__kind__": "instance",
        "args": [],
        "class": "gluonts.transform._base.Chain",
        "kwargs": {
            "trans": [
                {
                    "__kind__": "instance",
                    "args": [],
                    "class": "gluonts.transform._base.Chain",
                    "kwargs": {
                        "trans": [
                            {
                                "__kind__": "instance",
                                "args": [],
                                "class": "gluonts.transform.field.SelectFields",
                                "kwargs": {
                                    "allow_missing": true,
                                    "input_fields": [
                                        "item_id",
                                        "info",
                                        "start",
                                        "target"
                                    ]
                                }
                            },
                            {
                                "__kind__": "instance",
                                "args": [],
                                "class": "gluonts.transform.feature.AddObservedValuesIndicator",
                                "kwargs": {
                                    "dtype": {
                                        "__kind__": "type",
                                        "class": "numpy.float32"
                                    },
                                    "imputation_method": {
                                        "__kind__": "instance",
                                        "args": [],
                                        "class": "gluonts.transform.feature.DummyValueImputation",