{
    "directory_name": "infer_2023_07_20_22_39_17",
    "validation_results": {
        "metrics": {
            "aggregated": {
                "MSE": 1500049.6610713438,
                "abs_error": 286166.7223482345,
                "abs_target_sum": 2135575.8603515625,
                "abs_target_mean": 6281.105471622242,
                "seasonal_error": 920.2581363453584,
                "MASE": 0.970700375810358,
                "MAPE": 0.1503849123067193,
                "sMAPE": 0.13453750646587526,
                "MSIS": 11.216889280777231,
                "QuantileLoss[0.1]": 185587.61359683794,
                "Coverage[0.1]": 0.13823529411764707,
                "QuantileLoss[0.5]": 286166.7223482345,
                "Coverage[0.5]": 0.6147058823529412,
                "QuantileLoss[0.9]": 141826.20756642133,
                "Coverage[0.9]": 0.9588235294117645,
                "RMSE": 1224.7651452712653,
                "NRMSE": 0.19499197248075206,
                "ND": 0.13399979259042813,
                "wQuantileLoss[0.1]": 0.08690284294854604,
                "wQuantileLoss[0.5]": 0.13399979259042813,
                "wQuantileLoss[0.9]": 0.06641122434446026,
                "mean_absolute_QuantileLoss": 204526.84783716462,
                "mean_wQuantileLoss": 0.09577128662781147,
                "MAE_Coverage": 0.07058823529411759,
                "OWA": NaN
            },
            "contained_nan": false
        },
        "start": 1689885557.9098444,
        "end": 1689885561.718781,
        "num_samples": 100,
        "model": {
            "params": 212,
            "fsize": 5103
        }
    },
    "type": [
        "gluonts.mx.model.predictor.RepresentableBlockPredictor"
    ],
    "version": {
        "model": "0.11.8",
        "gluonts": "0.11.8"
    },
    "parameters": {
        "batch_size": 32,
        "ctx": {
            "__kind__": "instance",
            "args": [
                "cpu",
                0
            ],
            "class": "mxnet.context.Context"
        },
        "dtype": {
            "__kind__": "type",
            "class": "numpy.float64"
        },
        "forecast_generator": {
            "__kind__": "instance",
            "args": [],
            "class": "gluonts.model.forecast_generator.SampleForecastGenerator",
            "kwargs": {}
        },
        "input_names": [
            "past_target",
            "past_time_feat",
            "future_time_feat",
            "feat_static_cat"
        ],
        "lead_time": 0,
        "prediction_length": 5
    },
    "input_transform": {
        "__kind__": "instance",
        "args": [],
        "class": "gluonts.transform._base.Chain",
        "kwargs": {
            "trans": [
                {
                    "__kind__": "instance",
                    "args": [],
                    "class": "gluonts.transform._base.Chain",
                    "kwargs": {
                        "trans": [
                            {
                                "__kind__": "instance",
                                "args": [],
                                "class": "gluonts.transform._base.Chain",
                                "kwargs": {
                                    "trans": [
                                        {
                                            "__kind__": "instance",
                                            "args": [],
                                            "class": "gluonts.transform._base.Chain",
                                            "kwargs": {
                                                "trans": [
                                                    {
                                                        "__kind__": "instance",
                                                        "args": [],
                                                        "class": "gluonts.transform.convert.AsNumpyArray",
                                                        "kwargs": {
                                                            "dtype": {
                                                                "__kind__": "type",
                                                                "class": "numpy.float32"
                                                            },
                                                            "expected_ndim": 1,
                                                            "field": "target"
                                                        }
                                                    },
                                                    {
                                                        "__kind__": "instance",
                                                        "args": [],
                                                        "class": "gluonts.transform.feature.AddTimeFeatures",
                                                        "kwargs": {
                                                            "dtype": {
                                                                "__kind__": "type",
                                                                "class": "numpy.float32"
                                                            },
                                                            "output_field": "time_feat",
                                                            "pred_length": 5,
                                                            "start_field": "start",
                                                            "target_field": "target",
                                                            "time_features": [
                                                                {
                                                                    "__kind__": "type",
                                                                    "class": "gluonts.time_feature._base.day_of_month"
                                                                },
                                                                {
                                                                    "__kind__": "type",
                                                                    "class": "gluonts.time_feature._base.week_of_year"
                                                                }
                                                            ]
                                                        }
                                                    }
                                                ]
                                            }
                                        },
                                        {
                                            "__kind__": "instance",
                                            "args": [],
                                            "class": "gluonts.transform.field.SetFieldIfNotPresent",
                                            "kwargs": {
                                                "field": "feat_static_cat",
                                                "value": [
                                                    0.0
                                                ]
                                            }
                                        }
                                    ]
                                }
                            },
                            {
                                "__kind__": "instance",
                                "args": [],
                                "class": "gluonts.transform.convert.AsNumpyArray",
                                "kwargs": {
                                    "dtype": {
                                        "__kind__": "type",
                                        "class": "numpy.float32"
                                    },
                                    "expected_ndim": 1,