{
    "directory_name": "infer_2023_07_20_18_37_26",
    "config": {
        "dataset": "cif_2016_dataset",
        "model": "deeprenewal",
        "output_dir": "mnt_data/results_dnns",
        "ds_seed": -1,
        "epochs": 100,
        "datadir": "mnt_data/data",
        "cpu_monitor_interval": 0.5,
        "seed": 42,
        "timestamp": "2023_07_20_18_37_26",
        "lag": 15,
        "external_forecast_horizon": 6,
        "train_logdir": "mnt_data/results_dnns/train_2023_07_20_18_35_29"
    },
    "validation_results": {
        "metrics": {
            "aggregated": {
                "MSE": 6.187470754699355e+16,
                "abs_error": 18624311015.130844,
                "abs_target_sum": 18624313118.95509,
                "abs_target_mean": 43111835.923507154,
                "seasonal_error": 3404567.1653867713,
                "MASE": 15.887420446945827,
                "MAPE": 1.0764587902360492,
                "sMAPE": 1.9248440729247198,
                "MSIS": 527.6364939178519,
                "QuantileLoss[0.1]": 3724862708.1538277,
                "Coverage[0.1]": 0.025462962962962965,
                "QuantileLoss[0.5]": 18624311806.631054,
                "Coverage[0.5]": 0.030092592592592598,
                "QuantileLoss[0.9]": 33523692179.014812,
                "Coverage[0.9]": 0.0625,
                "RMSE": 248746271.42329904,
                "NRMSE": 5.769790733678026,
                "ND": 0.9999998870388276,
                "wQuantileLoss[0.1]": 0.2000000045297139,
                "wQuantileLoss[0.5]": 0.9999999295370504,
                "wQuantileLoss[0.9]": 1.7999961644167013,
                "mean_absolute_QuantileLoss": 18624288897.93323,
                "mean_wQuantileLoss": 0.9999986994944886,
                "MAE_Coverage": 0.46064814814814814,
                "OWA": NaN
            },
            "contained_nan": false
        },
        "start": 1689871046.8633068,
        "end": 1689871050.918145,
        "num_samples": 100,
        "model": {
            "params": 584,
            "fsize": 6284
        }
    },
    "prediction_net-network": {
        "__kind__": "instance",
        "args": [],
        "class": "gluonts.mx.model.renewal._network.DeepRenewalPredictionNetwork",
        "kwargs": {
            "context_length": 15,
            "dropout_rate": 0.1,
            "interval_distr_output": {
                "__kind__": "instance",
                "args": [],
                "class": "gluonts.mx.distribution.neg_binomial.NegativeBinomialOutput",
                "kwargs": {}
            },
            "num_cells": 10,
            "num_layers": 1,
            "num_parallel_samples": 100,
            "prediction_length": 6,
            "size_distr_output": {
                "__kind__": "instance",
                "args": [],
                "class": "gluonts.mx.distribution.neg_binomial.NegativeBinomialOutput",
                "kwargs": {}
            }
        }
    },
    "emissions": {
        "timestamp": {
            "0": "2023-07-20T18:37:30"
        },
        "project_name": {
            "0": "codecarbon"
        },
        "run_id": {
            "0": "c9d1b550-3f1a-4d00-882f-7cb1527339ea"
        },
        "duration": {
            "0": 0.2809579372406006
        },
        "emissions": {
            "0": 6.779466654075701e-07
        },
        "emissions_rate": {
            "0": 0.0024129827833516
        },
        "cpu_power": {
            "0": 17.187970566579136
        },
        "gpu_power": {
            "0": 0.0
        },
        "ram_power": {
            "0": 11.714675903320314
        },
        "cpu_energy": {
            "0": 1.340312738915342e-06
        },
        "gpu_energy": {
            "0": 0
        },
        "ram_energy": {
            "0": 9.120017640998414e-07
        },
        "energy_consumed": {
            "0": 2.2523145030151837e-06
        },
        "country_name": {
            "0": "Germany"
        },
        "country_iso_code": {
            "0": "DEU"
        },
        "region": {
            "0": NaN
        },
        "cloud_provider": {
            "0": NaN
        },
        "cloud_region": {
            "0": NaN
        },
        "os": {
            "0": "Linux-5.19.0-35-generic-x86_64-with-debian-bookworm-sid"
        },
        "python_version": {
            "0": "3.7.7"
        },
        "cpu_count": {
            "0": 8
        },
        "cpu_model": {
            "0": "Intel(R) Core(TM) i7-6700 CPU @ 3.40GHz"
        },
        "gpu_count": {
            "0": NaN
        },
        "gpu_model": {
            "0": NaN
        },
        "longitude": {
            "0": NaN
        },
        "latitude": {
            "0": NaN
        },
        "ram_total_size": {
            "0": 31.2391357421875
        },
        "tracking_mode": {
            "0": "machine"
        },
        "on_cloud": {
            "0": "N"
        }
    },
    "parameters": {
        "batch_size": 32,
        "ctx": {
            "__kind__": "instance",
            "args": [
                "cpu",
                0
            ],
            "class": "mxnet.context.Context"
        },
        "dtype": {
            "__kind__": "type",
            "class": "numpy.float32"
        },
        "forecast_generator": {
            "__kind__": "instance",
            "args": [],
            "class": "gluonts.model.forecast_generator.SampleForecastGenerator",
            "kwargs": {}
        },
        "input_names": [
            "past_target",
            "time_remaining"
        ],
        "lead_time": 0,
        "prediction_length": 6
    },
    "version": {
        "model": "0.11.8",
        "gluonts": "0.11.8"
    },
    "execution_platform": {
        "System": "Linux",
        "Node Name": "lamarrws03",
        "Release": "5.19.0-35-generic",
        "Version": "#36~22.04.1-Ubuntu SMP PREEMPT_DYNAMIC Fri Feb 17 15:17:25 UTC 2",
        "Machine": "x86_64",
        "Processor": "Intel(R) Core(TM) i7-6700 CPU @ 3.40GHz",
        "Physical cores": 4,
        "Total cores": 8,
        "Max Frequency": 4000.0,
        "Min Frequency": 800.0,
        "Current Frequency": 1900.0845,
        "Total": 33542766592,
        "Available": 32023359488,
        "Used": 1009410048
    },
    "input_transform": {
        "__kind__": "instance",
        "args": [],
        "class": "gluonts.transform._base.Chain",
        "kwargs": {
            "trans": [
                {
                    "__kind__": "instance",
                    "args": [],
                    "class": "gluonts.transform.feature.AddObservedValuesIndicator",
                    "kwargs": {
                        "dtype": {
                            "__kind__": "type",
                            "class": "numpy.float32"
                        },
                        "imputation_method": {
                            "__kind__": "instance",
                            "args": [],
                            "class": "gluonts.transform.feature.DummyValueImputation",
                            "kwargs": {
                                "dummy_value": 0.0
                            }
                        },
                        "output_field": "observed_values",
                        "target_field": "target"
                    }
                },
                {
                    "__kind__": "instance",
                    "args": [],
                    "class": "gluonts.transform._base.Chain",
                    "kwargs": {
                        "trans": [
                            {
                                "__kind__": "instance",
                                "args": [],
                                "class": "gluonts.transform.split.InstanceSplitter",
                                "kwargs": {
                                    "dummy_value": 0.0,
                                    "forecast_start_field": "forecast_start",