{
    "directory_name": "infer_2023_07_23_21_34_06",
    "validation_results": {
        "metrics": {
            "aggregated": {
                "MSE": 3917.436369664364,
                "abs_error": 104839.66493606567,
                "abs_target_sum": 1227316.0,
                "abs_target_mean": 267.0400348128808,
                "seasonal_error": 29.92036553524804,
                "MASE": 0.9052464804512425,
                "MAPE": 0.22170531425505122,
                "sMAPE": 0.19098776067932136,
                "MSIS": 7.96002633456337,
                "QuantileLoss[0.1]": 57266.387873077394,
                "Coverage[0.1]": 0.15339425587467362,
                "QuantileLoss[0.5]": 104839.66514110565,
                "Coverage[0.5]": 0.5243690165361183,
                "QuantileLoss[0.9]": 55732.42028656005,
                "Coverage[0.9]": 0.9075282854656224,
                "RMSE": 62.58942697983713,
                "NRMSE": 0.2343821855164696,
                "ND": 0.08542190025719999,
                "wQuantileLoss[0.1]": 0.04665985603795387,
                "wQuantileLoss[0.5]": 0.08542190042426372,
                "wQuantileLoss[0.9]": 0.045410000591991025,
                "mean_absolute_QuantileLoss": 72612.82443358103,
                "mean_wQuantileLoss": 0.059163919018069534,
                "MAE_Coverage": 0.028430519292138096,
                "OWA": NaN
            },
            "contained_nan": false
        },
        "start": 1690140846.2643209,
        "end": 1690140850.3361557,
        "num_samples": 100,
        "model": {
            "params": 22722,
            "fsize": 96113
        }
    },
    "emissions": {
        "timestamp": {
            "0": "2023-07-23T21:34:10"
        },
        "project_name": {
            "0": "codecarbon"
        },
        "run_id": {
            "0": "56dc3c03-fdca-4c08-944e-c6e5570897a4"
        },
        "duration": {
            "0": 0.265080451965332
        },
        "emissions": {
            "0": 6.019546692107865e-07
        },
        "emissions_rate": {
            "0": 0.0022708376447521
        },
        "cpu_power": {
            "0": 15.491086988944428
        },
        "gpu_power": {
            "0": 0.0
        },
        "ram_power": {
            "0": 11.714675903320314
        },
        "cpu_energy": {
            "0": 1.1395584116474788e-06
        },
        "gpu_energy": {
            "0": 0
        },
        "ram_energy": {
            "0": 8.602909877239049e-07
        },
        "energy_consumed": {
            "0": 1.999849399371384e-06
        },
        "country_name": {
            "0": "Germany"
        },
        "country_iso_code": {
            "0": "DEU"
        },
        "region": {
            "0": NaN
        },
        "cloud_provider": {
            "0": NaN
        },
        "cloud_region": {
            "0": NaN
        },
        "os": {
            "0": "Linux-5.19.0-35-generic-x86_64-with-debian-bookworm-sid"
        },
        "python_version": {
            "0": "3.7.7"
        },
        "cpu_count": {
            "0": 8
        },
        "cpu_model": {
            "0": "Intel(R) Core(TM) i7-6700 CPU @ 3.40GHz"
        },
        "gpu_count": {
            "0": NaN
        },
        "gpu_model": {
            "0": NaN
        },
        "longitude": {
            "0": NaN
        },
        "latitude": {
            "0": NaN
        },
        "ram_total_size": {
            "0": 31.2391357421875
        },
        "tracking_mode": {
            "0": "machine"
        },
        "on_cloud": {
            "0": "N"
        }
    },
    "config": {
        "dataset": "hospital_dataset",
        "model": "mqcnn",
        "output_dir": "mnt_data/results_dnns",
        "ds_seed": 129,
        "epochs": 100,
        "datadir": "mnt_data/data",
        "cpu_monitor_interval": 0.5,
        "seed": 42,
        "timestamp": "2023_07_23_21_34_06",
        "lag": 15,
        "external_forecast_horizon": 12,
        "integer_conversion": true,
        "train_logdir": "mnt_data/results_dnns/train_2023_07_23_21_31_40"
    },
    "parameters": {
        "batch_size": 32,
        "ctx": {
            "__kind__": "instance",
            "args": [
                "cpu",
                0
            ],
            "class": "mxnet.context.Context"
        },
        "dtype": {
            "__kind__": "type",
            "class": "numpy.float32"
        },
        "forecast_generator": {
            "__kind__": "instance",
            "args": [],
            "class": "gluonts.model.forecast_generator.QuantileForecastGenerator",
            "kwargs": {
                "quantiles": [
                    "0.025",
                    "0.1",
                    "0.2",
                    "0.3",
                    "0.4",
                    "0.5",
                    "0.6",
                    "0.7",
                    "0.8",
                    "0.9",
                    "0.975"
                ]
            }
        },
        "input_names": [
            "past_target",
            "past_feat_dynamic",
            "future_feat_dynamic",
            "feat_static_cat",
            "past_observed_values"
        ],
        "lead_time": 0,
        "prediction_length": 12
    },
    "input_transform": {
        "__kind__": "instance",
        "args": [],
        "class": "gluonts.transform._base.Chain",
        "kwargs": {
            "trans": [
                {
                    "__kind__": "instance",
                    "args": [],
                    "class": "gluonts.transform._base.Chain",
                    "kwargs": {
                        "trans": [
                            {
                                "__kind__": "instance",
                                "args": [],
                                "class": "gluonts.transform.field.RemoveFields",
                                "kwargs": {
                                    "field_names": [
                                        "feat_dynamic_cat",
                                        "feat_static_real",
                                        "past_feat_dynamic_real",
                                        "feat_dynamic_real",
                                        "feat_static_cat"
                                    ]
                                }
                            },
                            {
                                "__kind__": "instance",
                                "args": [],
                                "class": "gluonts.transform.feature.AddObservedValuesIndicator",
                                "kwargs": {
                                    "dtype": {
                                        "__kind__": "type",
                                        "class": "numpy.float32"
                                    },
                                    "imputation_method": {
                                        "__kind__": "instance",
                                        "args": [],
                                        "class": "gluonts.transform.feature.DummyValueImputation",
                                        "kwargs": {
                                            "dummy_value": 0.0
                                        }
                                    },
                                    "output_field": "observed_values",
                                    "target_field": "target"
                                }
                            },
                            {
                                "__kind__": "instance",
                                "args": [],
                                "class": "gluonts.transform.feature.AddTimeFeatures",
                                "kwargs": {
                                    "dtype": {
                                        "__kind__": "type",
                                        "class": "numpy.float32"
                                    },