{
    "directory_name": "infer_2023_08_18_00_10_30",
    "validation_results": {
        "metrics": {
            "aggregated": {
                "MSE": 1935704939.6188953,
                "abs_error": 88273301.70046997,
                "abs_target_sum": 88334126.30023193,
                "abs_target_mean": 8890.310617978254,
                "seasonal_error": 407.0813379883721,
                "MASE": 47.44240490628793,
                "MAPE": 0.8549267481682571,
                "sMAPE": 1.5629422123305463,
                "MSIS": 796.8597318792215,
                "QuantileLoss[0.1]": 17664839.860007286,
                "Coverage[0.1]": 0.0,
                "QuantileLoss[0.5]": 88273301.70003414,
                "Coverage[0.5]": 0.0006038647342995169,
                "QuantileLoss[0.9]": 158066484.53999826,
                "Coverage[0.9]": 0.48208534621578103,
                "RMSE": 43996.64691336029,
                "NRMSE": 4.948831239303264,
                "ND": 0.9993114258066557,
                "wQuantileLoss[0.1]": 0.19997752397490917,
                "wQuantileLoss[0.5]": 0.9993114258017217,
                "wQuantileLoss[0.9]": 1.7894158368959068,
                "mean_absolute_QuantileLoss": 88001542.03334656,
                "mean_wQuantileLoss": 0.9962349288908459,
                "MAE_Coverage": 0.3391035963499731,
                "OWA": NaN
            },
            "contained_nan": false
        },
        "start": 1692310230.1080213,
        "end": 1692310269.1638563,
        "num_samples": 100,
        "model": {
            "params": 584,
            "fsize": 6289
        }
    },
    "requirements": [
        "# 3.7.7 (default, Mar 23 2020, 22:36:06)",
        "# [GCC 7.3.0]",
        "wrapt==1.11.2",
        "typed-ast==1.4.0",
        "six==1.12.0",
        "setuptools==41.6.0",
        "pytz==2019.3",
        "python-dateutil==2.8.0",
        "pyparsing==2.4.2",
        "pylint==2.4.3",
        "mccabe==0.6.1",
        "matplotlib==3.1.1",
        "lazy-object-proxy==1.4.3",
        "kiwisolver==1.1.0",
        "isort==4.3.21",
        "cycler==0.10.0",
        "astroid==2.3.2",
        "zipp==3.14.0",
        "zict==2.2.0",
        "xgboost==1.6.2",
        "wheel==0.37.1",
        "werkzeug==2.2.3",
        "urllib3==1.26.14",
        "typing-extensions==4.4.0",
        "tqdm==4.64.1",
        "tornado==6.2",
        "toolz==0.12.0",
        "threadpoolctl==3.1.0",
        "tenacity==8.2.2",
        "tblib==1.7.0",
        "sortedcontainers==2.4.0",
        "smac==1.2",
        "scipy==1.7.3",
        "scikit-learn==0.24.2",
        "rpy2==2.9.4",
        "requests==2.28.2",
        "reportlab==3.6.12",
        "qrcode==7.4.2",
        "pyyaml==6.0",
        "pyrfr==0.8.3",
        "pypng==0.20220715.0",
        "pynvml==11.4.1",
        "pynisher==0.6.4",
        "pymupdf==1.21.1",
        "pydantic==1.10.4",
        "pyarrow==8.0.0",
        "py-rapl==0.1",
        "py-cpuinfo==9.0.0",
        "psutil==5.9.4",
        "plotly==5.13.1",
        "pip==22.3.1",
        "pint==0.18",
        "pillow==9.4.0",
        "partd==1.4.0",
        "pandas==1.3.5",
        "packaging==23.0",
        "orjson==3.8.5",
        "numpy==1.21.6",
        "mxnet==1.9.1",
        "msgpack==1.0.5",
        "markupsafe==2.1.1",
        "locket==1.0.0",
        "liac-arff==2.5.0",
        "joblib==1.2.0",
        "jinja2==3.1.2",
        "itsdangerous==2.1.2",
        "importlib-metadata==6.0.0",
        "idna==3.4",
        "heapdict==1.0.1",
        "graphviz==0.8.4",
        "gluonts==0.11.8",
        "fuzzywuzzy==0.18.0",
        "fsspec==2023.1.0",
        "flask==2.2.3",
        "emcee==3.1.4",
        "distro==1.8.0",
        "distributed==2022.2.0",
        "dask==2022.2.0",
        "dash==2.8.1",
        "dash-table==5.0.0",
        "dash-html-components==2.0.0",
        "dash-core-components==2.0.0",
        "dash-bootstrap-components==1.4.0",
        "cython==0.29.35",
        "configspace==0.4.21",
        "codecarbon==2.1.4",
        "cloudpickle==2.2.1",
        "click==8.1.3",
        "charset-normalizer==3.0.1",
        "certifi==2022.12.7",
        "auto-sklearn==0.15.0",
        "arrow==1.2.3"
    ],
    "parameters": {
        "batch_size": 32,
        "ctx": {
            "__kind__": "instance",
            "args": [
                "cpu",
                0
            ],
            "class": "mxnet.context.Context"
        },
        "dtype": {
            "__kind__": "type",
            "class": "numpy.float32"
        },
        "forecast_generator": {
            "__kind__": "instance",
            "args": [],
            "class": "gluonts.model.forecast_generator.SampleForecastGenerator",
            "kwargs": {}
        },
        "input_names": [
            "past_target",
            "time_remaining"
        ],
        "lead_time": 0,
        "prediction_length": 48
    },
    "prediction_net-network": {
        "__kind__": "instance",
        "args": [],
        "class": "gluonts.mx.model.renewal._network.DeepRenewalPredictionNetwork",
        "kwargs": {
            "context_length": 210,
            "dropout_rate": 0.1,
            "interval_distr_output": {
                "__kind__": "instance",
                "args": [],
                "class": "gluonts.mx.distribution.neg_binomial.NegativeBinomialOutput",
                "kwargs": {}
            },
            "num_cells": 10,
            "num_layers": 1,
            "num_parallel_samples": 100,
            "prediction_length": 48,
            "size_distr_output": {
                "__kind__": "instance",
                "args": [],
                "class": "gluonts.mx.distribution.neg_binomial.NegativeBinomialOutput",
                "kwargs": {}
            }
        }
    },
    "config": {
        "dataset": "m4_hourly_dataset",
        "model": "deeprenewal",
        "output_dir": "mnt_data/results_new03",
        "ds_seed": 42,
        "epochs": 100,
        "datadir": "mnt_data/data",
        "cpu_monitor_interval": 0.5,
        "seed": 42,
        "timestamp": "2023_08_18_00_10_30",
        "lag": 210,
        "train_logdir": "mnt_data/results_new03/train_2023_08_17_23_01_31"
    },
    "version": {
        "model": "0.11.8",
        "gluonts": "0.11.8"
    },
    "input_transform": {
        "__kind__": "instance",
        "args": [],
        "class": "gluonts.transform._base.Chain",
        "kwargs": {
            "trans": [
                {
                    "__kind__": "instance",
                    "args": [],
                    "class": "gluonts.transform.feature.AddObservedValuesIndicator",
                    "kwargs": {
                        "dtype": {
                            "__kind__": "type",
                            "class": "numpy.float32"
                        },
                        "imputation_method": {
                            "__kind__": "instance",
                            "args": [],
                            "class": "gluonts.transform.feature.DummyValueImputation",
                            "kwargs": {
                                "dummy_value": 0.0
                            }
                        },
                        "output_field": "observed_values",
                        "target_field": "target"
                    }
                },
                {
                    "__kind__": "instance",
                    "args": [],
                    "class": "gluonts.transform._base.Chain",
                    "kwargs": {
                        "trans": [
                            {
                                "__kind__": "instance",
                                "args": [],
                                "class": "gluonts.transform.split.InstanceSplitter",
                                "kwargs": {
                                    "dummy_value": 0.0,
                                    "forecast_start_field": "forecast_start",