{
    "directory_name": "infer_2023_07_25_10_07_47",
    "validation_results": {
        "metrics": {
            "aggregated": {
                "MSE": 49577037.09106357,
                "abs_error": 9993379.420898438,
                "abs_target_sum": 51014537.171875,
                "abs_target_mean": 11615.331778660064,
                "seasonal_error": 1201.8652772047803,
                "MASE": 1.8857982778980409,
                "MAPE": 0.3305797990592639,
                "sMAPE": 0.2975491535576749,
                "MSIS": 75.4319312072212,
                "QuantileLoss[0.1]": 5953600.324726105,
                "Coverage[0.1]": 0.3713570127504554,
                "QuantileLoss[0.5]": 9993379.499774933,
                "Coverage[0.5]": 0.3713570127504554,
                "QuantileLoss[0.9]": 14033158.674823761,
                "Coverage[0.9]": 0.3713570127504554,
                "RMSE": 7041.096298948309,
                "NRMSE": 0.6061898560559726,
                "ND": 0.19589277831198126,
                "wQuantileLoss[0.1]": 0.1167039956604449,
                "wQuantileLoss[0.5]": 0.1958927798581385,
                "wQuantileLoss[0.9]": 0.2750815640558321,
                "mean_absolute_QuantileLoss": 9993379.499774933,
                "mean_wQuantileLoss": 0.1958927798581385,
                "MAE_Coverage": 0.3095476624165149,
                "OWA": NaN
            },
            "contained_nan": false
        },
        "start": 1690272467.9198713,
        "end": 1690272496.7306862,
        "num_samples": 100,
        "model": {
            "params": 24891459,
            "fsize": 99602444
        }
    },
    "emissions": {
        "timestamp": {
            "0": "2023-07-25T10:08:14"
        },
        "project_name": {
            "0": "codecarbon"
        },
        "run_id": {
            "0": "cfb8f60a-7ea3-44ee-9f43-d6ba5b514f11"
        },
        "duration": {
            "0": 23.170865535736084
        },
        "emissions": {
            "0": 7.10165992936815e-05
        },
        "emissions_rate": {
            "0": 0.0030649092147271
        },
        "cpu_power": {
            "0": 19.769064483387652
        },
        "gpu_power": {
            "0": 0.0
        },
        "ram_power": {
            "0": 11.714675903320314
        },
        "cpu_energy": {
            "0": 0.0001606975524468
        },
        "gpu_energy": {
            "0": 0
        },
        "ram_energy": {
            "0": 7.523799337935695e-05
        },
        "energy_consumed": {
            "0": 0.0002359355458261
        },
        "country_name": {
            "0": "Germany"
        },
        "country_iso_code": {
            "0": "DEU"
        },
        "region": {
            "0": NaN
        },
        "cloud_provider": {
            "0": NaN
        },
        "cloud_region": {
            "0": NaN
        },
        "os": {
            "0": "Linux-5.19.0-35-generic-x86_64-with-debian-bookworm-sid"
        },
        "python_version": {
            "0": "3.7.7"
        },
        "cpu_count": {
            "0": 8
        },
        "cpu_model": {
            "0": "Intel(R) Core(TM) i7-6700 CPU @ 3.40GHz"
        },
        "gpu_count": {
            "0": NaN
        },
        "gpu_model": {
            "0": NaN
        },
        "longitude": {
            "0": NaN
        },
        "latitude": {
            "0": NaN
        },
        "ram_total_size": {
            "0": 31.2391357421875
        },
        "tracking_mode": {
            "0": "machine"
        },
        "on_cloud": {
            "0": "N"
        }
    },
    "config": {
        "dataset": "tourism_monthly_dataset",
        "model": "nbeats",
        "output_dir": "mnt_data/results_new03",
        "ds_seed": 135,
        "epochs": 100,
        "datadir": "mnt_data/data",
        "cpu_monitor_interval": 0.5,
        "seed": 42,
        "timestamp": "2023_07_25_10_07_47",
        "lag": 15,
        "train_logdir": "mnt_data/results_new03/train_2023_07_25_09_52_23"
    },
    "version": {
        "model": "0.11.8",
        "gluonts": "0.11.8"
    },
    "input_transform": {
        "__kind__": "instance",
        "args": [],
        "class": "gluonts.transform._base.Chain",
        "kwargs": {
            "trans": [
                {
                    "__kind__": "instance",
                    "args": [],
                    "class": "gluonts.transform.feature.AddObservedValuesIndicator",
                    "kwargs": {
                        "dtype": {
                            "__kind__": "type",
                            "class": "numpy.float32"
                        },
                        "imputation_method": {
                            "__kind__": "instance",
                            "args": [],
                            "class": "gluonts.transform.feature.DummyValueImputation",
                            "kwargs": {
                                "dummy_value": 0.0
                            }
                        },
                        "output_field": "observed_values",
                        "target_field": "target"
                    }
                },
                {
                    "__kind__": "instance",
                    "args": [],
                    "class": "gluonts.transform.split.InstanceSplitter",
                    "kwargs": {
                        "dummy_value": 0.0,
                        "forecast_start_field": "forecast_start",
                        "future_length": 24,
                        "instance_sampler": {
                            "__kind__": "instance",
                            "class": "gluonts.transform.sampler.PredictionSplitSampler",
                            "kwargs": {
                                "allow_empty_interval": false,
                                "axis": -1,
                                "min_future": 0,
                                "min_past": 0
                            }
                        },
                        "is_pad_field": "is_pad",
                        "lead_time": 0,
                        "output_NTC": true,
                        "past_length": 15,
                        "start_field": "start",
                        "target_field": "target",
                        "time_series_fields": [
                            "observed_values"
                        ]
                    }
                }
            ]
        }
    },
    "execution_platform": {
        "System": "Linux",
        "Node Name": "lamarrws03",
        "Release": "5.19.0-35-generic",
        "Version": "#36~22.04.1-Ubuntu SMP PREEMPT_DYNAMIC Fri Feb 17 15:17:25 UTC 2",
        "Machine": "x86_64",
        "Processor": "Intel(R) Core(TM) i7-6700 CPU @ 3.40GHz",
        "Physical cores": 4,
        "Total cores": 8,
        "Max Frequency": 4000.0,
        "Min Frequency": 800.0,
        "Current Frequency": 1900.2676250000004,
        "Total": 33542766592,
        "Available": 31558553600,
        "Used": 1476763648
    },
    "parameters": {
        "batch_size": 32,
        "ctx": {
            "__kind__": "instance",
            "args": [
                "cpu",
                0
            ],
            "class": "mxnet.context.Context"
        },
        "dtype": {
            "__kind__": "type",
            "class": "numpy.float32"
        },
        "forecast_generator": {
            "__kind__": "instance",
            "args": [],
            "class": "gluonts.model.forecast_generator.SampleForecastGenerator",
            "kwargs": {}
        },
        "input_names": [
            "past_target",
            "past_observed_values",
            "future_target",
            "future_observed_values"
        ],
        "lead_time": 0,
        "prediction_length": 24
    },