{
    "directory_name": "infer_2023_07_22_04_22_57",
    "validation_results": {
        "metrics": {
            "aggregated": {
                "MSE": 3568990.6900143903,
                "abs_error": 4370809.966552734,
                "abs_target_sum": 16183340.318359375,
                "abs_target_mean": 5351.633703161169,
                "seasonal_error": 481.1944234153621,
                "MASE": 5.002213461774488,
                "MAPE": 0.2976187843676637,
                "sMAPE": 0.2843813034126821,
                "MSIS": 46.65452125238335,
                "QuantileLoss[0.1]": 1853288.006616211,
                "Coverage[0.1]": 0.045304232804232805,
                "QuantileLoss[0.5]": 4370809.960449219,
                "Coverage[0.5]": 0.2820767195767196,
                "QuantileLoss[0.9]": 2127998.6630859375,
                "Coverage[0.9]": 0.8247354497354498,
                "RMSE": 1889.1772521429507,
                "NRMSE": 0.35300944663440403,
                "ND": 0.27008082883817375,
                "wQuantileLoss[0.1]": 0.1145182620001958,
                "wQuantileLoss[0.5]": 0.27008082846102566,
                "wQuantileLoss[0.9]": 0.13149316650480403,
                "mean_absolute_QuantileLoss": 2784032.2100504558,
                "mean_wQuantileLoss": 0.17203075232200848,
                "MAE_Coverage": 0.11596119929453262,
                "OWA": NaN
            },
            "contained_nan": false
        },
        "start": 1689992577.297438,
        "end": 1689992581.637593,
        "num_samples": 100,
        "model": {
            "params": 43602,
            "fsize": 179821
        }
    },
    "prediction_net-network": {
        "__kind__": "instance",
        "args": [],
        "class": "gluonts.mx.model.seq2seq._forking_network.ForkingSeq2SeqPredictionNetwork",
        "kwargs": {
            "cardinality": [
                1
            ],
            "context_length": 5,
            "decoder": {
                "__kind__": "instance",
                "args": [],
                "class": "gluonts.mx.block.decoder.ForkingMLPDecoder",
                "kwargs": {
                    "dec_len": 8,
                    "final_dim": 30,
                    "hidden_dimension_sequence": [],
                    "prefix": "decoder_"
                }
            },
            "distr_output": null,
            "dtype": {
                "__kind__": "type",
                "class": "numpy.float32"
            },
            "embedding_dimension": [
                1
            ],
            "enc2dec": {
                "__kind__": "instance",
                "args": [],
                "class": "gluonts.mx.block.enc2dec.FutureFeatIntegratorEnc2Dec",
                "kwargs": {}
            },
            "encoder": {
                "__kind__": "instance",
                "args": [],
                "class": "gluonts.mx.block.encoder.RNNEncoder",
                "kwargs": {
                    "bidirectional": true,
                    "hidden_size": 50,
                    "mode": "gru",
                    "num_layers": 1,
                    "prefix": "encoder_",
                    "use_dynamic_feat": true,
                    "use_static_feat": true
                }
            },
            "num_forking": 5,
            "quantile_output": {
                "__kind__": "instance",
                "args": [],
                "class": "gluonts.mx.block.quantile_output.IncrementalQuantileOutput",
                "kwargs": {
                    "quantile_weights": null,
                    "quantiles": [
                        0.025,
                        0.1,
                        0.2,
                        0.3,
                        0.4,
                        0.5,
                        0.6,
                        0.7,
                        0.8,
                        0.9,
                        0.975
                    ]
                }
            },
            "scaling": false,
            "scaling_decoder_dynamic_feature": false
        }
    },
    "requirements": [
        "# 3.7.7 (default, Mar 23 2020, 22:36:06)",
        "# [GCC 7.3.0]",
        "wrapt==1.11.2",
        "typed-ast==1.4.0",
        "six==1.12.0",
        "setuptools==41.6.0",
        "pytz==2019.3",
        "python-dateutil==2.8.0",
        "pyparsing==2.4.2",
        "pylint==2.4.3",
        "mccabe==0.6.1",
        "matplotlib==3.1.1",
        "lazy-object-proxy==1.4.3",
        "kiwisolver==1.1.0",
        "isort==4.3.21",
        "cycler==0.10.0",
        "astroid==2.3.2",
        "zipp==3.14.0",
        "zict==2.2.0",
        "xgboost==1.6.2",
        "wheel==0.37.1",
        "werkzeug==2.2.3",
        "urllib3==1.26.14",
        "typing-extensions==4.4.0",
        "tqdm==4.64.1",
        "tornado==6.2",
        "toolz==0.12.0",
        "threadpoolctl==3.1.0",
        "tenacity==8.2.2",
        "tblib==1.7.0",
        "sortedcontainers==2.4.0",
        "smac==1.2",
        "scipy==1.7.3",
        "scikit-learn==0.24.2",
        "rpy2==2.9.4",
        "requests==2.28.2",
        "reportlab==3.6.12",
        "qrcode==7.4.2",
        "pyyaml==6.0",
        "pyrfr==0.8.3",
        "pypng==0.20220715.0",
        "pynvml==11.4.1",
        "pynisher==0.6.4",
        "pymupdf==1.21.1",
        "pydantic==1.10.4",
        "pyarrow==8.0.0",
        "py-rapl==0.1",
        "py-cpuinfo==9.0.0",
        "psutil==5.9.4",
        "plotly==5.13.1",
        "pip==22.3.1",
        "pint==0.18",
        "pillow==9.4.0",
        "partd==1.4.0",
        "pandas==1.3.5",
        "packaging==23.0",
        "orjson==3.8.5",
        "numpy==1.21.6",
        "mxnet==1.9.1",
        "msgpack==1.0.5",
        "markupsafe==2.1.1",
        "locket==1.0.0",
        "liac-arff==2.5.0",
        "joblib==1.2.0",
        "jinja2==3.1.2",
        "itsdangerous==2.1.2",
        "importlib-metadata==6.0.0",
        "idna==3.4",
        "heapdict==1.0.1",
        "graphviz==0.8.4",
        "gluonts==0.11.8",
        "fuzzywuzzy==0.18.0",
        "fsspec==2023.1.0",
        "flask==2.2.3",
        "emcee==3.1.4",
        "distro==1.8.0",
        "distributed==2022.2.0",
        "dask==2022.2.0",
        "dash==2.8.1",
        "dash-table==5.0.0",
        "dash-html-components==2.0.0",
        "dash-core-components==2.0.0",
        "dash-bootstrap-components==1.4.0",
        "cython==0.29.35",
        "configspace==0.4.21",
        "codecarbon==2.1.4",
        "cloudpickle==2.2.1",
        "click==8.1.3",
        "charset-normalizer==3.0.1",
        "certifi==2022.12.7",
        "auto-sklearn==0.15.0",
        "arrow==1.2.3"
    ],
    "emissions": {
        "timestamp": {
            "0": "2023-07-22T04:23:01"
        },
        "project_name": {
            "0": "codecarbon"
        },
        "run_id": {
            "0": "b2d5fcdc-b869-4cd9-8fae-4017c81fd073"
        },
        "duration": {
            "0": 0.2597012519836426
        },
        "emissions": {
            "0": 5.826255452766464e-07
        },
        "emissions_rate": {
            "0": 0.0022434452696182
        },
        "cpu_power": {
            "0": 15.163813996817687
        },
        "gpu_power": {
            "0": 0.0
        },
        "ram_power": {
            "0": 11.714675903320314
        },
        "cpu_energy": {
            "0": 1.0928494853928994e-06
        },
        "gpu_energy": {
            "0": 0
        },
        "ram_energy": {
            "0": 8.427835553933013e-07
        },
        "energy_consumed": {
            "0": 1.935633040786201e-06
        },
        "country_name": {
            "0": "Germany"
        },
        "country_iso_code": {
            "0": "DEU"
        },
        "region": {
            "0": NaN
        },
        "cloud_provider": {
            "0": NaN
        },
        "cloud_region": {
            "0": NaN
        },
        "os": {
            "0": "Linux-5.19.0-35-generic-x86_64-with-debian-bookworm-sid"
        },