{
    "directory_name": "infer_2023_08_18_06_34_31",
    "validation_results": {
        "metrics": {
            "aggregated": {
                "MSE": 1818195591.5864384,
                "abs_error": 145372817.59950256,
                "abs_target_sum": 145558863.59960938,
                "abs_target_mean": 7324.822041043146,
                "seasonal_error": 336.9046924038305,
                "MASE": 42.161256956418946,
                "MAPE": 0.7582429601374455,
                "sMAPE": 1.337214742305774,
                "MSIS": 571.7169385672056,
                "QuantileLoss[0.1]": 29107743.919989776,
                "Coverage[0.1]": 0.0,
                "QuantileLoss[0.5]": 145372816.59994507,
                "Coverage[0.5]": 0.002767713365539452,
                "QuantileLoss[0.9]": 260659974.27999207,
                "Coverage[0.9]": 0.5042270531400966,
                "RMSE": 42640.30477830146,
                "NRMSE": 5.821343445530173,
                "ND": 0.9987218504218432,
                "wQuantileLoss[0.1]": 0.1999723218508824,
                "wQuantileLoss[0.5]": 0.9987218435548104,
                "wQuantileLoss[0.9]": 1.7907530179473838,
                "mean_absolute_QuantileLoss": 145046844.93330896,
                "mean_wQuantileLoss": 0.9964823944510256,
                "MAE_Coverage": 0.3310017444981213,
                "OWA": NaN
            },
            "contained_nan": false
        },
        "start": 1692333271.5904212,
        "end": 1692333351.1356056,
        "num_samples": 100,
        "model": {
            "params": 584,
            "fsize": 6289
        }
    },
    "config": {
        "dataset": "m4_hourly_dataset",
        "model": "deeprenewal",
        "output_dir": "mnt_data/results_new03",
        "ds_seed": -1,
        "epochs": 100,
        "datadir": "mnt_data/data",
        "cpu_monitor_interval": 0.5,
        "seed": 42,
        "timestamp": "2023_08_18_06_34_31",
        "lag": 210,
        "train_logdir": "mnt_data/results_new03/train_2023_08_18_04_15_23"
    },
    "type": [
        "gluonts.mx.model.renewal._predictor.DeepRenewalProcessPredictor"
    ],
    "prediction_net-network": {
        "__kind__": "instance",
        "args": [],
        "class": "gluonts.mx.model.renewal._network.DeepRenewalPredictionNetwork",
        "kwargs": {
            "context_length": 210,
            "dropout_rate": 0.1,
            "interval_distr_output": {
                "__kind__": "instance",
                "args": [],
                "class": "gluonts.mx.distribution.neg_binomial.NegativeBinomialOutput",
                "kwargs": {}
            },
            "num_cells": 10,
            "num_layers": 1,
            "num_parallel_samples": 100,
            "prediction_length": 48,
            "size_distr_output": {
                "__kind__": "instance",
                "args": [],
                "class": "gluonts.mx.distribution.neg_binomial.NegativeBinomialOutput",
                "kwargs": {}
            }
        }
    },
    "emissions": {
        "timestamp": {
            "0": "2023-08-18T06:35:51"
        },
        "project_name": {
            "0": "codecarbon"
        },
        "run_id": {
            "0": "37cfcbae-f5da-4807-8f05-344e1907d4b3"
        },
        "duration": {
            "0": 76.12810802459717
        },
        "emissions": {
            "0": 0.0002950763089832
        },
        "emissions_rate": {
            "0": 0.0038760494203786
        },
        "cpu_power": {
            "0": 100.28357709680984
        },
        "gpu_power": {
            "0": 0.0
        },
        "ram_power": {
            "0": 11.714675903320314
        },
        "cpu_energy": {
            "0": 0.0007312385233236
        },
        "gpu_energy": {
            "0": 0
        },
        "ram_energy": {
            "0": 0.0002490814400758
        },
        "energy_consumed": {
            "0": 0.0009803199633995
        },
        "country_name": {
            "0": "Germany"
        },
        "country_iso_code": {
            "0": "DEU"
        },
        "region": {
            "0": NaN
        },
        "cloud_provider": {
            "0": NaN
        },
        "cloud_region": {
            "0": NaN
        },
        "os": {
            "0": "Linux-5.19.0-35-generic-x86_64-with-debian-bookworm-sid"
        },
        "python_version": {
            "0": "3.7.7"
        },
        "cpu_count": {
            "0": 8
        },
        "cpu_model": {
            "0": "Intel(R) Core(TM) i7-6700 CPU @ 3.40GHz"
        },
        "gpu_count": {
            "0": NaN
        },
        "gpu_model": {
            "0": NaN
        },
        "longitude": {
            "0": NaN
        },
        "latitude": {
            "0": NaN
        },
        "ram_total_size": {
            "0": 31.2391357421875
        },
        "tracking_mode": {
            "0": "machine"
        },
        "on_cloud": {
            "0": "N"
        }
    },
    "version": {
        "model": "0.11.8",
        "gluonts": "0.11.8"
    },
    "parameters": {
        "batch_size": 32,
        "ctx": {
            "__kind__": "instance",
            "args": [
                "cpu",
                0
            ],
            "class": "mxnet.context.Context"
        },
        "dtype": {
            "__kind__": "type",
            "class": "numpy.float32"
        },
        "forecast_generator": {
            "__kind__": "instance",
            "args": [],
            "class": "gluonts.model.forecast_generator.SampleForecastGenerator",
            "kwargs": {}
        },
        "input_names": [
            "past_target",
            "time_remaining"
        ],
        "lead_time": 0,
        "prediction_length": 48
    },
    "execution_platform": {
        "System": "Linux",
        "Node Name": "lamarrws03",
        "Release": "5.19.0-35-generic",
        "Version": "#36~22.04.1-Ubuntu SMP PREEMPT_DYNAMIC Fri Feb 17 15:17:25 UTC 2",
        "Machine": "x86_64",
        "Processor": "Intel(R) Core(TM) i7-6700 CPU @ 3.40GHz",
        "Physical cores": 4,
        "Total cores": 8,
        "Max Frequency": 4000.0,
        "Min Frequency": 800.0,
        "Current Frequency": 1900.15625,
        "Total": 33542766592,
        "Available": 32000110592,
        "Used": 1070034944
    },