{
    "directory_name": "infer_2023_08_26_20_22_15",
    "validation_results": {
        "metrics": {
            "aggregated": {
                "MSE": 627994.5148809524,
                "abs_error": 346724.78125,
                "abs_target_sum": 2604719.15625,
                "abs_target_mean": 3876.070172991071,
                "seasonal_error": 279.53383024031393,
                "MASE": 1.6442453654881488,
                "MAPE": 0.14318170433952696,
                "sMAPE": 0.13883239314669654,
                "MSIS": 53.92876117828412,
                "QuantileLoss[0.1]": 366036.2788208008,
                "Coverage[0.1]": 0.6949404761904762,
                "QuantileLoss[0.5]": 346724.7712402344,
                "Coverage[0.5]": 0.7529761904761905,
                "QuantileLoss[0.9]": 284497.46187744144,
                "Coverage[0.9]": 0.7827380952380952,
                "RMSE": 792.4610494408873,
                "NRMSE": 0.2044496136738835,
                "ND": 0.13311407505029363,
                "wQuantileLoss[0.1]": 0.14052811718395825,
                "wQuantileLoss[0.5]": 0.13311407120735894,
                "wQuantileLoss[0.9]": 0.10922385286520904,
                "mean_absolute_QuantileLoss": 332419.50397949223,
                "mean_wQuantileLoss": 0.12762201375217538,
                "MAE_Coverage": 0.3217261904761905,
                "OWA": NaN
            },
            "contained_nan": false
        },
        "start": 1693074135.259761,
        "end": 1693074136.773728,
        "num_samples": 100,
        "model": {
            "params": 12466,
            "fsize": 54295
        }
    },
    "emissions": {
        "timestamp": {
            "0": "2023-08-26T20:22:16"
        },
        "project_name": {
            "0": "codecarbon"
        },
        "run_id": {
            "0": "9a3df697-308d-471a-8749-8ff005677ac6"
        },
        "duration": {
            "0": 0.1376774311065673
        },
        "emissions": {
            "0": 3.484283278104291e-07
        },
        "emissions_rate": {
            "0": 0.0025307584911337
        },
        "cpu_power": {
            "0": 18.62477769964003
        },
        "gpu_power": {
            "0": 0.0
        },
        "ram_power": {
            "0": 11.708820819854736
        },
        "cpu_energy": {
            "0": 7.114311246989025e-07
        },
        "gpu_energy": {
            "0": 0
        },
        "ram_energy": {
            "0": 4.46138070684583e-07
        },
        "energy_consumed": {
            "0": 1.1575691953834854e-06
        },
        "country_name": {
            "0": "Germany"
        },
        "country_iso_code": {
            "0": "DEU"
        },
        "region": {
            "0": NaN
        },
        "cloud_provider": {
            "0": NaN
        },
        "cloud_region": {
            "0": NaN
        },
        "os": {
            "0": "Linux-6.2.0-26-generic-x86_64-with-debian-bookworm-sid"
        },
        "python_version": {
            "0": "3.7.7"
        },
        "cpu_count": {
            "0": 8
        },
        "cpu_model": {
            "0": "Intel(R) Core(TM) i7-6700 CPU @ 3.40GHz"
        },
        "gpu_count": {
            "0": NaN
        },
        "gpu_model": {
            "0": NaN
        },
        "longitude": {
            "0": NaN
        },
        "latitude": {
            "0": NaN
        },
        "ram_total_size": {
            "0": 31.223522186279297
        },
        "tracking_mode": {
            "0": "machine"
        },
        "on_cloud": {
            "0": "N"
        }
    },
    "parameters": {
        "batch_size": 32,
        "ctx": {
            "__kind__": "instance",
            "args": [
                "cpu",
                0
            ],
            "class": "mxnet.context.Context"
        },
        "dtype": {
            "__kind__": "type",
            "class": "numpy.float32"
        },
        "forecast_generator": {
            "__kind__": "instance",
            "args": [],
            "class": "gluonts.model.forecast_generator.SampleForecastGenerator",
            "kwargs": {}
        },
        "input_names": [
            "feat_static_cat",
            "past_time_feat",
            "future_time_feat",
            "past_target"
        ],
        "lead_time": 0,
        "prediction_length": 336
    },
    "prediction_net-network": {
        "__kind__": "instance",
        "args": [],
        "class": "gluonts.mx.model.deep_factor._network.DeepFactorPredictionNetwork",
        "kwargs": {
            "embedder": {
                "__kind__": "instance",
                "args": [],
                "class": "gluonts.mx.block.feature.FeatureEmbedder",
                "kwargs": {
                    "cardinalities": [
                        1
                    ],
                    "dtype": {
                        "__kind__": "type",
                        "class": "numpy.float32"
                    },
                    "embedding_dims": [
                        10
                    ]
                }
            },
            "global_model": {
                "__kind__": "instance",
                "args": [],
                "class": "gluonts.mx.model.deep_factor.RNNModel.RNNModel",
                "kwargs": {
                    "bidirectional": false,
                    "mode": "lstm",
                    "num_hidden": 50,
                    "num_layers": 1,
                    "num_output": 10
                }
            },
            "local_model": {
                "__kind__": "instance",
                "args": [],
                "class": "gluonts.mx.model.deep_factor.RNNModel.RNNModel",
                "kwargs": {
                    "bidirectional": false,
                    "mode": "lstm",
                    "num_hidden": 5,
                    "num_layers": 1,
                    "num_output": 1
                }
            },
            "num_parallel_samples": 100,
            "prediction_len": 336
        }
    },
    "execution_platform": {
        "System": "Linux",
        "Node Name": "lamarrws03",
        "Release": "6.2.0-26-generic",
        "Version": "#26~22.04.1-Ubuntu SMP PREEMPT_DYNAMIC Thu Jul 13 16:27:29 UTC 2",
        "Machine": "x86_64",
        "Processor": "Intel(R) Core(TM) i7-6700 CPU @ 3.40GHz",
        "Physical cores": 4,
        "Total cores": 8,
        "Max Frequency": 4000.0,
        "Min Frequency": 800.0,
        "Current Frequency": 1600.33675,
        "Total": 33526001664,
        "Available": 32163414016,
        "Used": 926584832
    },
    "config": {
        "dataset": "australian_electricity_demand_dataset",
        "model": "deepfactor",
        "output_dir": "mnt_data/results_new03/",
        "ds_seed": 124,
        "epochs": 100,
        "datadir": "mnt_data/data",
        "cpu_monitor_interval": 0.5,
        "seed": 42,
        "timestamp": "2023_08_26_20_22_15",
        "lag": 420,
        "external_forecast_horizon": 336,
        "train_logdir": "mnt_data/results_new03/train_2023_08_26_17_35_07"
    },