{
    "directory_name": "infer_2023_07_21_09_05_50",
    "prediction_net-network": {
        "__kind__": "instance",
        "args": [],
        "class": "gluonts.mx.model.gp_forecaster._network.GaussianProcessPredictionNetwork",
        "kwargs": {
            "cardinality": 55,
            "context_length": 65,
            "float_type": {
                "__kind__": "type",
                "class": "numpy.float64"
            },
            "jitter_method": "iter",
            "kernel_output": {
                "__kind__": "instance",
                "args": [],
                "class": "gluonts.mx.kernels._rbf_kernel.RBFKernelOutput",
                "kwargs": {}
            },
            "max_iter_jitter": 10,
            "num_parallel_samples": 100,
            "params_scaling": true,
            "prediction_length": 8,
            "sample_noise": true
        }
    },
    "validation_results": {
        "metrics": {
            "aggregated": {
                "MSE": 1492.4350624156846,
                "abs_error": 12089.107650594964,
                "abs_target_sum": 58601.8645324707,
                "abs_target_mean": 133.18605575561523,
                "seasonal_error": 16.466063130893374,
                "MASE": 1.7188634173609862,
                "MAPE": 0.20942141761856176,
                "sMAPE": 0.24065850146647474,
                "MSIS": 13.365168016308665,
                "QuantileLoss[0.1]": 6060.279459290608,
                "Coverage[0.1]": 0.020454545454545454,
                "QuantileLoss[0.5]": 12089.107650594964,
                "Coverage[0.5]": 0.31363636363636366,
                "QuantileLoss[0.9]": 6325.492899450834,
                "Coverage[0.9]": 0.85,
                "RMSE": 38.632047090669225,
                "NRMSE": 0.29006074901381307,
                "ND": 0.20629220157144507,
                "wQuantileLoss[0.1]": 0.10341444777636159,
                "wQuantileLoss[0.5]": 0.20629220157144507,
                "wQuantileLoss[0.9]": 0.10794013040226633,
                "mean_absolute_QuantileLoss": 8158.293336445469,
                "mean_wQuantileLoss": 0.13921559325002433,
                "MAE_Coverage": 0.1053030303030303,
                "OWA": NaN
            },
            "contained_nan": false
        },
        "start": 1689923150.2267106,
        "end": 1689923153.8998513,
        "num_samples": 100,
        "model": {
            "params": 173,
            "fsize": 4793
        }
    },
    "parameters": {
        "batch_size": 32,
        "ctx": {
            "__kind__": "instance",
            "args": [
                "cpu",
                0
            ],
            "class": "mxnet.context.Context"
        },
        "dtype": {
            "__kind__": "type",
            "class": "numpy.float64"
        },
        "forecast_generator": {
            "__kind__": "instance",
            "args": [],
            "class": "gluonts.model.forecast_generator.SampleForecastGenerator",
            "kwargs": {}
        },
        "input_names": [
            "past_target",
            "past_time_feat",
            "future_time_feat",
            "feat_static_cat"
        ],
        "lead_time": 0,
        "prediction_length": 8
    },
    "config": {
        "dataset": "nn5_weekly_dataset",
        "model": "gpforecaster",
        "output_dir": "mnt_data/results_new03",
        "ds_seed": 42,
        "epochs": 100,
        "datadir": "mnt_data/data",
        "cpu_monitor_interval": 0.5,
        "seed": 42,
        "timestamp": "2023_07_21_09_05_50",
        "lag": 65,
        "external_forecast_horizon": 8,
        "train_logdir": "mnt_data/results_new03/train_2023_07_21_09_04_53"
    },
    "version": {
        "model": "0.11.8",
        "gluonts": "0.11.8"
    },
    "execution_platform": {
        "System": "Linux",
        "Node Name": "lamarrws03",
        "Release": "5.19.0-35-generic",
        "Version": "#36~22.04.1-Ubuntu SMP PREEMPT_DYNAMIC Fri Feb 17 15:17:25 UTC 2",
        "Machine": "x86_64",
        "Processor": "Intel(R) Core(TM) i7-6700 CPU @ 3.40GHz",
        "Physical cores": 4,
        "Total cores": 8,
        "Max Frequency": 4000.0,
        "Min Frequency": 800.0,
        "Current Frequency": 1807.95125,
        "Total": 33542766592,
        "Available": 31984787456,
        "Used": 1049563136
    },
    "type": [
        "gluonts.mx.model.predictor.RepresentableBlockPredictor"
    ],
    "requirements": [
        "# 3.7.7 (default, Mar 23 2020, 22:36:06)",
        "# [GCC 7.3.0]",
        "wrapt==1.11.2",
        "typed-ast==1.4.0",
        "six==1.12.0",
        "setuptools==41.6.0",
        "pytz==2019.3",
        "python-dateutil==2.8.0",
        "pyparsing==2.4.2",
        "pylint==2.4.3",
        "mccabe==0.6.1",
        "matplotlib==3.1.1",
        "lazy-object-proxy==1.4.3",
        "kiwisolver==1.1.0",
        "isort==4.3.21",
        "cycler==0.10.0",
        "astroid==2.3.2",
        "zipp==3.14.0",
        "zict==2.2.0",
        "xgboost==1.6.2",
        "wheel==0.37.1",
        "werkzeug==2.2.3",
        "urllib3==1.26.14",
        "typing-extensions==4.4.0",
        "tqdm==4.64.1",
        "tornado==6.2",
        "toolz==0.12.0",
        "threadpoolctl==3.1.0",
        "tenacity==8.2.2",
        "tblib==1.7.0",
        "sortedcontainers==2.4.0",
        "smac==1.2",
        "scipy==1.7.3",
        "scikit-learn==0.24.2",
        "rpy2==2.9.4",
        "requests==2.28.2",
        "reportlab==3.6.12",
        "qrcode==7.4.2",
        "pyyaml==6.0",
        "pyrfr==0.8.3",
        "pypng==0.20220715.0",
        "pynvml==11.4.1",
        "pynisher==0.6.4",
        "pymupdf==1.21.1",
        "pydantic==1.10.4",
        "pyarrow==8.0.0",
        "py-rapl==0.1",
        "py-cpuinfo==9.0.0",
        "psutil==5.9.4",
        "plotly==5.13.1",
        "pip==22.3.1",
        "pint==0.18",
        "pillow==9.4.0",
        "partd==1.4.0",
        "pandas==1.3.5",
        "packaging==23.0",
        "orjson==3.8.5",
        "numpy==1.21.6",
        "mxnet==1.9.1",
        "msgpack==1.0.5",
        "markupsafe==2.1.1",
        "locket==1.0.0",
        "liac-arff==2.5.0",
        "joblib==1.2.0",
        "jinja2==3.1.2",
        "itsdangerous==2.1.2",
        "importlib-metadata==6.0.0",
        "idna==3.4",
        "heapdict==1.0.1",
        "graphviz==0.8.4",
        "gluonts==0.11.8",
        "fuzzywuzzy==0.18.0",
        "fsspec==2023.1.0",
        "flask==2.2.3",
        "emcee==3.1.4",
        "distro==1.8.0",
        "distributed==2022.2.0",
        "dask==2022.2.0",
        "dash==2.8.1",
        "dash-table==5.0.0",
        "dash-html-components==2.0.0",
        "dash-core-components==2.0.0",
        "dash-bootstrap-components==1.4.0",
        "cython==0.29.35",
        "configspace==0.4.21",
        "codecarbon==2.1.4",
        "cloudpickle==2.2.1",
        "click==8.1.3",
        "charset-normalizer==3.0.1",
        "certifi==2022.12.7",
        "auto-sklearn==0.15.0",
        "arrow==1.2.3"
    ],
    "emissions": {
        "timestamp": {
            "0": "2023-07-21T09:05:53"
        },
        "project_name": {
            "0": "codecarbon"
        },
        "run_id": {
            "0": "c6c371c1-1f4a-4971-bbe4-3e5a2217c4ac"
        },
        "duration": {
            "0": 0.0913703441619873
        },
        "emissions": {
            "0": 1.9648305056226558e-07
        },
        "emissions_rate": {
            "0": 0.0021504028726643
        },
        "cpu_power": {
            "0": 14.148094492260908
        },
        "gpu_power": {
            "0": 0.0
        },
        "ram_power": {
            "0": 11.714675903320314
        },
        "cpu_energy": {
            "0": 3.580552864479447e-07
        },
        "gpu_energy": {
            "0": 0
        },
        "ram_energy": {
            "0": 2.94712323393469e-07
        },
        "energy_consumed": {
            "0": 6.527676098414138e-07
        },