{
    "directory_name": "infer_2023_07_21_01_48_34",
    "validation_results": {
        "metrics": {
            "aggregated": {
                "MSE": 5048141127.975145,
                "abs_error": 10911060.285104252,
                "abs_target_sum": 18606752.40182495,
                "abs_target_mean": 23028.15891314969,
                "seasonal_error": 2848.71288440228,
                "MASE": 5.241658466395942,
                "MAPE": 0.30119460625757605,
                "sMAPE": 0.3927800931455215,
                "MSIS": 76.8742820782194,
                "QuantileLoss[0.1]": 2803926.5470606,
                "Coverage[0.1]": 0.039603960396039604,
                "QuantileLoss[0.5]": 10911060.285104252,
                "Coverage[0.5]": 0.12004950495049505,
                "QuantileLoss[0.9]": 14939259.627995303,
                "Coverage[0.9]": 0.2747524752475248,
                "RMSE": 71050.27183603977,
                "NRMSE": 3.0853648398035056,
                "ND": 0.58640326100293,
                "wQuantileLoss[0.1]": 0.15069403227967879,
                "wQuantileLoss[0.5]": 0.58640326100293,
                "wQuantileLoss[0.9]": 0.8028945248140165,
                "mean_absolute_QuantileLoss": 9551415.486720052,
                "mean_wQuantileLoss": 0.5133306060322084,
                "MAE_Coverage": 0.3551980198019802,
                "OWA": NaN
            },
            "contained_nan": false
        },
        "start": 1689896914.7064447,
        "end": 1689896918.6173816,
        "num_samples": 100,
        "model": {
            "params": 311,
            "fsize": 5823
        }
    },
    "input_transform": {
        "__kind__": "instance",
        "args": [],
        "class": "gluonts.transform._base.Chain",
        "kwargs": {
            "trans": [
                {
                    "__kind__": "instance",
                    "args": [],
                    "class": "gluonts.transform._base.Chain",
                    "kwargs": {
                        "trans": [
                            {
                                "__kind__": "instance",
                                "args": [],
                                "class": "gluonts.transform._base.Chain",
                                "kwargs": {
                                    "trans": [
                                        {
                                            "__kind__": "instance",
                                            "args": [],
                                            "class": "gluonts.transform._base.Chain",
                                            "kwargs": {
                                                "trans": [
                                                    {
                                                        "__kind__": "instance",
                                                        "args": [],
                                                        "class": "gluonts.transform.convert.AsNumpyArray",
                                                        "kwargs": {
                                                            "dtype": {
                                                                "__kind__": "type",
                                                                "class": "numpy.float32"
                                                            },
                                                            "expected_ndim": 1,
                                                            "field": "target"
                                                        }
                                                    },
                                                    {
                                                        "__kind__": "instance",
                                                        "args": [],
                                                        "class": "gluonts.transform.feature.AddTimeFeatures",
                                                        "kwargs": {
                                                            "dtype": {
                                                                "__kind__": "type",
                                                                "class": "numpy.float32"
                                                            },
                                                            "output_field": "time_feat",
                                                            "pred_length": 8,
                                                            "start_field": "start",
                                                            "target_field": "target",
                                                            "time_features": [
                                                                {
                                                                    "__kind__": "type",
                                                                    "class": "gluonts.time_feature._base.month_of_year"
                                                                }
                                                            ]
                                                        }
                                                    }
                                                ]
                                            }
                                        },
                                        {
                                            "__kind__": "instance",
                                            "args": [],
                                            "class": "gluonts.transform.field.SetFieldIfNotPresent",
                                            "kwargs": {
                                                "field": "feat_static_cat",
                                                "value": [
                                                    0.0
                                                ]
                                            }
                                        }
                                    ]
                                }
                            },
                            {
                                "__kind__": "instance",
                                "args": [],
                                "class": "gluonts.transform.convert.AsNumpyArray",
                                "kwargs": {
                                    "dtype": {
                                        "__kind__": "type",
                                        "class": "numpy.float32"
                                    },
                                    "expected_ndim": 1,
                                    "field": "feat_static_cat"
                                }
                            }
                        ]
                    }
                },
                {
                    "__kind__": "instance",
                    "args": [],
                    "class": "gluonts.transform.split.CanonicalInstanceSplitter",
                    "kwargs": {
                        "allow_target_padding": false,
                        "forecast_start_field": "forecast_start",
                        "instance_length": 5,
                        "instance_sampler": {
                            "__kind__": "instance",
                            "class": "gluonts.transform.sampler.PredictionSplitSampler",
                            "kwargs": {
                                "allow_empty_interval": false,
                                "axis": -1,
                                "min_future": 0,
                                "min_past": 0
                            }
                        },
                        "is_pad_field": "is_pad",
                        "output_NTC": true,
                        "pad_value": 0.0,
                        "prediction_length": 8,
                        "start_field": "start",