{
    "directory_name": "infer_2023_08_18_08_04_23",
    "validation_results": {
        "metrics": {
            "aggregated": {
                "MSE": 5637922.30182207,
                "abs_error": 4209082.370300293,
                "abs_target_sum": 88334126.30023193,
                "abs_target_mean": 8890.310617978254,
                "seasonal_error": 407.0813379883721,
                "MASE": 6.477253648553676,
                "MAPE": 0.24749194268563135,
                "sMAPE": 0.21290122414076768,
                "MSIS": 121.1451090751592,
                "QuantileLoss[0.1]": 2014676.921870804,
                "Coverage[0.1]": 0.16254025764895327,
                "QuantileLoss[0.5]": 4209082.413363934,
                "Coverage[0.5]": 0.4659822866344606,
                "QuantileLoss[0.9]": 2095486.7238965984,
                "Coverage[0.9]": 0.8956320450885669,
                "RMSE": 2374.430942735979,
                "NRMSE": 0.26708076295268396,
                "ND": 0.04764956134840088,
                "wQuantileLoss[0.1]": 0.022807458524277204,
                "wQuantileLoss[0.5]": 0.04764956183590941,
                "wQuantileLoss[0.9]": 0.023722278259417126,
                "mean_absolute_QuantileLoss": 2773082.0197104453,
                "mean_wQuantileLoss": 0.031393099539867915,
                "MAE_Coverage": 0.033641975308641936,
                "OWA": NaN
            },
            "contained_nan": false
        },
        "start": 1692338663.574381,
        "end": 1692338667.5986662,
        "num_samples": 100,
        "model": {
            "params": 330072,
            "fsize": 1325735
        }
    },
    "prediction_net-network": {
        "__kind__": "instance",
        "args": [],
        "class": "gluonts.mx.model.seq2seq._forking_network.ForkingSeq2SeqPredictionNetwork",
        "kwargs": {
            "cardinality": [
                1
            ],
            "context_length": 210,
            "decoder": {
                "__kind__": "instance",
                "args": [],
                "class": "gluonts.mx.block.decoder.ForkingMLPDecoder",
                "kwargs": {
                    "dec_len": 48,
                    "final_dim": 30,
                    "hidden_dimension_sequence": [],
                    "prefix": "decoder_"
                }
            },
            "distr_output": null,
            "dtype": {
                "__kind__": "type",
                "class": "numpy.float32"
            },
            "embedding_dimension": [
                1
            ],
            "enc2dec": {
                "__kind__": "instance",
                "args": [],
                "class": "gluonts.mx.block.enc2dec.FutureFeatIntegratorEnc2Dec",
                "kwargs": {}
            },
            "encoder": {
                "__kind__": "instance",
                "args": [],
                "class": "gluonts.mx.block.encoder.HierarchicalCausalConv1DEncoder",
                "kwargs": {
                    "channels_seq": [
                        30,
                        30,
                        30
                    ],
                    "dilation_seq": [
                        1,
                        3,
                        9
                    ],
                    "kernel_size_seq": [
                        7,
                        3,
                        3
                    ],
                    "prefix": "encoder_",
                    "use_dynamic_feat": true,
                    "use_residual": true,
                    "use_static_feat": true
                }
            },
            "num_forking": 210,
            "quantile_output": {
                "__kind__": "instance",
                "args": [],
                "class": "gluonts.mx.block.quantile_output.IncrementalQuantileOutput",
                "kwargs": {
                    "quantile_weights": null,
                    "quantiles": [
                        0.025,
                        0.1,
                        0.2,
                        0.3,
                        0.4,
                        0.5,
                        0.6,
                        0.7,
                        0.8,
                        0.9,
                        0.975
                    ]
                }
            },
            "scaling": false,
            "scaling_decoder_dynamic_feature": false
        }
    },
    "emissions": {
        "timestamp": {
            "0": "2023-08-18T08:04:27"
        },
        "project_name": {
            "0": "codecarbon"
        },
        "run_id": {
            "0": "9cd9ec9b-10f8-4578-873e-cd01a5869475"
        },
        "duration": {
            "0": 0.8343243598937988
        },
        "emissions": {
            "0": 2.3290885593380127e-06
        },
        "emissions_rate": {
            "0": 0.0027915864276508
        },
        "cpu_power": {
            "0": 24.235694332516317
        },
        "gpu_power": {
            "0": 0.0
        },
        "ram_power": {
            "0": 11.714675903320314
        },
        "cpu_energy": {
            "0": 5.026439854477482e-06
        },
        "gpu_energy": {
            "0": 0
        },
        "ram_energy": {
            "0": 2.7113958908315302e-06
        },
        "energy_consumed": {
            "0": 7.737835745309013e-06
        },
        "country_name": {
            "0": "Germany"
        },
        "country_iso_code": {
            "0": "DEU"
        },
        "region": {
            "0": NaN
        },
        "cloud_provider": {
            "0": NaN
        },
        "cloud_region": {
            "0": NaN
        },
        "os": {
            "0": "Linux-5.19.0-35-generic-x86_64-with-debian-bookworm-sid"
        },
        "python_version": {
            "0": "3.7.7"
        },
        "cpu_count": {
            "0": 8
        },
        "cpu_model": {
            "0": "Intel(R) Core(TM) i7-6700 CPU @ 3.40GHz"
        },
        "gpu_count": {
            "0": NaN
        },
        "gpu_model": {
            "0": NaN
        },
        "longitude": {
            "0": NaN
        },
        "latitude": {
            "0": NaN
        },
        "ram_total_size": {
            "0": 31.2391357421875
        },
        "tracking_mode": {
            "0": "machine"
        },
        "on_cloud": {
            "0": "N"
        }
    },
    "input_transform": {
        "__kind__": "instance",
        "args": [],
        "class": "gluonts.transform._base.Chain",
        "kwargs": {
            "trans": [
                {
                    "__kind__": "instance",
                    "args": [],
                    "class": "gluonts.transform._base.Chain",
                    "kwargs": {
                        "trans": [
                            {
                                "__kind__": "instance",
                                "args": [],
                                "class": "gluonts.transform.field.RemoveFields",
                                "kwargs": {
                                    "field_names": [
                                        "feat_dynamic_cat",
                                        "feat_static_real",
                                        "past_feat_dynamic_real",
                                        "feat_dynamic_real",
                                        "feat_static_cat"
                                    ]
                                }
                            },
                            {
                                "__kind__": "instance",
                                "args": [],
                                "class": "gluonts.transform.feature.AddObservedValuesIndicator",
                                "kwargs": {
                                    "dtype": {
                                        "__kind__": "type",
                                        "class": "numpy.float32"
                                    },