{
    "directory_name": "infer_2023_07_22_02_15_38",
    "type": [
        "gluonts.mx.model.predictor.RepresentableBlockPredictor"
    ],
    "config": {
        "dataset": "m3_quarterly_dataset",
        "model": "deepfactor",
        "output_dir": "mnt_data/results_new03",
        "ds_seed": 124,
        "epochs": 100,
        "datadir": "mnt_data/data",
        "cpu_monitor_interval": 0.5,
        "seed": 42,
        "timestamp": "2023_07_22_02_15_38",
        "lag": 5,
        "train_logdir": "mnt_data/results_new03/train_2023_07_22_02_13_07"
    },
    "validation_results": {
        "metrics": {
            "aggregated": {
                "MSE": 2786821.718210695,
                "abs_error": 3864501.0004882812,
                "abs_target_sum": 16067140.26171875,
                "abs_target_mean": 5313.207758504877,
                "seasonal_error": 434.5939795462868,
                "MASE": 4.325372258590193,
                "MAPE": 0.30168702810628234,
                "sMAPE": 0.2522412639027511,
                "MSIS": 169.25631566983424,
                "QuantileLoss[0.1]": 2968972.402978516,
                "Coverage[0.1]": 0.3998015873015873,
                "QuantileLoss[0.5]": 3864501.0017089844,
                "Coverage[0.5]": 0.4074074074074074,
                "QuantileLoss[0.9]": 4683038.58725586,
                "Coverage[0.9]": 0.4117063492063492,
                "RMSE": 1669.3776439771484,
                "NRMSE": 0.3141939332797532,
                "ND": 0.24052201807783832,
                "wQuantileLoss[0.1]": 0.18478536656907957,
                "wQuantileLoss[0.5]": 0.24052201815381347,
                "wQuantileLoss[0.9]": 0.29146683921180266,
                "mean_absolute_QuantileLoss": 3838837.3306477866,
                "mean_wQuantileLoss": 0.23892474131156524,
                "MAE_Coverage": 0.29356261022927693,
                "OWA": NaN
            },
            "contained_nan": false
        },
        "start": 1689984939.0215118,
        "end": 1689984943.2250624,
        "num_samples": 100,
        "model": {
            "params": 11586,
            "fsize": 50471
        }
    },
    "parameters": {
        "batch_size": 32,
        "ctx": {
            "__kind__": "instance",
            "args": [
                "cpu",
                0
            ],
            "class": "mxnet.context.Context"
        },
        "dtype": {
            "__kind__": "type",
            "class": "numpy.float32"
        },
        "forecast_generator": {
            "__kind__": "instance",
            "args": [],
            "class": "gluonts.model.forecast_generator.SampleForecastGenerator",
            "kwargs": {}
        },
        "input_names": [
            "feat_static_cat",
            "past_time_feat",
            "future_time_feat",
            "past_target"
        ],
        "lead_time": 0,
        "prediction_length": 8
    },
    "version": {
        "model": "0.11.8",
        "gluonts": "0.11.8"
    },
    "prediction_net-network": {
        "__kind__": "instance",
        "args": [],
        "class": "gluonts.mx.model.deep_factor._network.DeepFactorPredictionNetwork",
        "kwargs": {
            "embedder": {
                "__kind__": "instance",
                "args": [],
                "class": "gluonts.mx.block.feature.FeatureEmbedder",
                "kwargs": {
                    "cardinalities": [
                        1
                    ],
                    "dtype": {
                        "__kind__": "type",
                        "class": "numpy.float32"
                    },
                    "embedding_dims": [
                        10
                    ]
                }
            },
            "global_model": {
                "__kind__": "instance",
                "args": [],
                "class": "gluonts.mx.model.deep_factor.RNNModel.RNNModel",
                "kwargs": {
                    "bidirectional": false,
                    "mode": "lstm",
                    "num_hidden": 50,
                    "num_layers": 1,
                    "num_output": 10
                }
            },
            "local_model": {
                "__kind__": "instance",
                "args": [],
                "class": "gluonts.mx.model.deep_factor.RNNModel.RNNModel",
                "kwargs": {
                    "bidirectional": false,
                    "mode": "lstm",
                    "num_hidden": 5,
                    "num_layers": 1,
                    "num_output": 1
                }
            },
            "num_parallel_samples": 100,
            "prediction_len": 8
        }
    },
    "requirements": [
        "# 3.7.7 (default, Mar 23 2020, 22:36:06)",
        "# [GCC 7.3.0]",
        "wrapt==1.11.2",
        "typed-ast==1.4.0",
        "six==1.12.0",
        "setuptools==41.6.0",
        "pytz==2019.3",
        "python-dateutil==2.8.0",
        "pyparsing==2.4.2",
        "pylint==2.4.3",
        "mccabe==0.6.1",
        "matplotlib==3.1.1",
        "lazy-object-proxy==1.4.3",
        "kiwisolver==1.1.0",
        "isort==4.3.21",
        "cycler==0.10.0",
        "astroid==2.3.2",
        "zipp==3.14.0",
        "zict==2.2.0",
        "xgboost==1.6.2",
        "wheel==0.37.1",
        "werkzeug==2.2.3",
        "urllib3==1.26.14",
        "typing-extensions==4.4.0",
        "tqdm==4.64.1",
        "tornado==6.2",
        "toolz==0.12.0",
        "threadpoolctl==3.1.0",
        "tenacity==8.2.2",
        "tblib==1.7.0",
        "sortedcontainers==2.4.0",
        "smac==1.2",
        "scipy==1.7.3",
        "scikit-learn==0.24.2",
        "rpy2==2.9.4",
        "requests==2.28.2",
        "reportlab==3.6.12",
        "qrcode==7.4.2",
        "pyyaml==6.0",
        "pyrfr==0.8.3",
        "pypng==0.20220715.0",
        "pynvml==11.4.1",
        "pynisher==0.6.4",
        "pymupdf==1.21.1",
        "pydantic==1.10.4",
        "pyarrow==8.0.0",
        "py-rapl==0.1",
        "py-cpuinfo==9.0.0",
        "psutil==5.9.4",
        "plotly==5.13.1",
        "pip==22.3.1",
        "pint==0.18",
        "pillow==9.4.0",
        "partd==1.4.0",
        "pandas==1.3.5",
        "packaging==23.0",
        "orjson==3.8.5",
        "numpy==1.21.6",
        "mxnet==1.9.1",
        "msgpack==1.0.5",
        "markupsafe==2.1.1",
        "locket==1.0.0",
        "liac-arff==2.5.0",
        "joblib==1.2.0",
        "jinja2==3.1.2",
        "itsdangerous==2.1.2",
        "importlib-metadata==6.0.0",
        "idna==3.4",
        "heapdict==1.0.1",
        "graphviz==0.8.4",
        "gluonts==0.11.8",
        "fuzzywuzzy==0.18.0",
        "fsspec==2023.1.0",
        "flask==2.2.3",
        "emcee==3.1.4",
        "distro==1.8.0",
        "distributed==2022.2.0",
        "dask==2022.2.0",
        "dash==2.8.1",
        "dash-table==5.0.0",
        "dash-html-components==2.0.0",
        "dash-core-components==2.0.0",
        "dash-bootstrap-components==1.4.0",
        "cython==0.29.35",
        "configspace==0.4.21",
        "codecarbon==2.1.4",
        "cloudpickle==2.2.1",
        "click==8.1.3",
        "charset-normalizer==3.0.1",
        "certifi==2022.12.7",
        "auto-sklearn==0.15.0",
        "arrow==1.2.3"
    ],
    "emissions": {
        "timestamp": {
            "0": "2023-07-22T02:15:43"
        },
        "project_name": {
            "0": "codecarbon"
        },
        "run_id": {
            "0": "ad369573-485c-45f4-8c7e-eaa7155dad5f"
        },
        "duration": {
            "0": 0.2652039527893066
        },
        "emissions": {
            "0": 6.060748321087395e-07
        },
        "emissions_rate": {
            "0": 0.002285315983168
        },
        "cpu_power": {
            "0": 15.660854466612838
        },
        "gpu_power": {
            "0": 0.0
        },
        "ram_power": {
            "0": 11.714675903320314
        },
        "cpu_energy": {
            "0": 1.1527656444340615e-06
        },