{
    "directory_name": "infer_2023_07_26_21_13_06",
    "validation_results": {
        "metrics": {
            "aggregated": {
                "MSE": 633475.6944864945,
                "abs_error": 951972.2055664062,
                "abs_target_sum": 9873591.172851562,
                "abs_target_mean": 4266.893333125135,
                "seasonal_error": 233.3398334983971,
                "MASE": 3.326040222059094,
                "MAPE": 0.10470087718067235,
                "sMAPE": 0.10699764432429033,
                "MSIS": 74.57726020491229,
                "QuantileLoss[0.1]": 457513.53446044924,
                "Coverage[0.1]": 0.108038029386344,
                "QuantileLoss[0.5]": 951972.1990966797,
                "Coverage[0.5]": 0.4140017286084702,
                "QuantileLoss[0.9]": 700680.0009277343,
                "Coverage[0.9]": 0.7843560933448572,
                "RMSE": 795.9118635166174,
                "NRMSE": 0.1865319335118415,
                "ND": 0.0964160039544629,
                "wQuantileLoss[0.1]": 0.046337095232221986,
                "wQuantileLoss[0.5]": 0.09641600329920723,
                "wQuantileLoss[0.9]": 0.07096506110707974,
                "mean_absolute_QuantileLoss": 703388.578161621,
                "mean_wQuantileLoss": 0.07123938654616964,
                "MAE_Coverage": 0.06989340247767221,
                "OWA": NaN
            },
            "contained_nan": false
        },
        "start": 1690398786.2726557,
        "end": 1690398790.1218743,
        "num_samples": 100,
        "model": {
            "params": 29712,
            "fsize": 124146
        }
    },
    "parameters": {
        "batch_size": 32,
        "ctx": {
            "__kind__": "instance",
            "args": [
                "cpu",
                0
            ],
            "class": "mxnet.context.Context"
        },
        "dtype": {
            "__kind__": "type",
            "class": "numpy.float32"
        },
        "forecast_generator": {
            "__kind__": "instance",
            "args": [],
            "class": "gluonts.model.forecast_generator.QuantileForecastGenerator",
            "kwargs": {
                "quantiles": [
                    "0.025",
                    "0.1",
                    "0.2",
                    "0.3",
                    "0.4",
                    "0.5",
                    "0.6",
                    "0.7",
                    "0.8",
                    "0.9",
                    "0.975"
                ]
            }
        },
        "input_names": [
            "past_target",
            "past_feat_dynamic",
            "future_feat_dynamic",
            "feat_static_cat",
            "past_observed_values"
        ],
        "lead_time": 0,
        "prediction_length": 13
    },
    "execution_platform": {
        "System": "Linux",
        "Node Name": "lamarrws03",
        "Release": "5.19.0-35-generic",
        "Version": "#36~22.04.1-Ubuntu SMP PREEMPT_DYNAMIC Fri Feb 17 15:17:25 UTC 2",
        "Machine": "x86_64",
        "Processor": "Intel(R) Core(TM) i7-6700 CPU @ 3.40GHz",
        "Physical cores": 4,
        "Total cores": 8,
        "Max Frequency": 4000.0,
        "Min Frequency": 800.0,
        "Current Frequency": 1900.527125,
        "Total": 33542766592,
        "Available": 31983603712,
        "Used": 1051684864
    },
    "config": {
        "dataset": "m4_weekly_dataset",
        "model": "mqcnn",
        "output_dir": "mnt_data/results_new03",
        "ds_seed": 42,
        "epochs": 100,
        "datadir": "mnt_data/data",
        "cpu_monitor_interval": 0.5,
        "seed": 42,
        "timestamp": "2023_07_26_21_13_06",
        "lag": 65,
        "train_logdir": "mnt_data/results_new03/train_2023_07_26_21_11_09"
    },
    "prediction_net-network": {
        "__kind__": "instance",
        "args": [],
        "class": "gluonts.mx.model.seq2seq._forking_network.ForkingSeq2SeqPredictionNetwork",
        "kwargs": {
            "cardinality": [
                1
            ],
            "context_length": 65,
            "decoder": {
                "__kind__": "instance",
                "args": [],
                "class": "gluonts.mx.block.decoder.ForkingMLPDecoder",
                "kwargs": {
                    "dec_len": 13,
                    "final_dim": 30,
                    "hidden_dimension_sequence": [],
                    "prefix": "decoder_"
                }
            },
            "distr_output": null,
            "dtype": {
                "__kind__": "type",
                "class": "numpy.float32"
            },
            "embedding_dimension": [
                1
            ],
            "enc2dec": {
                "__kind__": "instance",
                "args": [],
                "class": "gluonts.mx.block.enc2dec.FutureFeatIntegratorEnc2Dec",
                "kwargs": {}
            },
            "encoder": {
                "__kind__": "instance",
                "args": [],
                "class": "gluonts.mx.block.encoder.HierarchicalCausalConv1DEncoder",
                "kwargs": {
                    "channels_seq": [
                        30,
                        30,
                        30
                    ],
                    "dilation_seq": [
                        1,
                        3,
                        9
                    ],
                    "kernel_size_seq": [
                        7,
                        3,
                        3
                    ],
                    "prefix": "encoder_",
                    "use_dynamic_feat": true,
                    "use_residual": true,
                    "use_static_feat": true
                }
            },
            "num_forking": 65,
            "quantile_output": {
                "__kind__": "instance",
                "args": [],
                "class": "gluonts.mx.block.quantile_output.IncrementalQuantileOutput",
                "kwargs": {
                    "quantile_weights": null,
                    "quantiles": [
                        0.025,
                        0.1,
                        0.2,
                        0.3,
                        0.4,
                        0.5,
                        0.6,
                        0.7,
                        0.8,
                        0.9,
                        0.975
                    ]
                }
            },
            "scaling": false,
            "scaling_decoder_dynamic_feature": false
        }
    },
    "input_transform": {
        "__kind__": "instance",
        "args": [],
        "class": "gluonts.transform._base.Chain",
        "kwargs": {
            "trans": [
                {
                    "__kind__": "instance",
                    "args": [],
                    "class": "gluonts.transform._base.Chain",
                    "kwargs": {
                        "trans": [
                            {
                                "__kind__": "instance",
                                "args": [],
                                "class": "gluonts.transform.field.RemoveFields",
                                "kwargs": {
                                    "field_names": [
                                        "feat_dynamic_cat",
                                        "feat_static_real",
                                        "past_feat_dynamic_real",
                                        "feat_dynamic_real",
                                        "feat_static_cat"
                                    ]
                                }
                            },
                            {
                                "__kind__": "instance",
                                "args": [],
                                "class": "gluonts.transform.feature.AddObservedValuesIndicator",