{
    "directory_name": "infer_2023_07_22_11_27_16",
    "validation_results": {
        "metrics": {
            "aggregated": {
                "MSE": 2188020104.9513493,
                "abs_error": 17976958.143936157,
                "abs_target_sum": 138202261.5078125,
                "abs_target_mean": 81104.61356092282,
                "seasonal_error": 7807.734453096536,
                "MASE": 1.9660749598742298,
                "MAPE": 0.2722502597410914,
                "sMAPE": 0.2235199813271912,
                "MSIS": 18.014286519313607,
                "QuantileLoss[0.1]": 7763590.6721138,
                "Coverage[0.1]": 0.2282863849765258,
                "QuantileLoss[0.5]": 17976958.10054016,
                "Coverage[0.5]": 0.6742957746478874,
                "QuantileLoss[0.9]": 9220754.826759337,
                "Coverage[0.9]": 0.9137323943661971,
                "RMSE": 46776.27716002364,
                "NRMSE": 0.5767400287887077,
                "ND": 0.13007716333874847,
                "wQuantileLoss[0.1]": 0.05617556896255948,
                "wQuantileLoss[0.5]": 0.13007716302474495,
                "wQuantileLoss[0.9]": 0.06671927598115385,
                "mean_absolute_QuantileLoss": 11653767.866471099,
                "mean_wQuantileLoss": 0.08432400265615277,
                "MAE_Coverage": 0.10543818466353676,
                "OWA": NaN
            },
            "contained_nan": false
        },
        "start": 1690018036.596229,
        "end": 1690018041.518364,
        "num_samples": 100,
        "model": {
            "params": 22684,
            "fsize": 96218
        }
    },
    "parameters": {
        "batch_size": 32,
        "ctx": {
            "__kind__": "instance",
            "args": [
                "cpu",
                0
            ],
            "class": "mxnet.context.Context"
        },
        "dtype": {
            "__kind__": "type",
            "class": "numpy.float32"
        },
        "forecast_generator": {
            "__kind__": "instance",
            "args": [],
            "class": "gluonts.model.forecast_generator.SampleForecastGenerator",
            "kwargs": {}
        },
        "input_names": [
            "feat_static_cat",
            "feat_static_real",
            "past_time_feat",
            "past_target",
            "past_observed_values",
            "future_time_feat",
            "past_is_pad"
        ],
        "lead_time": 0,
        "prediction_length": 8
    },
    "requirements": [
        "# 3.7.7 (default, Mar 23 2020, 22:36:06)",
        "# [GCC 7.3.0]",
        "wrapt==1.11.2",
        "typed-ast==1.4.0",
        "six==1.12.0",
        "setuptools==41.6.0",
        "pytz==2019.3",
        "python-dateutil==2.8.0",
        "pyparsing==2.4.2",
        "pylint==2.4.3",
        "mccabe==0.6.1",
        "matplotlib==3.1.1",
        "lazy-object-proxy==1.4.3",
        "kiwisolver==1.1.0",
        "isort==4.3.21",
        "cycler==0.10.0",
        "astroid==2.3.2",
        "zipp==3.14.0",
        "zict==2.2.0",
        "xgboost==1.6.2",
        "wheel==0.37.1",
        "werkzeug==2.2.3",
        "urllib3==1.26.14",
        "typing-extensions==4.4.0",
        "tqdm==4.64.1",
        "tornado==6.2",
        "toolz==0.12.0",
        "threadpoolctl==3.1.0",
        "tenacity==8.2.2",
        "tblib==1.7.0",
        "sortedcontainers==2.4.0",
        "smac==1.2",
        "scipy==1.7.3",
        "scikit-learn==0.24.2",
        "rpy2==2.9.4",
        "requests==2.28.2",
        "reportlab==3.6.12",
        "qrcode==7.4.2",
        "pyyaml==6.0",
        "pyrfr==0.8.3",
        "pypng==0.20220715.0",
        "pynvml==11.4.1",
        "pynisher==0.6.4",
        "pymupdf==1.21.1",
        "pydantic==1.10.4",
        "pyarrow==8.0.0",
        "py-rapl==0.1",
        "py-cpuinfo==9.0.0",
        "psutil==5.9.4",
        "plotly==5.13.1",
        "pip==22.3.1",
        "pint==0.18",
        "pillow==9.4.0",
        "partd==1.4.0",
        "pandas==1.3.5",
        "packaging==23.0",
        "orjson==3.8.5",
        "numpy==1.21.6",
        "mxnet==1.9.1",
        "msgpack==1.0.5",
        "markupsafe==2.1.1",
        "locket==1.0.0",
        "liac-arff==2.5.0",
        "joblib==1.2.0",
        "jinja2==3.1.2",
        "itsdangerous==2.1.2",
        "importlib-metadata==6.0.0",
        "idna==3.4",
        "heapdict==1.0.1",
        "graphviz==0.8.4",
        "gluonts==0.11.8",
        "fuzzywuzzy==0.18.0",
        "fsspec==2023.1.0",
        "flask==2.2.3",
        "emcee==3.1.4",
        "distro==1.8.0",
        "distributed==2022.2.0",
        "dask==2022.2.0",
        "dash==2.8.1",
        "dash-table==5.0.0",
        "dash-html-components==2.0.0",
        "dash-core-components==2.0.0",
        "dash-bootstrap-components==1.4.0",
        "cython==0.29.35",
        "configspace==0.4.21",
        "codecarbon==2.1.4",
        "cloudpickle==2.2.1",
        "click==8.1.3",
        "charset-normalizer==3.0.1",
        "certifi==2022.12.7",
        "auto-sklearn==0.15.0",
        "arrow==1.2.3"
    ],
    "prediction_net-network": {
        "__kind__": "instance",
        "args": [],
        "class": "gluonts.mx.model.deepar._network.DeepARPredictionNetwork",
        "kwargs": {
            "cardinality": [
                1
            ],
            "cell_type": "lstm",
            "context_length": 5,
            "default_scale": null,
            "distr_output": {
                "__kind__": "instance",
                "args": [],
                "class": "gluonts.mx.distribution.student_t.StudentTOutput",
                "kwargs": {}
            },
            "dropout_rate": 0.1,
            "dropoutcell_type": "ZoneoutCell",
            "dtype": {
                "__kind__": "type",
                "class": "numpy.float32"
            },
            "embedding_dimension": [
                1
            ],
            "history_length": 18,
            "impute_missing_values": false,
            "lags_seq": [
                1,
                2,
                3,
                4,
                5,
                6,
                7,
                8,
                9,
                11,
                12,
                13
            ],
            "minimum_scale": 1e-10,
            "num_cells": 40,
            "num_imputation_samples": 1,
            "num_layers": 2,
            "num_parallel_samples": 100,
            "prediction_length": 8,
            "scaling": true
        }
    },
    "type": [
        "gluonts.mx.model.predictor.RepresentableBlockPredictor"
    ],
    "emissions": {
        "timestamp": {
            "0": "2023-07-22T11:27:21"
        },
        "project_name": {
            "0": "codecarbon"
        },
        "run_id": {
            "0": "db5657d8-e2d2-4d34-b4ad-c6642a2db68d"
        },
        "duration": {
            "0": 1.0859134197235107
        },
        "emissions": {
            "0": 2.96433902424542e-06
        },
        "emissions_rate": {
            "0": 0.0027298115765068
        },
        "cpu_power": {
            "0": 20.44551427693685
        },
        "gpu_power": {
            "0": 0.0
        },
        "ram_power": {
            "0": 11.714675903320314
        },
        "cpu_energy": {
            "0": 6.322841169387194e-06
        },
        "gpu_energy": {
            "0": 0
        },
        "ram_energy": {
            "0": 3.525461236743771e-06
        },
        "energy_consumed": {
            "0": 9.848302406130964e-06
        },
        "country_name": {
            "0": "Germany"
        },
        "country_iso_code": {
            "0": "DEU"
        },
        "region": {
            "0": NaN
        },
        "cloud_provider": {
            "0": NaN
        },
        "cloud_region": {
            "0": NaN
        },
        "os": {
            "0": "Linux-5.19.0-35-generic-x86_64-with-debian-bookworm-sid"
        },
        "python_version": {
            "0": "3.7.7"
        },