{
    "directory_name": "infer_2023_08_19_11_25_58",
    "prediction_net-network": {
        "__kind__": "instance",
        "args": [],
        "class": "gluonts.mx.model.simple_feedforward._network.SimpleFeedForwardSamplingNetwork",
        "kwargs": {
            "batch_normalization": false,
            "context_length": 210,
            "distr_output": {
                "__kind__": "instance",
                "args": [],
                "class": "gluonts.mx.distribution.student_t.StudentTOutput",
                "kwargs": {}
            },
            "mean_scaling": true,
            "num_hidden_dimensions": [
                40,
                40
            ],
            "num_parallel_samples": 100,
            "prediction_length": 48
        }
    },
    "validation_results": {
        "metrics": {
            "aggregated": {
                "MSE": 9670228.700338446,
                "abs_error": 10409002.528001785,
                "abs_target_sum": 145558863.59960938,
                "abs_target_mean": 7324.822041043146,
                "seasonal_error": 336.9046924038305,
                "MASE": 5.094830984687898,
                "MAPE": 0.2589736020375469,
                "sMAPE": 0.19863548336157671,
                "MSIS": 40.06712931032276,
                "QuantileLoss[0.1]": 5270207.207483673,
                "Coverage[0.1]": 0.03130032206119163,
                "QuantileLoss[0.5]": 10409002.58886671,
                "Coverage[0.5]": 0.23852657004830918,
                "QuantileLoss[0.9]": 4187397.88160839,
                "Coverage[0.9]": 0.7836654589371981,
                "RMSE": 3109.6991334112126,
                "NRMSE": 0.42454261905431256,
                "ND": 0.07151060588542352,
                "wQuantileLoss[0.1]": 0.03620670756251917,
                "wQuantileLoss[0.5]": 0.07151060630356999,
                "wQuantileLoss[0.9]": 0.028767728587980178,
                "mean_absolute_QuantileLoss": 6622202.55931959,
                "mean_wQuantileLoss": 0.04549501415135645,
                "MAE_Coverage": 0.1488358829844337,
                "OWA": NaN
            },
            "contained_nan": false
        },
        "start": 1692437158.228967,
        "end": 1692437162.0527248,
        "num_samples": 100,
        "model": {
            "params": 87283,
            "fsize": 352012
        }
    },
    "config": {
        "dataset": "m4_hourly_dataset",
        "model": "feedforward",
        "output_dir": "mnt_data/results_new03",
        "ds_seed": -1,
        "epochs": 100,
        "datadir": "mnt_data/data",
        "cpu_monitor_interval": 0.5,
        "seed": 42,
        "timestamp": "2023_08_19_11_25_58",
        "lag": 210,
        "train_logdir": "mnt_data/results_new03/train_2023_08_19_11_24_16"
    },
    "emissions": {
        "timestamp": {
            "0": "2023-08-19T11:26:01"
        },
        "project_name": {
            "0": "codecarbon"
        },
        "run_id": {
            "0": "623fffae-e088-4dfa-baed-0cbaa14e6178"
        },
        "duration": {
            "0": 0.3199188709259033
        },
        "emissions": {
            "0": 8.94387881693017e-07
        },
        "emissions_rate": {
            "0": 0.0027956709121424
        },
        "cpu_power": {
            "0": 21.76496333088785
        },
        "gpu_power": {
            "0": 0.0
        },
        "ram_power": {
            "0": 11.714675903320314
        },
        "cpu_energy": {
            "0": 1.9327257128453484e-06
        },
        "gpu_energy": {
            "0": 0
        },
        "ram_energy": {
            "0": 1.038662598427133e-06
        },
        "energy_consumed": {
            "0": 2.9713883112724817e-06
        },
        "country_name": {
            "0": "Germany"
        },
        "country_iso_code": {
            "0": "DEU"
        },
        "region": {
            "0": NaN
        },
        "cloud_provider": {
            "0": NaN
        },
        "cloud_region": {
            "0": NaN
        },
        "os": {
            "0": "Linux-5.19.0-35-generic-x86_64-with-debian-bookworm-sid"
        },
        "python_version": {
            "0": "3.7.7"
        },
        "cpu_count": {
            "0": 8
        },
        "cpu_model": {
            "0": "Intel(R) Core(TM) i7-6700 CPU @ 3.40GHz"
        },
        "gpu_count": {
            "0": NaN
        },
        "gpu_model": {
            "0": NaN
        },
        "longitude": {
            "0": NaN
        },
        "latitude": {
            "0": NaN
        },
        "ram_total_size": {
            "0": 31.2391357421875
        },
        "tracking_mode": {
            "0": "machine"
        },
        "on_cloud": {
            "0": "N"
        }
    },
    "requirements": [
        "# 3.7.7 (default, Mar 23 2020, 22:36:06)",
        "# [GCC 7.3.0]",
        "wrapt==1.11.2",
        "typed-ast==1.4.0",
        "six==1.12.0",
        "setuptools==41.6.0",
        "pytz==2019.3",
        "python-dateutil==2.8.0",
        "pyparsing==2.4.2",
        "pylint==2.4.3",
        "mccabe==0.6.1",
        "matplotlib==3.1.1",
        "lazy-object-proxy==1.4.3",
        "kiwisolver==1.1.0",
        "isort==4.3.21",
        "cycler==0.10.0",
        "astroid==2.3.2",
        "zipp==3.14.0",
        "zict==2.2.0",
        "xgboost==1.6.2",
        "wheel==0.37.1",
        "werkzeug==2.2.3",
        "urllib3==1.26.14",
        "typing-extensions==4.4.0",
        "tqdm==4.64.1",
        "tornado==6.2",
        "toolz==0.12.0",
        "threadpoolctl==3.1.0",
        "tenacity==8.2.2",
        "tblib==1.7.0",
        "sortedcontainers==2.4.0",
        "smac==1.2",
        "scipy==1.7.3",
        "scikit-learn==0.24.2",
        "rpy2==2.9.4",
        "requests==2.28.2",
        "reportlab==3.6.12",
        "qrcode==7.4.2",
        "pyyaml==6.0",
        "pyrfr==0.8.3",
        "pypng==0.20220715.0",
        "pynvml==11.4.1",
        "pynisher==0.6.4",
        "pymupdf==1.21.1",
        "pydantic==1.10.4",
        "pyarrow==8.0.0",
        "py-rapl==0.1",
        "py-cpuinfo==9.0.0",
        "psutil==5.9.4",
        "plotly==5.13.1",
        "pip==22.3.1",
        "pint==0.18",
        "pillow==9.4.0",
        "partd==1.4.0",
        "pandas==1.3.5",
        "packaging==23.0",
        "orjson==3.8.5",
        "numpy==1.21.6",
        "mxnet==1.9.1",
        "msgpack==1.0.5",
        "markupsafe==2.1.1",
        "locket==1.0.0",
        "liac-arff==2.5.0",
        "joblib==1.2.0",
        "jinja2==3.1.2",
        "itsdangerous==2.1.2",
        "importlib-metadata==6.0.0",
        "idna==3.4",
        "heapdict==1.0.1",
        "graphviz==0.8.4",
        "gluonts==0.11.8",
        "fuzzywuzzy==0.18.0",
        "fsspec==2023.1.0",
        "flask==2.2.3",
        "emcee==3.1.4",
        "distro==1.8.0",
        "distributed==2022.2.0",
        "dask==2022.2.0",
        "dash==2.8.1",
        "dash-table==5.0.0",
        "dash-html-components==2.0.0",
        "dash-core-components==2.0.0",
        "dash-bootstrap-components==1.4.0",
        "cython==0.29.35",
        "configspace==0.4.21",
        "codecarbon==2.1.4",
        "cloudpickle==2.2.1",
        "click==8.1.3",
        "charset-normalizer==3.0.1",
        "certifi==2022.12.7",
        "auto-sklearn==0.15.0",
        "arrow==1.2.3"
    ],
    "parameters": {
        "batch_size": 32,
        "ctx": {
            "__kind__": "instance",
            "args": [
                "cpu",
                0
            ],
            "class": "mxnet.context.Context"
        },
        "dtype": {
            "__kind__": "type",
            "class": "numpy.float32"
        },
        "forecast_generator": {
            "__kind__": "instance",
            "args": [],
            "class": "gluonts.model.forecast_generator.SampleForecastGenerator",
            "kwargs": {}
        },
        "input_names": [
            "past_target"
        ],
        "lead_time": 0,
        "prediction_length": 48
    },