{
    "directory_name": "infer_2023_06_22_22_33_36",
    "validation_results": {
        "metrics": {
            "aggregated": {
                "MSE": NaN,
                "abs_error": 111715151575.00085,
                "abs_target_sum": 18624313118.95509,
                "abs_target_mean": 43111835.923507154,
                "seasonal_error": 3404567.1653867713,
                "MASE": 20.775539171773705,
                "MAPE": 1.4653725219361577,
                "sMAPE": 1.8515951765908136,
                "MSIS": 831.0215757725872,
                "QuantileLoss[0.1]": 22343031266.068832,
                "Coverage[0.1]": 0.041666666666666664,
                "QuantileLoss[0.5]": 111715144107.26472,
                "Coverage[0.5]": 0.041666666666666664,
                "QuantileLoss[0.9]": 201087256948.46066,
                "Coverage[0.9]": 0.041666666666666664,
                "RMSE": NaN,
                "NRMSE": NaN,
                "ND": 5.998350159894036,
                "wQuantileLoss[0.1]": 1.1996700830447797,
                "wQuantileLoss[0.5]": 5.998349758926973,
                "wQuantileLoss[0.9]": 10.797029434809168,
                "mean_absolute_QuantileLoss": 111715144107.26472,
                "mean_wQuantileLoss": 5.998349758926974,
                "MAE_Coverage": 0.4583333333333333,
                "OWA": NaN
            },
            "contained_nan": false
        },
        "start": 1687466016.8504019,
        "end": 1687466016.7303383,
        "num_samples": 100,
        "model": {}
    },
    "emissions": {
        "timestamp": {
            "0": "2023-06-22T22:33:40"
        },
        "project_name": {
            "0": "codecarbon"
        },
        "run_id": {
            "0": "28547642-3d9e-4dbf-bbdf-a012b78bdd9a"
        },
        "duration": {
            "0": 0.0219912528991699
        },
        "emissions": {
            "0": 4.0677813357753635e-08
        },
        "emissions_rate": {
            "0": 1.849726959362513e-06
        },
        "cpu_power": {
            "0": 7.70646799731614
        },
        "gpu_power": {
            "0": 0.0
        },
        "ram_power": {
            "0": 11.714675903320314
        },
        "cpu_energy": {
            "0": 4.6284759261383535e-08
        },
        "gpu_energy": {
            "0": 0
        },
        "ram_energy": {
            "0": 6.852151127532125e-08
        },
        "energy_consumed": {
            "0": 1.1480627053670481e-07
        },
        "country_name": {
            "0": "Germany"
        },
        "country_iso_code": {
            "0": "DEU"
        },
        "region": {
            "0": NaN
        },
        "cloud_provider": {
            "0": NaN
        },
        "cloud_region": {
            "0": NaN
        },
        "os": {
            "0": "Linux-5.19.0-35-generic-x86_64-with-debian-bookworm-sid"
        },
        "python_version": {
            "0": "3.7.12"
        },
        "codecarbon_version": {
            "0": "2.2.3"
        },
        "cpu_count": {
            "0": 8
        },
        "cpu_model": {
            "0": "Intel(R) Core(TM) i7-6700 CPU @ 3.40GHz"
        },
        "gpu_count": {
            "0": NaN
        },
        "gpu_model": {
            "0": NaN
        },
        "longitude": {
            "0": NaN
        },
        "latitude": {
            "0": NaN
        },
        "ram_total_size": {
            "0": 31.2391357421875
        },
        "tracking_mode": {
            "0": "machine"
        },
        "on_cloud": {
            "0": "N"
        },
        "pue": {
            "0": 1.0
        }
    },
    "execution_platform": {
        "System": "Linux",
        "Node Name": "lamarrws03",
        "Release": "5.19.0-35-generic",
        "Version": "#36~22.04.1-Ubuntu SMP PREEMPT_DYNAMIC Fri Feb 17 15:17:25 UTC 2",
        "Machine": "x86_64",
        "Processor": "Intel(R) Core(TM) i7-6700 CPU @ 3.40GHz",
        "Physical cores": 4,
        "Total cores": 8,
        "Max Frequency": 4000.0,
        "Min Frequency": 800.0,
        "Current Frequency": 2055.254125,
        "Total": 33542766592,
        "Available": 31792136192,
        "Used": 1209040896
    },
    "requirements": [
        "# 3.7.12 | packaged by conda-forge | (default, Oct 26 2021, 06:08:21)",
        "# [GCC 9.4.0]",
        "wrapt==1.11.2",
        "typed-ast==1.4.0",
        "six==1.12.0",
        "setuptools==41.6.0",
        "pytz==2019.3",
        "python-dateutil==2.8.0",
        "pyparsing==2.4.2",
        "pylint==2.4.3",
        "mccabe==0.6.1",
        "matplotlib==3.1.1",
        "lazy-object-proxy==1.4.3",
        "kiwisolver==1.1.0",
        "isort==4.3.21",
        "cycler==0.10.0",
        "astroid==2.3.2",
        "zipp==3.15.0",
        "wheel==0.40.0",
        "werkzeug==2.2.3",
        "urllib3==1.26.16",
        "typing-extensions==4.6.3",
        "tqdm==4.65.0",
        "toolz==0.12.0",
        "termcolor==2.3.0",
        "tensorflow==2.11.0",
        "tensorflow-io-gcs-filesystem==0.32.0",
        "tensorflow-estimator==2.11.0",
        "tensorboard==2.11.2",
        "tensorboard-plugin-wit==1.8.1",
        "tensorboard-data-server==0.6.1",
        "rsa==4.9",
        "requests==2.31.0",
        "requests-oauthlib==1.3.1",
        "pynvml==11.5.0",
        "pydantic==1.10.9",
        "pyasn1==0.5.0",
        "pyasn1-modules==0.3.0",
        "py-cpuinfo==9.0.0",
        "psutil==5.9.5",
        "protobuf==3.19.6",
        "pip==23.1.2",
        "pandas==1.3.5",
        "packaging==23.1",
        "opt-einsum==3.3.0",
        "oauthlib==3.2.2",
        "numpy==1.21.6",
        "markupsafe==2.1.3",
        "markdown==3.4.3",
        "libclang==16.0.0",
        "kt-legacy==1.0.5",
        "keras==2.11.0",
        "keras-tuner==1.3.5",
        "importlib-metadata==6.6.0",
        "idna==3.4",
        "h5py==3.8.0",
        "grpcio==1.54.2",
        "google-pasta==0.2.0",
        "google-auth==2.20.0",
        "google-auth-oauthlib==0.4.6",
        "gluonts==0.13.2",
        "gast==0.4.0",
        "fuzzywuzzy==0.18.0",
        "flatbuffers==23.5.26",
        "codecarbon==2.2.3",
        "click==8.1.3",
        "charset-normalizer==3.1.0",
        "certifi==2023.5.7",
        "cachetools==5.3.1",
        "autokeras==1.0.20",
        "astunparse==1.6.3",
        "arrow==1.2.3",
        "absl-py==1.4.0"
    ],
    "config": {
        "dataset": "cif_2016_dataset",
        "model": "autokeras",
        "output_dir": "mnt_data/autokeras/",
        "ds_seed": -1,
        "epochs": 100,
        "datadir": "mnt_data/data",
        "cpu_monitor_interval": 0.5,
        "seed": 42,
        "timestamp": "2023_06_22_22_33_36",
        "lag": 15,
        "external_forecast_horizon": 6,
        "train_logdir": "mnt_data/autokeras/train_2023_06_22_22_29_12"
    },
    "full_log": "results/merged_autokeras_new/infer_2023_06_22_22_33_36.tar.gz"
}