{
    "directory_name": "infer_2023_09_09_00_14_31",
    "validation_results": {
        "metrics": {
            "aggregated": {
                "MSE": 436713105.6237169,
                "abs_error": 64454595.34863281,
                "abs_target_sum": 116705274.77728981,
                "abs_target_mean": 10508.308551889952,
                "seasonal_error": 1743.9892909919095,
                "MASE": 1171.8709951452631,
                "MAPE": 850.2336527511474,
                "sMAPE": 1.3545326351067535,
                "MSIS": 46874.83956950873,
                "QuantileLoss[0.1]": 73496499.10898438,
                "Coverage[0.1]": 0.8684494867639114,
                "QuantileLoss[0.5]": 64454595.251953125,
                "Coverage[0.5]": 0.8684494867639114,
                "QuantileLoss[0.9]": 55412691.39492187,
                "Coverage[0.9]": 0.8684494867639114,
                "RMSE": 20897.68182415736,
                "NRMSE": 1.9886817865087192,
                "ND": 0.5522851942350708,
                "wQuantileLoss[0.1]": 0.6297615874624236,
                "wQuantileLoss[0.5]": 0.5522851934066619,
                "wQuantileLoss[0.9]": 0.4748087993509002,
                "mean_absolute_QuantileLoss": 64454595.251953125,
                "mean_wQuantileLoss": 0.5522851934066619,
                "MAE_Coverage": 0.3894831622546371,
                "OWA": NaN
            },
            "contained_nan": false
        },
        "start": 1694211272.0521588,
        "end": 1694211271.9052782,
        "num_samples": 100,
        "model": {}
    },
    "requirements": [
        "# 3.7.12 | packaged by conda-forge | (default, Oct 26 2021, 06:08:21)",
        "# [GCC 9.4.0]",
        "wrapt==1.11.2",
        "typed-ast==1.4.0",
        "six==1.12.0",
        "setuptools==41.6.0",
        "pytz==2019.3",
        "python-dateutil==2.8.0",
        "pyparsing==2.4.2",
        "pylint==2.4.3",
        "mccabe==0.6.1",
        "matplotlib==3.1.1",
        "lazy-object-proxy==1.4.3",
        "kiwisolver==1.1.0",
        "isort==4.3.21",
        "cycler==0.10.0",
        "astroid==2.3.2",
        "zipp==3.15.0",
        "wheel==0.40.0",
        "werkzeug==2.2.3",
        "urllib3==1.26.16",
        "typing-extensions==4.6.3",
        "tqdm==4.65.0",
        "toolz==0.12.0",
        "termcolor==2.3.0",
        "tensorflow==2.11.0",
        "tensorflow-io-gcs-filesystem==0.32.0",
        "tensorflow-estimator==2.11.0",
        "tensorboard==2.11.2",
        "tensorboard-plugin-wit==1.8.1",
        "tensorboard-data-server==0.6.1",
        "rsa==4.9",
        "requests==2.31.0",
        "requests-oauthlib==1.3.1",
        "pynvml==11.5.0",
        "pydantic==1.10.9",
        "pyasn1==0.5.0",
        "pyasn1-modules==0.3.0",
        "py-cpuinfo==9.0.0",
        "psutil==5.9.5",
        "protobuf==3.19.6",
        "pip==23.1.2",
        "pandas==1.3.5",
        "packaging==23.1",
        "opt-einsum==3.3.0",
        "oauthlib==3.2.2",
        "numpy==1.21.6",
        "markupsafe==2.1.3",
        "markdown==3.4.3",
        "libclang==16.0.0",
        "kt-legacy==1.0.5",
        "keras==2.11.0",
        "keras-tuner==1.3.5",
        "importlib-metadata==6.6.0",
        "idna==3.4",
        "h5py==3.8.0",
        "grpcio==1.54.2",
        "google-pasta==0.2.0",
        "google-auth==2.20.0",
        "google-auth-oauthlib==0.4.6",
        "gluonts==0.13.2",
        "gast==0.4.0",
        "fuzzywuzzy==0.18.0",
        "flatbuffers==23.5.26",
        "codecarbon==2.2.3",
        "click==8.1.3",
        "charset-normalizer==3.1.0",
        "certifi==2023.5.7",
        "cachetools==5.3.1",
        "autokeras==1.0.20",
        "astunparse==1.6.3",
        "arrow==1.2.3",
        "absl-py==1.4.0"
    ],
    "execution_platform": {
        "System": "Linux",
        "Node Name": "lamarrws03",
        "Release": "6.2.0-26-generic",
        "Version": "#26~22.04.1-Ubuntu SMP PREEMPT_DYNAMIC Thu Jul 13 16:27:29 UTC 2",
        "Machine": "x86_64",
        "Processor": "Intel(R) Core(TM) i7-6700 CPU @ 3.40GHz",
        "Physical cores": 4,
        "Total cores": 8,
        "Max Frequency": 4000.0,
        "Min Frequency": 800.0,
        "Current Frequency": 2041.76075,
        "Total": 33526001664,
        "Available": 30742921216,
        "Used": 2185773056
    },
    "emissions": {
        "timestamp": {
            "0": "2023-09-09T00:14:55"
        },
        "project_name": {
            "0": "codecarbon"
        },
        "run_id": {
            "0": "7c5bb819-143b-4df3-aaf8-1f5f90aebfdf"
        },
        "duration": {
            "0": 22.44086861610413
        },
        "emissions": {
            "0": 4.335617936021135e-05
        },
        "emissions_rate": {
            "0": 1.932018769055039e-06
        },
        "cpu_power": {
            "0": 9.735338281077183
        },
        "gpu_power": {
            "0": 0.0
        },
        "ram_power": {
            "0": 11.708820819854736
        },
        "cpu_energy": {
            "0": 5.006696588687187e-05
        },
        "gpu_energy": {
            "0": 0
        },
        "ram_energy": {
            "0": 7.229854115967499e-05
        },
        "energy_consumed": {
            "0": 0.0001223655070465
        },
        "country_name": {
            "0": "Germany"
        },
        "country_iso_code": {
            "0": "DEU"
        },
        "region": {
            "0": NaN
        },
        "cloud_provider": {
            "0": NaN
        },
        "cloud_region": {
            "0": NaN
        },
        "os": {
            "0": "Linux-6.2.0-26-generic-x86_64-with-debian-bookworm-sid"
        },
        "python_version": {
            "0": "3.7.12"
        },
        "codecarbon_version": {
            "0": "2.2.3"
        },
        "cpu_count": {
            "0": 8
        },
        "cpu_model": {
            "0": "Intel(R) Core(TM) i7-6700 CPU @ 3.40GHz"
        },
        "gpu_count": {
            "0": NaN
        },
        "gpu_model": {
            "0": NaN
        },
        "longitude": {
            "0": NaN
        },
        "latitude": {
            "0": NaN
        },
        "ram_total_size": {
            "0": 31.223522186279297
        },
        "tracking_mode": {
            "0": "machine"
        },
        "on_cloud": {
            "0": "N"
        },
        "pue": {
            "0": 1.0
        }
    },
    "config": {
        "dataset": "m1_monthly_dataset",
        "model": "autokeras",
        "output_dir": "mnt_data/autokeras_new/",
        "ds_seed": -1,
        "epochs": 100,
        "datadir": "mnt_data/data",
        "cpu_monitor_interval": 0.5,
        "seed": 42,
        "timestamp": "2023_09_09_00_14_31",
        "lag": 15,
        "train_logdir": "mnt_data/autokeras_new/train_2023_09_08_23_24_23"
    },
    "full_log": "results/merged_autokeras_new/infer_2023_09_09_00_14_31.tar.gz"
}