{
    "directory_name": "infer_2023_03_20_11_16_07",
    "version": {
        "model": "0.11.8",
        "gluonts": "0.11.8"
    },
    "validation_results": {
        "metrics": {
            "aggregated": {
                "MSE": 7290841759.178968,
                "abs_error": 14812383.177585125,
                "abs_target_sum": 15942089.829658508,
                "abs_target_mean": 19730.309195121918,
                "seasonal_error": 1859.1982455257648,
                "MASE": 5.667149111818531,
                "MAPE": 0.3222394894882299,
                "sMAPE": 0.40317914625721996,
                "MSIS": 87.45485300319531,
                "QuantileLoss[0.1]": 3068351.9435887337,
                "Coverage[0.1]": 0.09034653465346534,
                "QuantileLoss[0.5]": 14812383.15591669,
                "Coverage[0.5]": 0.3564356435643564,
                "QuantileLoss[0.9]": 25075130.720534183,
                "Coverage[0.9]": 0.7871287128712872,
                "RMSE": 85386.42608271509,
                "NRMSE": 4.327678053004149,
                "ND": 0.9291368531889911,
                "wQuantileLoss[0.1]": 0.19246861461540643,
                "wQuantileLoss[0.5]": 0.9291368518297944,
                "wQuantileLoss[0.9]": 1.5728885603118767,
                "mean_absolute_QuantileLoss": 14318621.940013202,
                "mean_wQuantileLoss": 0.8981646755856926,
                "MAE_Coverage": 0.0886963696369637,
                "OWA": NaN
            },
            "contained_nan": false
        },
        "start": 1679307367.5749838,
        "end": 1679307370.2291994,
        "num_samples": 100,
        "model": {
            "params": 43602,
            "fsize": 179821
        }
    },
    "parameters": {
        "batch_size": 32,
        "ctx": {
            "__kind__": "instance",
            "args": [
                "cpu",
                0
            ],
            "class": "mxnet.context.Context"
        },
        "dtype": {
            "__kind__": "type",
            "class": "numpy.float32"
        },
        "forecast_generator": {
            "__kind__": "instance",
            "args": [],
            "class": "gluonts.model.forecast_generator.QuantileForecastGenerator",
            "kwargs": {
                "quantiles": [
                    "0.025",
                    "0.1",
                    "0.2",
                    "0.3",
                    "0.4",
                    "0.5",
                    "0.6",
                    "0.7",
                    "0.8",
                    "0.9",
                    "0.975"
                ]
            }
        },
        "input_names": [
            "past_target",
            "past_feat_dynamic",
            "future_feat_dynamic",
            "feat_static_cat",
            "past_observed_values"
        ],
        "lead_time": 0,
        "prediction_length": 8
    },
    "prediction_net-network": {
        "__kind__": "instance",
        "args": [],
        "class": "gluonts.mx.model.seq2seq._forking_network.ForkingSeq2SeqPredictionNetwork",
        "kwargs": {
            "cardinality": [
                1
            ],
            "context_length": 5,
            "decoder": {
                "__kind__": "instance",
                "args": [],
                "class": "gluonts.mx.block.decoder.ForkingMLPDecoder",
                "kwargs": {
                    "dec_len": 8,
                    "final_dim": 30,
                    "hidden_dimension_sequence": [],
                    "prefix": "decoder_"
                }
            },
            "distr_output": null,
            "dtype": {
                "__kind__": "type",
                "class": "numpy.float32"
            },
            "embedding_dimension": [
                1
            ],
            "enc2dec": {
                "__kind__": "instance",
                "args": [],
                "class": "gluonts.mx.block.enc2dec.FutureFeatIntegratorEnc2Dec",
                "kwargs": {}
            },
            "encoder": {
                "__kind__": "instance",
                "args": [],
                "class": "gluonts.mx.block.encoder.RNNEncoder",
                "kwargs": {
                    "bidirectional": true,
                    "hidden_size": 50,
                    "mode": "gru",
                    "num_layers": 1,
                    "prefix": "encoder_",
                    "use_dynamic_feat": true,
                    "use_static_feat": true
                }
            },
            "num_forking": 5,
            "quantile_output": {
                "__kind__": "instance",
                "args": [],
                "class": "gluonts.mx.block.quantile_output.IncrementalQuantileOutput",
                "kwargs": {
                    "quantile_weights": null,
                    "quantiles": [
                        0.025,
                        0.1,
                        0.2,
                        0.3,
                        0.4,
                        0.5,
                        0.6,
                        0.7,
                        0.8,
                        0.9,
                        0.975
                    ]
                }
            },
            "scaling": false,
            "scaling_decoder_dynamic_feature": false
        }
    },
    "type": [
        "gluonts.mx.model.predictor.RepresentableBlockPredictor"
    ],
    "execution_platform": {
        "System": "Linux",
        "Node Name": "lamarrws05",
        "Release": "5.19.0-35-generic",
        "Version": "#36~22.04.1-Ubuntu SMP PREEMPT_DYNAMIC Fri Feb 17 15:17:25 UTC 2",
        "Machine": "x86_64",
        "Processor": "Intel(R) Core(TM) i7-8700 CPU @ 3.20GHz",
        "Physical cores": 6,
        "Total cores": 12,
        "Max Frequency": 4600.0,
        "Min Frequency": 800.0,
        "Current Frequency": 2022.0392499999998,
        "Total": 33448587264,
        "Available": 31576657920,
        "Used": 1231572992
    },
    "input_transform": {
        "__kind__": "instance",
        "args": [],
        "class": "gluonts.transform._base.Chain",
        "kwargs": {
            "trans": [
                {
                    "__kind__": "instance",
                    "args": [],
                    "class": "gluonts.transform._base.Chain",
                    "kwargs": {
                        "trans": [
                            {
                                "__kind__": "instance",
                                "args": [],
                                "class": "gluonts.transform.field.RemoveFields",
                                "kwargs": {
                                    "field_names": [
                                        "feat_dynamic_cat",
                                        "feat_static_real",
                                        "past_feat_dynamic_real",
                                        "feat_dynamic_real",
                                        "feat_static_cat"
                                    ]
                                }
                            },
                            {
                                "__kind__": "instance",
                                "args": [],
                                "class": "gluonts.transform.feature.AddObservedValuesIndicator",
                                "kwargs": {
                                    "dtype": {
                                        "__kind__": "type",
                                        "class": "numpy.float32"
                                    },
                                    "imputation_method": {
                                        "__kind__": "instance",
                                        "args": [],
                                        "class": "gluonts.transform.feature.DummyValueImputation",