{
    "directory_name": "infer_2023_03_20_10_53_31",
    "validation_results": {
        "metrics": {
            "aggregated": {
                "MSE": 8.036589044446003e+16,
                "abs_error": 196411207808.0,
                "abs_target_sum": 10755690.88029766,
                "abs_target_mean": 13311.498614229778,
                "seasonal_error": 2522.446651974353,
                "MASE": 74327290.57558104,
                "MAPE": 4704116.703690029,
                "sMAPE": 1.9972176386578249,
                "MSIS": 2973091538.7282715,
                "QuantileLoss[0.1]": 353540170111.05005,
                "Coverage[0.1]": 1.0,
                "QuantileLoss[0.5]": 196411208082.0,
                "Coverage[0.5]": 1.0,
                "QuantileLoss[0.9]": 39282242086.41249,
                "Coverage[0.9]": 1.0,
                "RMSE": 283488783.6307815,
                "NRMSE": 21296.53406023996,
                "ND": 18261.142867892126,
                "wQuantileLoss[0.1]": 32870.05679557666,
                "wQuantileLoss[0.5]": 18261.14289336701,
                "wQuantileLoss[0.9]": 3652.228622372361,
                "mean_absolute_QuantileLoss": 196411206759.82083,
                "mean_wQuantileLoss": 18261.142770438677,
                "MAE_Coverage": 0.5,
                "OWA": NaN
            },
            "contained_nan": false
        },
        "start": 1679306011.775681,
        "end": 1679306014.322128,
        "num_samples": 100,
        "model": {
            "params": 11586,
            "fsize": 50471
        }
    },
    "input_transform": {
        "__kind__": "instance",
        "args": [],
        "class": "gluonts.transform._base.Chain",
        "kwargs": {
            "trans": [
                {
                    "__kind__": "instance",
                    "args": [],
                    "class": "gluonts.transform._base.Chain",
                    "kwargs": {
                        "trans": [
                            {
                                "__kind__": "instance",
                                "args": [],
                                "class": "gluonts.transform.convert.AsNumpyArray",
                                "kwargs": {
                                    "dtype": {
                                        "__kind__": "type",
                                        "class": "numpy.float32"
                                    },
                                    "expected_ndim": 1,
                                    "field": "target"
                                }
                            },
                            {
                                "__kind__": "instance",
                                "args": [],
                                "class": "gluonts.transform.feature.AddTimeFeatures",
                                "kwargs": {
                                    "dtype": {
                                        "__kind__": "type",
                                        "class": "numpy.float32"
                                    },
                                    "output_field": "time_feat",
                                    "pred_length": 8,
                                    "start_field": "start",
                                    "target_field": "target",
                                    "time_features": [
                                        {
                                            "__kind__": "type",
                                            "class": "gluonts.time_feature._base.month_of_year"
                                        }
                                    ]
                                }
                            },
                            {
                                "__kind__": "instance",
                                "args": [],
                                "class": "gluonts.transform.field.SetFieldIfNotPresent",
                                "kwargs": {
                                    "field": "feat_static_cat",
                                    "value": [
                                        0.0
                                    ]
                                }
                            },
                            {
                                "__kind__": "instance",
                                "args": [],
                                "class": "gluonts.transform.convert.AsNumpyArray",
                                "kwargs": {
                                    "dtype": {
                                        "__kind__": "type",
                                        "class": "numpy.float32"
                                    },
                                    "expected_ndim": 1,
                                    "field": "feat_static_cat"
                                }
                            }
                        ]
                    }
                },
                {
                    "__kind__": "instance",
                    "args": [],
                    "class": "gluonts.transform.split.InstanceSplitter",
                    "kwargs": {
                        "dummy_value": 0.0,
                        "forecast_start_field": "forecast_start",
                        "future_length": 8,
                        "instance_sampler": {
                            "__kind__": "instance",
                            "class": "gluonts.transform.sampler.PredictionSplitSampler",
                            "kwargs": {
                                "allow_empty_interval": false,
                                "axis": -1,
                                "min_future": 0,
                                "min_past": 0
                            }
                        },
                        "is_pad_field": "is_pad",
                        "lead_time": 0,
                        "output_NTC": true,
                        "past_length": 5,
                        "start_field": "start",
                        "target_field": "target",
                        "time_series_fields": [
                            "time_feat"
                        ]
                    }
                }
            ]
        }
    },
    "emissions": {
        "timestamp": {
            "0": "2023-03-20T10:53:34"
        },
        "project_name": {
            "0": "codecarbon"
        },
        "run_id": {
            "0": "89c31569-8182-418f-9e0b-e4c6ee496151"
        },
        "duration": {
            "0": 0.0010735988616943
        },
        "emissions": {
            "0": 2.300019404607061e-09
        },
        "emissions_rate": {
            "0": 0.0021423452340264
        },
        "cpu_power": {
            "0": 26.758527833267507
        },
        "gpu_power": {
            "0": 0.0
        },
        "ram_power": {
            "0": 11.68178415298462
        },
        "cpu_energy": {
            "0": 6.188338279311534e-09
        },
        "gpu_energy": {
            "0": 0
        },
        "ram_energy": {
            "0": 1.4529222011105955e-09
        },
        "energy_consumed": {
            "0": 7.641260480422131e-09
        },
        "country_name": {
            "0": "Germany"
        },
        "country_iso_code": {
            "0": "DEU"
        },
        "region": {
            "0": NaN
        },
        "cloud_provider": {
            "0": NaN
        },
        "cloud_region": {
            "0": NaN
        },
        "os": {
            "0": "Linux-5.19.0-35-generic-x86_64-with-debian-bookworm-sid"
        },
        "python_version": {
            "0": "3.7.7"
        },
        "cpu_count": {
            "0": 12
        },
        "cpu_model": {
            "0": "Intel(R) Core(TM) i7-8700 CPU @ 3.20GHz"
        },
        "gpu_count": {
            "0": NaN
        },
        "gpu_model": {
            "0": NaN
        },
        "longitude": {
            "0": NaN
        },