{
    "directory_name": "infer_2023_03_21_05_02_47",
    "validation_results": {
        "metrics": {
            "aggregated": {
                "MSE": 13125.17759286632,
                "abs_error": 144453.1270116904,
                "abs_target_sum": 1186547.0,
                "abs_target_mean": 258.1694952132289,
                "seasonal_error": 31.234116623150562,
                "MASE": 0.9695190329334574,
                "MAPE": 0.2420973686367997,
                "sMAPE": 0.21641150205737444,
                "MSIS": 8.052899726703124,
                "QuantileLoss[0.1]": 64591.26604896285,
                "Coverage[0.1]": 0.09921671018276762,
                "QuantileLoss[0.5]": 144453.1270116904,
                "Coverage[0.5]": 0.4244995648389904,
                "QuantileLoss[0.9]": 79058.3870495916,
                "Coverage[0.9]": 0.7919930374238467,
                "RMSE": 114.56516745008632,
                "NRMSE": 0.44375950518655954,
                "ND": 0.12174244004804732,
                "wQuantileLoss[0.1]": 0.05443633168257376,
                "wQuantileLoss[0.5]": 0.12174244004804732,
                "wQuantileLoss[0.9]": 0.06662895532127391,
                "mean_absolute_QuantileLoss": 96034.2600367483,
                "mean_wQuantileLoss": 0.08093590901729833,
                "MAE_Coverage": 0.06143022918479843,
                "OWA": NaN
            },
            "contained_nan": false
        },
        "start": 1679371367.618857,
        "end": 1679371369.7206697,
        "num_samples": 100,
        "model": {
            "params": 1157,
            "fsize": 12597
        }
    },
    "requirements": [
        "# 3.7.7 (default, Mar 23 2020, 22:36:06)",
        "# [GCC 7.3.0]",
        "wrapt==1.11.2",
        "typed-ast==1.4.0",
        "six==1.12.0",
        "setuptools==41.6.0",
        "pytz==2019.3",
        "python-dateutil==2.8.0",
        "pyparsing==2.4.2",
        "pylint==2.4.3",
        "numpy==1.17.3",
        "mccabe==0.6.1",
        "matplotlib==3.1.1",
        "lazy-object-proxy==1.4.3",
        "kiwisolver==1.1.0",
        "isort==4.3.21",
        "cycler==0.10.0",
        "astroid==2.3.2",
        "zipp==3.14.0",
        "xgboost==1.6.2",
        "wheel==0.37.1",
        "werkzeug==2.2.3",
        "urllib3==1.26.14",
        "typing-extensions==4.4.0",
        "tqdm==4.64.1",
        "toolz==0.12.0",
        "threadpoolctl==3.1.0",
        "tenacity==8.2.2",
        "scipy==1.7.3",
        "scikit-learn==1.0.2",
        "rpy2==2.9.4",
        "requests==2.28.2",
        "reportlab==3.6.12",
        "qrcode==7.4.2",
        "pypng==0.20220715.0",
        "pynvml==11.4.1",
        "pymupdf==1.21.1",
        "pydantic==1.10.4",
        "pyarrow==8.0.0",
        "py-rapl==0.1",
        "py-cpuinfo==9.0.0",
        "psutil==5.9.4",
        "plotly==5.13.1",
        "pip==22.3.1",
        "pint==0.18",
        "pillow==9.4.0",
        "pandas==1.3.5",
        "packaging==23.0",
        "orjson==3.8.5",
        "mxnet==1.9.1",
        "markupsafe==2.1.1",
        "joblib==1.2.0",
        "jinja2==3.1.2",
        "itsdangerous==2.1.2",
        "importlib-metadata==6.0.0",
        "idna==3.4",
        "graphviz==0.8.4",
        "gluonts==0.11.8",
        "fuzzywuzzy==0.18.0",
        "flask==2.2.3",
        "dash==2.8.1",
        "dash-table==5.0.0",
        "dash-html-components==2.0.0",
        "dash-core-components==2.0.0",
        "dash-bootstrap-components==1.4.0",
        "codecarbon==2.1.4",
        "click==8.1.3",
        "charset-normalizer==3.0.1",
        "certifi==2022.12.7",
        "arrow==1.2.3"
    ],
    "type": [
        "gluonts.mx.model.predictor.RepresentableBlockPredictor"
    ],
    "config": {
        "dataset": "hospital_dataset",
        "model": "gpforecaster",
        "output_dir": "mnt_data/results05",
        "ds_seed": 42,
        "epochs": 100,
        "datadir": "mnt_data/data",
        "cpu_monitor_interval": 0.5,
        "seed": 42,
        "timestamp": "2023_03_21_05_02_47",
        "lag": 15,
        "external_forecast_horizon": 12,
        "integer_conversion": true,
        "train_logdir": "mnt_data/results05/train_2023_03_21_05_00_12"
    },
    "emissions": {
        "timestamp": {
            "0": "2023-03-21T05:02:49"
        },
        "project_name": {
            "0": "codecarbon"
        },
        "run_id": {
            "0": "a863c757-17ae-4134-8ae0-76d9a80aa6ba"
        },
        "duration": {
            "0": 0.0008008480072021
        },
        "emissions": {
            "0": 2.1084624243812304e-09
        },
        "emissions_rate": {
            "0": 0.0026327872522869
        },
        "cpu_power": {
            "0": 31.89631435130614
        },
        "gpu_power": {
            "0": 0.0
        },
        "ram_power": {
            "0": 11.68178415298462
        },
        "cpu_energy": {
            "0": 5.883060261169248e-09
        },
        "gpu_energy": {
            "0": 0
        },
        "ram_energy": {
            "0": 1.121798291592313e-09
        },
        "energy_consumed": {
            "0": 7.0048585527615624e-09
        },
        "country_name": {
            "0": "Germany"
        },
        "country_iso_code": {
            "0": "DEU"
        },
        "region": {
            "0": NaN
        },
        "cloud_provider": {
            "0": NaN
        },
        "cloud_region": {
            "0": NaN
        },
        "os": {
            "0": "Linux-5.19.0-35-generic-x86_64-with-debian-bookworm-sid"
        },
        "python_version": {
            "0": "3.7.7"
        },
        "cpu_count": {
            "0": 12
        },
        "cpu_model": {
            "0": "Intel(R) Core(TM) i7-8700 CPU @ 3.20GHz"
        },
        "gpu_count": {
            "0": NaN
        },
        "gpu_model": {
            "0": NaN
        },
        "longitude": {
            "0": NaN
        },
        "latitude": {
            "0": NaN
        },
        "ram_total_size": {
            "0": 31.151424407958984
        },
        "tracking_mode": {
            "0": "machine"
        },
        "on_cloud": {
            "0": "N"
        }
    },
    "input_transform": {
        "__kind__": "instance",
        "args": [],
        "class": "gluonts.transform._base.Chain",
        "kwargs": {
            "trans": [
                {
                    "__kind__": "instance",
                    "args": [],
                    "class": "gluonts.transform._base.Chain",
                    "kwargs": {
                        "trans": [
                            {
                                "__kind__": "instance",
                                "args": [],
                                "class": "gluonts.transform._base.Chain",
                                "kwargs": {
                                    "trans": [
                                        {
                                            "__kind__": "instance",
                                            "args": [],
                                            "class": "gluonts.transform._base.Chain",
                                            "kwargs": {
                                                "trans": [
                                                    {
                                                        "__kind__": "instance",
                                                        "args": [],
                                                        "class": "gluonts.transform.convert.AsNumpyArray",
                                                        "kwargs": {
                                                            "dtype": {
                                                                "__kind__": "type",
                                                                "class": "numpy.float32"
                                                            },
                                                            "expected_ndim": 1,