{
    "directory_name": "infer_2023_03_21_04_02_32",
    "validation_results": {
        "metrics": {
            "aggregated": {
                "MSE": 719.5580402027477,
                "abs_error": 8471.377002716064,
                "abs_target_sum": 58355.1223449707,
                "abs_target_mean": 132.6252780567516,
                "seasonal_error": 15.635723770702368,
                "MASE": 1.2573344731127605,
                "MAPE": 0.17273951755328612,
                "sMAPE": 0.15115447674285282,
                "MSIS": 11.129027495225792,
                "QuantileLoss[0.1]": 4250.131470489502,
                "Coverage[0.1]": 0.14545454545454545,
                "QuantileLoss[0.5]": 8471.376960754395,
                "Coverage[0.5]": 0.6590909090909091,
                "QuantileLoss[0.9]": 4444.651000976561,
                "Coverage[0.9]": 0.9727272727272728,
                "RMSE": 26.82457903123081,
                "NRMSE": 0.20225841878915665,
                "ND": 0.14516938123506762,
                "wQuantileLoss[0.1]": 0.07283219192592091,
                "wQuantileLoss[0.5]": 0.1451693805159933,
                "wQuantileLoss[0.9]": 0.07616556734645626,
                "mean_absolute_QuantileLoss": 5722.053144073485,
                "mean_wQuantileLoss": 0.09805571326279015,
                "MAE_Coverage": 0.09242424242424241,
                "OWA": NaN
            },
            "contained_nan": false
        },
        "start": 1679367752.2769077,
        "end": 1679367754.2917542,
        "num_samples": 100,
        "model": {
            "params": 15883,
            "fsize": 66407
        }
    },
    "requirements": [
        "# 3.7.7 (default, Mar 23 2020, 22:36:06)",
        "# [GCC 7.3.0]",
        "wrapt==1.11.2",
        "typed-ast==1.4.0",
        "six==1.12.0",
        "setuptools==41.6.0",
        "pytz==2019.3",
        "python-dateutil==2.8.0",
        "pyparsing==2.4.2",
        "pylint==2.4.3",
        "numpy==1.17.3",
        "mccabe==0.6.1",
        "matplotlib==3.1.1",
        "lazy-object-proxy==1.4.3",
        "kiwisolver==1.1.0",
        "isort==4.3.21",
        "cycler==0.10.0",
        "astroid==2.3.2",
        "zipp==3.14.0",
        "xgboost==1.6.2",
        "wheel==0.37.1",
        "werkzeug==2.2.3",
        "urllib3==1.26.14",
        "typing-extensions==4.4.0",
        "tqdm==4.64.1",
        "toolz==0.12.0",
        "threadpoolctl==3.1.0",
        "tenacity==8.2.2",
        "scipy==1.7.3",
        "scikit-learn==1.0.2",
        "rpy2==2.9.4",
        "requests==2.28.2",
        "reportlab==3.6.12",
        "qrcode==7.4.2",
        "pypng==0.20220715.0",
        "pynvml==11.4.1",
        "pymupdf==1.21.1",
        "pydantic==1.10.4",
        "pyarrow==8.0.0",
        "py-rapl==0.1",
        "py-cpuinfo==9.0.0",
        "psutil==5.9.4",
        "plotly==5.13.1",
        "pip==22.3.1",
        "pint==0.18",
        "pillow==9.4.0",
        "pandas==1.3.5",
        "packaging==23.0",
        "orjson==3.8.5",
        "mxnet==1.9.1",
        "markupsafe==2.1.1",
        "joblib==1.2.0",
        "jinja2==3.1.2",
        "itsdangerous==2.1.2",
        "importlib-metadata==6.0.0",
        "idna==3.4",
        "graphviz==0.8.4",
        "gluonts==0.11.8",
        "fuzzywuzzy==0.18.0",
        "flask==2.2.3",
        "dash==2.8.1",
        "dash-table==5.0.0",
        "dash-html-components==2.0.0",
        "dash-core-components==2.0.0",
        "dash-bootstrap-components==1.4.0",
        "codecarbon==2.1.4",
        "click==8.1.3",
        "charset-normalizer==3.0.1",
        "certifi==2022.12.7",
        "arrow==1.2.3"
    ],
    "version": {
        "model": "0.11.8",
        "gluonts": "0.11.8"
    },
    "parameters": {
        "batch_size": 32,
        "ctx": {
            "__kind__": "instance",
            "args": [
                "cpu",
                0
            ],
            "class": "mxnet.context.Context"
        },
        "dtype": {
            "__kind__": "type",
            "class": "numpy.float32"
        },
        "forecast_generator": {
            "__kind__": "instance",
            "args": [],
            "class": "gluonts.model.forecast_generator.SampleForecastGenerator",
            "kwargs": {}
        },
        "input_names": [
            "past_target"
        ],
        "lead_time": 0,
        "prediction_length": 8
    },
    "config": {
        "dataset": "nn5_weekly_dataset",
        "model": "feedforward",
        "output_dir": "mnt_data/results05",
        "ds_seed": 135,
        "epochs": 100,
        "datadir": "mnt_data/data",
        "cpu_monitor_interval": 0.5,
        "seed": 42,
        "timestamp": "2023_03_21_04_02_32",
        "lag": 65,
        "external_forecast_horizon": 8,
        "train_logdir": "mnt_data/results05/train_2023_03_21_04_02_19"
    },
    "execution_platform": {
        "System": "Linux",
        "Node Name": "lamarrws05",
        "Release": "5.19.0-35-generic",
        "Version": "#36~22.04.1-Ubuntu SMP PREEMPT_DYNAMIC Fri Feb 17 15:17:25 UTC 2",
        "Machine": "x86_64",
        "Processor": "Intel(R) Core(TM) i7-8700 CPU @ 3.20GHz",
        "Physical cores": 6,
        "Total cores": 12,
        "Max Frequency": 4600.0,
        "Min Frequency": 800.0,
        "Current Frequency": 1450.0739999999998,
        "Total": 33448587264,
        "Available": 31564976128,
        "Used": 1219420160
    },
    "type": [
        "gluonts.mx.model.predictor.RepresentableBlockPredictor"
    ],
    "emissions": {
        "timestamp": {
            "0": "2023-03-21T04:02:34"
        },
        "project_name": {
            "0": "codecarbon"
        },
        "run_id": {
            "0": "7ba0bcac-5bf3-4c4a-973b-ceb6ad3783c8"
        },
        "duration": {
            "0": 0.0008831024169921
        },
        "emissions": {
            "0": 2.097475318569992e-09
        },
        "emissions_rate": {
            "0": 0.0023751212523162
        },
        "cpu_power": {
            "0": 29.32859376045333
        },
        "gpu_power": {
            "0": 0.0
        },
        "ram_power": {
            "0": 11.68178415298462
        },
        "cpu_energy": {
            "0": 5.679448985759783e-09
        },
        "gpu_energy": {
            "0": 0
        },
        "ram_energy": {
            "0": 1.2889075543398576e-09
        },
        "energy_consumed": {
            "0": 6.968356540099641e-09
        },
        "country_name": {
            "0": "Germany"
        },
        "country_iso_code": {
            "0": "DEU"
        },
        "region": {
            "0": NaN
        },
        "cloud_provider": {
            "0": NaN
        },
        "cloud_region": {
            "0": NaN
        },
        "os": {
            "0": "Linux-5.19.0-35-generic-x86_64-with-debian-bookworm-sid"
        },
        "python_version": {
            "0": "3.7.7"
        },
        "cpu_count": {
            "0": 12
        },
        "cpu_model": {
            "0": "Intel(R) Core(TM) i7-8700 CPU @ 3.20GHz"
        },
        "gpu_count": {
            "0": NaN
        },
        "gpu_model": {
            "0": NaN
        },
        "longitude": {
            "0": NaN
        },
        "latitude": {
            "0": NaN
        },
        "ram_total_size": {
            "0": 31.151424407958984
        },
        "tracking_mode": {
            "0": "machine"
        },
        "on_cloud": {
            "0": "N"
        }
    },
    "input_transform": {
        "__kind__": "instance",
        "args": [],
        "class": "gluonts.transform._base.Chain",
        "kwargs": {
            "trans": [
                {
                    "__kind__": "instance",
                    "args": [],
                    "class": "gluonts.transform._base.Chain",
                    "kwargs": {
                        "trans": [
                            {
                                "__kind__": "instance",
                                "args": [],