{
    "directory_name": "infer_2023_03_20_17_05_43",
    "validation_results": {
        "metrics": {
            "aggregated": {
                "MSE": 5025955.9610302355,
                "abs_error": 250428.6506484747,
                "abs_target_sum": 13421517.220402122,
                "abs_target_mean": 21103.014497487617,
                "seasonal_error": 806.2009497486924,
                "MASE": 0.7488468827521106,
                "MAPE": 0.13717288768111705,
                "sMAPE": 0.1435571843816799,
                "MSIS": 29.95387515751595,
                "QuantileLoss[0.1]": 372015.38172926236,
                "Coverage[0.1]": 0.4135220125786163,
                "QuantileLoss[0.5]": 250428.65072047338,
                "Coverage[0.5]": 0.4135220125786163,
                "QuantileLoss[0.9]": 128841.91971168443,
                "Coverage[0.9]": 0.4135220125786163,
                "RMSE": 2241.864393987789,
                "NRMSE": 0.10623431994773497,
                "ND": 0.01865874375721075,
                "wQuantileLoss[0.1]": 0.027717833656224777,
                "wQuantileLoss[0.5]": 0.018658743762575175,
                "wQuantileLoss[0.9]": 0.009599653868925574,
                "mean_absolute_QuantileLoss": 250428.6507204734,
                "mean_wQuantileLoss": 0.018658743762575175,
                "MAE_Coverage": 0.2954926624737946,
                "OWA": NaN
            },
            "contained_nan": false
        },
        "start": 1679328343.725473,
        "end": 1679328349.2976742,
        "num_samples": 100,
        "model": {
            "params": 24879579,
            "fsize": 99554924
        }
    },
    "emissions": {
        "timestamp": {
            "0": "2023-03-20T17:05:46"
        },
        "project_name": {
            "0": "codecarbon"
        },
        "run_id": {
            "0": "72472131-45d5-4557-8894-330a39f1e201"
        },
        "duration": {
            "0": 0.0008111000061035
        },
        "emissions": {
            "0": 1.934713502840897e-09
        },
        "emissions_rate": {
            "0": 0.0023852958800175
        },
        "cpu_power": {
            "0": 28.116089657852022
        },
        "gpu_power": {
            "0": 0.0
        },
        "ram_power": {
            "0": 11.68178415298462
        },
        "cpu_energy": {
            "0": 5.323615361041423e-09
        },
        "gpu_energy": {
            "0": 0
        },
        "ram_energy": {
            "0": 1.1040042497256763e-09
        },
        "energy_consumed": {
            "0": 6.427619610767099e-09
        },
        "country_name": {
            "0": "Germany"
        },
        "country_iso_code": {
            "0": "DEU"
        },
        "region": {
            "0": NaN
        },
        "cloud_provider": {
            "0": NaN
        },
        "cloud_region": {
            "0": NaN
        },
        "os": {
            "0": "Linux-5.19.0-35-generic-x86_64-with-debian-bookworm-sid"
        },
        "python_version": {
            "0": "3.7.7"
        },
        "cpu_count": {
            "0": 12
        },
        "cpu_model": {
            "0": "Intel(R) Core(TM) i7-8700 CPU @ 3.20GHz"
        },
        "gpu_count": {
            "0": NaN
        },
        "gpu_model": {
            "0": NaN
        },
        "longitude": {
            "0": NaN
        },
        "latitude": {
            "0": NaN
        },
        "ram_total_size": {
            "0": 31.151424407958984
        },
        "tracking_mode": {
            "0": "machine"
        },
        "on_cloud": {
            "0": "N"
        }
    },
    "config": {
        "dataset": "fred_md_dataset",
        "model": "nbeats",
        "output_dir": "mnt_data/results05",
        "ds_seed": 135,
        "epochs": 100,
        "datadir": "mnt_data/data",
        "cpu_monitor_interval": 0.5,
        "seed": 42,
        "timestamp": "2023_03_20_17_05_43",
        "lag": 15,
        "external_forecast_horizon": 12,
        "train_logdir": "mnt_data/results05/train_2023_03_20_16_56_01"
    },
    "version": {
        "model": "0.11.8",
        "gluonts": "0.11.8"
    },
    "prediction_net-network": {
        "__kind__": "instance",
        "args": [],
        "class": "gluonts.mx.model.n_beats._network.NBEATSPredictionNetwork",
        "kwargs": {
            "context_length": 15,
            "expansion_coefficient_lengths": [
                32,
                32,
                32,
                32,
                32,
                32,
                32,
                32,
                32,
                32,
                32,
                32,
                32,
                32,
                32,
                32,
                32,
                32,
                32,
                32,
                32,
                32,
                32,
                32,
                32,
                32,
                32,
                32,
                32,
                32
            ],
            "num_block_layers": [
                4,
                4,
                4,
                4,
                4,
                4,
                4,
                4,
                4,
                4,
                4,
                4,
                4,
                4,
                4,
                4,
                4,
                4,
                4,
                4,
                4,
                4,
                4,
                4,
                4,
                4,
                4,
                4,
                4,
                4
            ],
            "num_blocks": [
                1,
                1,
                1,
                1,
                1,
                1,
                1,
                1,
                1,
                1,
                1,
                1,
                1,
                1,
                1,
                1,
                1,
                1,
                1,
                1,
                1,
                1,
                1,
                1,
                1,
                1,
                1,
                1,
                1,
                1
            ],
            "num_stacks": 30,
            "prediction_length": 12,
            "scale": false,
            "sharing": [
                false,
                false,
                false,
                false,
                false,
                false,
                false,
                false,
                false,
                false,
                false,
                false,
                false,
                false,
                false,
                false,
                false,
                false,
                false,
                false,
                false,
                false,
                false,
                false,
                false,
                false,
                false,
                false,
                false,
                false
            ],
            "stack_types": [
                "G",
                "G",
                "G",
                "G",
                "G",
                "G",
                "G",
                "G",
                "G",
                "G",
                "G",
                "G",
                "G",
                "G",
                "G",
                "G",
                "G",
                "G",
                "G",
                "G",
                "G",
                "G",
                "G",
                "G",
                "G",
                "G",
                "G",
                "G",
                "G",
                "G"
            ],