{
    "directory_name": "infer_2023_03_20_16_39_33",
    "type": [
        "gluonts.mx.model.renewal._predictor.DeepRenewalProcessPredictor"
    ],
    "validation_results": {
        "metrics": {
            "aggregated": {
                "MSE": 60045825225.95543,
                "abs_error": 39931651.33814621,
                "abs_target_sum": 39933502.7381424,
                "abs_target_mean": 62788.52631783396,
                "seasonal_error": 2911.541892877932,
                "MASE": 27.03790426871983,
                "MAPE": 2.9622583036902568,
                "sMAPE": 1.773550327468968,
                "MSIS": 571.9366495616075,
                "QuantileLoss[0.1]": 7986604.981129099,
                "Coverage[0.1]": 0.034591194968553465,
                "QuantileLoss[0.5]": 39931653.20564723,
                "Coverage[0.5]": 0.04874213836477987,
                "QuantileLoss[0.9]": 71784589.23014183,
                "Coverage[0.9]": 0.3946540880503145,
                "RMSE": 245042.49677546837,
                "NRMSE": 3.902663609830072,
                "ND": 0.9999536379263214,
                "wQuantileLoss[0.1]": 0.1999976068590825,
                "wQuantileLoss[0.5]": 0.999953684691591,
                "wQuantileLoss[0.9]": 1.7976031228930223,
                "mean_absolute_QuantileLoss": 39900949.13897272,
                "mean_wQuantileLoss": 0.9991848048145652,
                "MAE_Coverage": 0.3406708595387841,
                "OWA": NaN
            },
            "contained_nan": false
        },
        "start": 1679326773.9388897,
        "end": 1679326776.182428,
        "num_samples": 100,
        "model": {
            "params": 584,
            "fsize": 6287
        }
    },
    "requirements": [
        "# 3.7.7 (default, Mar 23 2020, 22:36:06)",
        "# [GCC 7.3.0]",
        "wrapt==1.11.2",
        "typed-ast==1.4.0",
        "six==1.12.0",
        "setuptools==41.6.0",
        "pytz==2019.3",
        "python-dateutil==2.8.0",
        "pyparsing==2.4.2",
        "pylint==2.4.3",
        "numpy==1.17.3",
        "mccabe==0.6.1",
        "matplotlib==3.1.1",
        "lazy-object-proxy==1.4.3",
        "kiwisolver==1.1.0",
        "isort==4.3.21",
        "cycler==0.10.0",
        "astroid==2.3.2",
        "zipp==3.14.0",
        "xgboost==1.6.2",
        "wheel==0.37.1",
        "werkzeug==2.2.3",
        "urllib3==1.26.14",
        "typing-extensions==4.4.0",
        "tqdm==4.64.1",
        "toolz==0.12.0",
        "threadpoolctl==3.1.0",
        "tenacity==8.2.2",
        "scipy==1.7.3",
        "scikit-learn==1.0.2",
        "rpy2==2.9.4",
        "requests==2.28.2",
        "reportlab==3.6.12",
        "qrcode==7.4.2",
        "pypng==0.20220715.0",
        "pynvml==11.4.1",
        "pymupdf==1.21.1",
        "pydantic==1.10.4",
        "pyarrow==8.0.0",
        "py-rapl==0.1",
        "py-cpuinfo==9.0.0",
        "psutil==5.9.4",
        "plotly==5.13.1",
        "pip==22.3.1",
        "pint==0.18",
        "pillow==9.4.0",
        "pandas==1.3.5",
        "packaging==23.0",
        "orjson==3.8.5",
        "mxnet==1.9.1",
        "markupsafe==2.1.1",
        "joblib==1.2.0",
        "jinja2==3.1.2",
        "itsdangerous==2.1.2",
        "importlib-metadata==6.0.0",
        "idna==3.4",
        "graphviz==0.8.4",
        "gluonts==0.11.8",
        "fuzzywuzzy==0.18.0",
        "flask==2.2.3",
        "dash==2.8.1",
        "dash-table==5.0.0",
        "dash-html-components==2.0.0",
        "dash-core-components==2.0.0",
        "dash-bootstrap-components==1.4.0",
        "codecarbon==2.1.4",
        "click==8.1.3",
        "charset-normalizer==3.0.1",
        "certifi==2022.12.7",
        "arrow==1.2.3"
    ],
    "prediction_net-network": {
        "__kind__": "instance",
        "args": [],
        "class": "gluonts.mx.model.renewal._network.DeepRenewalPredictionNetwork",
        "kwargs": {
            "context_length": 15,
            "dropout_rate": 0.1,
            "interval_distr_output": {
                "__kind__": "instance",
                "args": [],
                "class": "gluonts.mx.distribution.neg_binomial.NegativeBinomialOutput",
                "kwargs": {}
            },
            "num_cells": 10,
            "num_layers": 1,
            "num_parallel_samples": 100,
            "prediction_length": 12,
            "size_distr_output": {
                "__kind__": "instance",
                "args": [],
                "class": "gluonts.mx.distribution.neg_binomial.NegativeBinomialOutput",
                "kwargs": {}
            }
        }
    },
    "input_transform": {
        "__kind__": "instance",
        "args": [],
        "class": "gluonts.transform._base.Chain",
        "kwargs": {
            "trans": [
                {
                    "__kind__": "instance",
                    "args": [],
                    "class": "gluonts.transform.feature.AddObservedValuesIndicator",
                    "kwargs": {
                        "dtype": {
                            "__kind__": "type",
                            "class": "numpy.float32"
                        },
                        "imputation_method": {
                            "__kind__": "instance",
                            "args": [],
                            "class": "gluonts.transform.feature.DummyValueImputation",
                            "kwargs": {
                                "dummy_value": 0.0
                            }
                        },
                        "output_field": "observed_values",
                        "target_field": "target"
                    }
                },
                {
                    "__kind__": "instance",
                    "args": [],
                    "class": "gluonts.transform._base.Chain",
                    "kwargs": {
                        "trans": [
                            {
                                "__kind__": "instance",
                                "args": [],
                                "class": "gluonts.transform.split.InstanceSplitter",
                                "kwargs": {
                                    "dummy_value": 0.0,
                                    "forecast_start_field": "forecast_start",
                                    "future_length": 12,
                                    "instance_sampler": {
                                        "__kind__": "instance",
                                        "class": "gluonts.transform.sampler.PredictionSplitSampler",
                                        "kwargs": {
                                            "allow_empty_interval": false,
                                            "axis": -1,
                                            "min_future": 0,
                                            "min_past": 0
                                        }
                                    },
                                    "is_pad_field": "is_pad",
                                    "lead_time": 0,
                                    "output_NTC": true,
                                    "past_length": 15,
                                    "start_field": "start",
                                    "target_field": "target",
                                    "time_series_fields": []
                                }
                            },
                            {
                                "__kind__": "instance",
                                "args": [],
                                "class": "gluonts.transform._base.Chain",
                                "kwargs": {
                                    "trans": [
                                        {
                                            "__kind__": "instance",
                                            "args": [],
                                            "class": "gluonts.transform.feature.CountTrailingZeros",