{
    "directory_name": "infer_2023_03_21_13_58_32",
    "validation_results": {
        "metrics": {
            "aggregated": {
                "MSE": 197802262.51778755,
                "abs_error": 11671549.266125679,
                "abs_target_sum": 50827278.26475757,
                "abs_target_mean": 9167.979484985131,
                "seasonal_error": 1345.4280603724972,
                "MASE": 2.0551847408903927,
                "MAPE": 0.3326011642136357,
                "sMAPE": 0.2179594686279049,
                "MSIS": 25.33811338068707,
                "QuantileLoss[0.1]": 4896900.830150994,
                "Coverage[0.1]": 0.11056998556998557,
                "QuantileLoss[0.5]": 11671549.168283835,
                "Coverage[0.5]": 0.4305555555555556,
                "QuantileLoss[0.9]": 9649224.389329134,
                "Coverage[0.9]": 0.829906204906205,
                "RMSE": 14064.21922887252,
                "NRMSE": 1.5340587587380852,
                "ND": 0.22963160067963848,
                "wQuantileLoss[0.1]": 0.09634395146329108,
                "wQuantileLoss[0.5]": 0.22963159875465158,
                "wQuantileLoss[0.9]": 0.18984342106745614,
                "mean_absolute_QuantileLoss": 8739224.79592132,
                "mean_wQuantileLoss": 0.17193965709513293,
                "MAE_Coverage": 0.05003607503607499,
                "OWA": NaN
            },
            "contained_nan": false
        },
        "start": 1679403512.5938802,
        "end": 1679403514.7366025,
        "num_samples": 100,
        "model": {
            "params": 33882,
            "fsize": 140753
        }
    },
    "parameters": {
        "batch_size": 32,
        "ctx": {
            "__kind__": "instance",
            "args": [
                "cpu",
                0
            ],
            "class": "mxnet.context.Context"
        },
        "dtype": {
            "__kind__": "type",
            "class": "numpy.float32"
        },
        "forecast_generator": {
            "__kind__": "instance",
            "args": [],
            "class": "gluonts.model.forecast_generator.QuantileForecastGenerator",
            "kwargs": {
                "quantiles": [
                    "0.025",
                    "0.1",
                    "0.2",
                    "0.3",
                    "0.4",
                    "0.5",
                    "0.6",
                    "0.7",
                    "0.8",
                    "0.9",
                    "0.975"
                ]
            }
        },
        "input_names": [
            "past_target",
            "past_feat_dynamic",
            "future_feat_dynamic",
            "feat_static_cat",
            "past_observed_values"
        ],
        "lead_time": 0,
        "prediction_length": 18
    },
    "input_transform": {
        "__kind__": "instance",
        "args": [],
        "class": "gluonts.transform._base.Chain",
        "kwargs": {
            "trans": [
                {
                    "__kind__": "instance",
                    "args": [],
                    "class": "gluonts.transform._base.Chain",
                    "kwargs": {
                        "trans": [
                            {
                                "__kind__": "instance",
                                "args": [],
                                "class": "gluonts.transform.field.RemoveFields",
                                "kwargs": {
                                    "field_names": [
                                        "feat_dynamic_cat",
                                        "feat_static_real",
                                        "past_feat_dynamic_real",
                                        "feat_dynamic_real",
                                        "feat_static_cat"
                                    ]
                                }
                            },
                            {
                                "__kind__": "instance",
                                "args": [],
                                "class": "gluonts.transform.feature.AddObservedValuesIndicator",
                                "kwargs": {
                                    "dtype": {
                                        "__kind__": "type",
                                        "class": "numpy.float32"
                                    },
                                    "imputation_method": {
                                        "__kind__": "instance",
                                        "args": [],
                                        "class": "gluonts.transform.feature.DummyValueImputation",
                                        "kwargs": {
                                            "dummy_value": 0.0
                                        }
                                    },
                                    "output_field": "observed_values",
                                    "target_field": "target"
                                }
                            },
                            {
                                "__kind__": "instance",
                                "args": [],
                                "class": "gluonts.transform.feature.AddTimeFeatures",
                                "kwargs": {
                                    "dtype": {
                                        "__kind__": "type",
                                        "class": "numpy.float32"
                                    },
                                    "output_field": "time_feat",
                                    "pred_length": 18,
                                    "start_field": "start",
                                    "target_field": "target",
                                    "time_features": [
                                        {
                                            "__kind__": "type",
                                            "class": "gluonts.time_feature._base.month_of_year"
                                        }
                                    ]
                                }
                            },
                            {
                                "__kind__": "instance",
                                "args": [],
                                "class": "gluonts.transform.field.RenameFields",
                                "kwargs": {
                                    "mapping": {
                                        "time_feat": "feat_dynamic"
                                    }
                                }
                            },
                            {
                                "__kind__": "instance",
                                "args": [],
                                "class": "gluonts.transform.field.SetField",
                                "kwargs": {
                                    "output_field": "feat_static_cat",
                                    "value": {
                                        "__kind__": "instance",
                                        "args": [
                                            [
                                                0
                                            ],
                                            {
                                                "__kind__": "instance",
                                                "args": [
                                                    "int32"
                                                ],
                                                "class": "numpy.dtype"
                                            }
                                        ],