{
    "directory_name": "infer_2023_03_20_16_33_25",
    "version": {
        "model": "0.11.8",
        "gluonts": "0.11.8"
    },
    "validation_results": {
        "metrics": {
            "aggregated": {
                "MSE": 237982790348.2716,
                "abs_error": 160243175.58388233,
                "abs_target_sum": 39933502.7381424,
                "abs_target_mean": 62788.52631783396,
                "seasonal_error": 2911.541892877932,
                "MASE": 69373.40673531713,
                "MAPE": 4141.492113060922,
                "sMAPE": 1.8241850242674724,
                "MSIS": 2774774.1948802844,
                "QuantileLoss[0.1]": 262309347.66243988,
                "Coverage[0.1]": 0.4386792452830189,
                "QuantileLoss[0.5]": 160243176.68419838,
                "Coverage[0.5]": 0.45911949685534587,
                "QuantileLoss[0.9]": 58167122.85413284,
                "Coverage[0.9]": 0.5676100628930818,
                "RMSE": 487834.79821377195,
                "NRMSE": 7.769489536103529,
                "ND": 4.012750312304219,
                "wQuantileLoss[0.1]": 6.568653628570771,
                "wQuantileLoss[0.5]": 4.012750339857927,
                "wQuantileLoss[0.9]": 1.456599568426404,
                "mean_absolute_QuantileLoss": 160239882.40025702,
                "mean_wQuantileLoss": 4.012667845618368,
                "MAE_Coverage": 0.23731656184486374,
                "OWA": NaN
            },
            "contained_nan": false
        },
        "start": 1679326405.501964,
        "end": 1679326407.53501,
        "num_samples": 100,
        "model": {
            "params": 11586,
            "fsize": 50476
        }
    },
    "type": [
        "gluonts.mx.model.predictor.RepresentableBlockPredictor"
    ],
    "prediction_net-network": {
        "__kind__": "instance",
        "args": [],
        "class": "gluonts.mx.model.deep_factor._network.DeepFactorPredictionNetwork",
        "kwargs": {
            "embedder": {
                "__kind__": "instance",
                "args": [],
                "class": "gluonts.mx.block.feature.FeatureEmbedder",
                "kwargs": {
                    "cardinalities": [
                        1
                    ],
                    "dtype": {
                        "__kind__": "type",
                        "class": "numpy.float32"
                    },
                    "embedding_dims": [
                        10
                    ]
                }
            },
            "global_model": {
                "__kind__": "instance",
                "args": [],
                "class": "gluonts.mx.model.deep_factor.RNNModel.RNNModel",
                "kwargs": {
                    "bidirectional": false,
                    "mode": "lstm",
                    "num_hidden": 50,
                    "num_layers": 1,
                    "num_output": 10
                }
            },
            "local_model": {
                "__kind__": "instance",
                "args": [],
                "class": "gluonts.mx.model.deep_factor.RNNModel.RNNModel",
                "kwargs": {
                    "bidirectional": false,
                    "mode": "lstm",
                    "num_hidden": 5,
                    "num_layers": 1,
                    "num_output": 1
                }
            },
            "num_parallel_samples": 100,
            "prediction_len": 12
        }
    },
    "emissions": {
        "timestamp": {
            "0": "2023-03-20T16:33:27"
        },
        "project_name": {
            "0": "codecarbon"
        },
        "run_id": {
            "0": "495ec8ef-ce6e-4a16-b492-fdb108a9c881"
        },
        "duration": {
            "0": 0.0008594989776611
        },
        "emissions": {
            "0": 4.042620635141247e-10
        },
        "emissions_rate": {
            "0": 0.0004703461830916
        },
        "cpu_power": {
            "0": 0.0
        },
        "gpu_power": {
            "0": 0.0
        },
        "ram_power": {
            "0": 11.68178415298462
        },
        "cpu_energy": {
            "0": 0.0
        },
        "gpu_energy": {
            "0": 0
        },
        "ram_energy": {
            "0": 1.3430633339339691e-09
        },
        "energy_consumed": {
            "0": 1.3430633339339691e-09
        },
        "country_name": {
            "0": "Germany"
        },
        "country_iso_code": {
            "0": "DEU"
        },
        "region": {
            "0": NaN
        },
        "cloud_provider": {
            "0": NaN
        },
        "cloud_region": {
            "0": NaN
        },
        "os": {
            "0": "Linux-5.19.0-35-generic-x86_64-with-debian-bookworm-sid"
        },
        "python_version": {
            "0": "3.7.7"
        },
        "cpu_count": {
            "0": 12
        },
        "cpu_model": {
            "0": "Intel(R) Core(TM) i7-8700 CPU @ 3.20GHz"
        },
        "gpu_count": {
            "0": NaN
        },
        "gpu_model": {
            "0": NaN
        },
        "longitude": {
            "0": NaN
        },
        "latitude": {
            "0": NaN
        },
        "ram_total_size": {
            "0": 31.151424407958984
        },
        "tracking_mode": {
            "0": "machine"
        },
        "on_cloud": {
            "0": "N"
        }
    },
    "config": {
        "dataset": "fred_md_dataset",
        "model": "deepfactor",
        "output_dir": "mnt_data/results05",
        "ds_seed": 124,
        "epochs": 100,
        "datadir": "mnt_data/data",
        "cpu_monitor_interval": 0.5,
        "seed": 42,
        "timestamp": "2023_03_20_16_33_25",
        "lag": 15,
        "external_forecast_horizon": 12,
        "train_logdir": "mnt_data/results05/train_2023_03_20_16_33_09"
    },
    "parameters": {
        "batch_size": 32,
        "ctx": {
            "__kind__": "instance",
            "args": [
                "cpu",
                0
            ],
            "class": "mxnet.context.Context"
        },
        "dtype": {
            "__kind__": "type",
            "class": "numpy.float32"
        },
        "forecast_generator": {
            "__kind__": "instance",
            "args": [],
            "class": "gluonts.model.forecast_generator.SampleForecastGenerator",
            "kwargs": {}
        },
        "input_names": [
            "feat_static_cat",
            "past_time_feat",
            "future_time_feat",
            "past_target"
        ],
        "lead_time": 0,
        "prediction_length": 12
    },