{
    "directory_name": "infer_2023_03_20_20_40_46",
    "parameters": {
        "batch_size": 32,
        "ctx": {
            "__kind__": "instance",
            "args": [
                "cpu",
                0
            ],
            "class": "mxnet.context.Context"
        },
        "dtype": {
            "__kind__": "type",
            "class": "numpy.float32"
        },
        "forecast_generator": {
            "__kind__": "instance",
            "args": [],
            "class": "gluonts.model.forecast_generator.SampleForecastGenerator",
            "kwargs": {}
        },
        "input_names": [
            "past_target"
        ],
        "lead_time": 0,
        "prediction_length": 56
    },
    "validation_results": {
        "metrics": {
            "aggregated": {
                "MSE": 52.94491703974737,
                "abs_error": 14953.806182861328,
                "abs_target_sum": 62396.92004394531,
                "abs_target_mean": 20.258740274008222,
                "seasonal_error": 6.766927238739326,
                "MASE": 0.7386153920338661,
                "MAPE": 0.3950991635674115,
                "sMAPE": 0.25508705718176705,
                "MSIS": 6.844149022385145,
                "QuantileLoss[0.1]": 7241.918174862862,
                "Coverage[0.1]": 0.08571428571428573,
                "QuantileLoss[0.5]": 14953.806125879288,
                "Coverage[0.5]": 0.4977272727272726,
                "QuantileLoss[0.9]": 8669.358036518097,
                "Coverage[0.9]": 0.8737012987012985,
                "RMSE": 7.276325792578791,
                "NRMSE": 0.3591697062188141,
                "ND": 0.23965615886696912,
                "wQuantileLoss[0.1]": 0.1160621096323741,
                "wQuantileLoss[0.5]": 0.23965615795375034,
                "wQuantileLoss[0.9]": 0.13893887759864404,
                "mean_absolute_QuantileLoss": 10288.360779086748,
                "mean_wQuantileLoss": 0.1648857150615895,
                "MAE_Coverage": 0.014285714285714396,
                "OWA": NaN
            },
            "contained_nan": false
        },
        "start": 1679341246.9054177,
        "end": 1679341248.989151,
        "num_samples": 100,
        "model": {
            "params": 92363,
            "fsize": 372328
        }
    },
    "input_transform": {
        "__kind__": "instance",
        "args": [],
        "class": "gluonts.transform._base.Chain",
        "kwargs": {
            "trans": [
                {
                    "__kind__": "instance",
                    "args": [],
                    "class": "gluonts.transform._base.Chain",
                    "kwargs": {
                        "trans": [
                            {
                                "__kind__": "instance",
                                "args": [],
                                "class": "gluonts.transform.field.SelectFields",
                                "kwargs": {
                                    "allow_missing": true,
                                    "input_fields": [
                                        "item_id",
                                        "info",
                                        "start",
                                        "target"
                                    ]
                                }
                            },
                            {
                                "__kind__": "instance",
                                "args": [],
                                "class": "gluonts.transform.feature.AddObservedValuesIndicator",
                                "kwargs": {
                                    "dtype": {
                                        "__kind__": "type",
                                        "class": "numpy.float32"
                                    },
                                    "imputation_method": {
                                        "__kind__": "instance",
                                        "args": [],
                                        "class": "gluonts.transform.feature.DummyValueImputation",
                                        "kwargs": {
                                            "dummy_value": 0.0
                                        }
                                    },
                                    "output_field": "observed_values",
                                    "target_field": "target"
                                }
                            }
                        ]
                    }
                },
                {
                    "__kind__": "instance",
                    "args": [],
                    "class": "gluonts.transform.split.InstanceSplitter",
                    "kwargs": {
                        "dummy_value": 0.0,
                        "forecast_start_field": "forecast_start",
                        "future_length": 56,
                        "instance_sampler": {
                            "__kind__": "instance",
                            "class": "gluonts.transform.sampler.PredictionSplitSampler",
                            "kwargs": {
                                "allow_empty_interval": false,
                                "axis": -1,
                                "min_future": 0,
                                "min_past": 0
                            }
                        },
                        "is_pad_field": "is_pad",
                        "lead_time": 0,
                        "output_NTC": true,
                        "past_length": 9,
                        "start_field": "start",
                        "target_field": "target",
                        "time_series_fields": [
                            "observed_values"
                        ]
                    }
                }
            ]
        }
    },
    "type": [
        "gluonts.mx.model.predictor.RepresentableBlockPredictor"
    ],
    "config": {
        "dataset": "nn5_daily_dataset_without_missing_values",
        "model": "feedforward",
        "output_dir": "mnt_data/results05",
        "ds_seed": 129,
        "epochs": 100,
        "datadir": "mnt_data/data",
        "cpu_monitor_interval": 0.5,
        "seed": 42,
        "timestamp": "2023_03_20_20_40_46",
        "lag": 9,
        "train_logdir": "mnt_data/results05/train_2023_03_20_20_40_15"
    },
    "prediction_net-network": {
        "__kind__": "instance",
        "args": [],
        "class": "gluonts.mx.model.simple_feedforward._network.SimpleFeedForwardSamplingNetwork",
        "kwargs": {
            "batch_normalization": false,
            "context_length": 9,
            "distr_output": {
                "__kind__": "instance",
                "args": [],
                "class": "gluonts.mx.distribution.student_t.StudentTOutput",
                "kwargs": {}
            },
            "mean_scaling": true,
            "num_hidden_dimensions": [
                40,
                40
            ],
            "num_parallel_samples": 100,
            "prediction_length": 56
        }
    },