{
    "directory_name": "infer_2023_03_20_18_41_19",
    "validation_results": {
        "metrics": {
            "aggregated": {
                "MSE": 41.91706630161832,
                "abs_error": 13945.676788330078,
                "abs_target_sum": 55495.18814086914,
                "abs_target_mean": 18.017918227554922,
                "seasonal_error": 6.473085994628118,
                "MASE": 0.7413992484534685,
                "MAPE": 0.3935195118191724,
                "sMAPE": 0.2763419131179909,
                "MSIS": 6.1311073259222,
                "QuantileLoss[0.1]": 6425.5226560592655,
                "Coverage[0.1]": 0.14123376623376627,
                "QuantileLoss[0.5]": 13945.676824569702,
                "Coverage[0.5]": 0.5220779220779221,
                "QuantileLoss[0.9]": 8258.434725308418,
                "Coverage[0.9]": 0.7376623376623376,
                "RMSE": 6.474339062917412,
                "NRMSE": 0.359327808082521,
                "ND": 0.25129524298449685,
                "wQuantileLoss[0.1]": 0.11578522158981966,
                "wQuantileLoss[0.5]": 0.25129524363751965,
                "wQuantileLoss[0.9]": 0.14881352783857915,
                "mean_absolute_QuantileLoss": 9543.211401979128,
                "mean_wQuantileLoss": 0.17196466435530613,
                "MAE_Coverage": 0.07521645021645028,
                "OWA": NaN
            },
            "contained_nan": false
        },
        "start": 1679334079.8137543,
        "end": 1679334081.8705158,
        "num_samples": 100,
        "model": {
            "params": 469962,
            "fsize": 1885410
        }
    },
    "config": {
        "dataset": "nn5_daily_dataset_without_missing_values",
        "model": "mqrnn",
        "output_dir": "mnt_data/results05",
        "ds_seed": 468,
        "epochs": 100,
        "datadir": "mnt_data/data",
        "cpu_monitor_interval": 0.5,
        "seed": 42,
        "timestamp": "2023_03_20_18_41_19",
        "lag": 9,
        "train_logdir": "mnt_data/results05/train_2023_03_20_18_40_50"
    },
    "parameters": {
        "batch_size": 32,
        "ctx": {
            "__kind__": "instance",
            "args": [
                "cpu",
                0
            ],
            "class": "mxnet.context.Context"
        },
        "dtype": {
            "__kind__": "type",
            "class": "numpy.float32"
        },
        "forecast_generator": {
            "__kind__": "instance",
            "args": [],
            "class": "gluonts.model.forecast_generator.QuantileForecastGenerator",
            "kwargs": {
                "quantiles": [
                    "0.025",
                    "0.1",
                    "0.2",
                    "0.3",
                    "0.4",
                    "0.5",
                    "0.6",
                    "0.7",
                    "0.8",
                    "0.9",
                    "0.975"
                ]
            }
        },
        "input_names": [
            "past_target",
            "past_feat_dynamic",
            "future_feat_dynamic",
            "feat_static_cat",
            "past_observed_values"
        ],
        "lead_time": 0,
        "prediction_length": 56
    },
    "emissions": {
        "timestamp": {
            "0": "2023-03-20T18:41:21"
        },
        "project_name": {
            "0": "codecarbon"
        },
        "run_id": {
            "0": "e0845c12-1786-4446-b196-604566a40807"
        },
        "duration": {
            "0": 0.0011298656463623
        },
        "emissions": {
            "0": 2.044418061802677e-09
        },
        "emissions_rate": {
            "0": 0.0018094346601163
        },
        "cpu_power": {
            "0": 23.05179740121681
        },
        "gpu_power": {
            "0": 0.0
        },
        "ram_power": {
            "0": 11.68178415298462
        },
        "cpu_energy": {
            "0": 5.306670915194989e-09
        },
        "gpu_energy": {
            "0": 0
        },
        "ram_energy": {
            "0": 1.4854156688670626e-09
        },
        "energy_consumed": {
            "0": 6.792086584062051e-09
        },
        "country_name": {
            "0": "Germany"
        },
        "country_iso_code": {
            "0": "DEU"
        },
        "region": {
            "0": NaN
        },
        "cloud_provider": {
            "0": NaN
        },
        "cloud_region": {
            "0": NaN
        },
        "os": {
            "0": "Linux-5.19.0-35-generic-x86_64-with-debian-bookworm-sid"
        },
        "python_version": {
            "0": "3.7.7"
        },
        "cpu_count": {
            "0": 12
        },
        "cpu_model": {
            "0": "Intel(R) Core(TM) i7-8700 CPU @ 3.20GHz"
        },
        "gpu_count": {
            "0": NaN
        },
        "gpu_model": {
            "0": NaN
        },
        "longitude": {
            "0": NaN
        },
        "latitude": {
            "0": NaN
        },
        "ram_total_size": {
            "0": 31.151424407958984
        },
        "tracking_mode": {
            "0": "machine"
        },
        "on_cloud": {
            "0": "N"
        }
    },
    "input_transform": {
        "__kind__": "instance",
        "args": [],
        "class": "gluonts.transform._base.Chain",
        "kwargs": {
            "trans": [
                {
                    "__kind__": "instance",
                    "args": [],
                    "class": "gluonts.transform._base.Chain",
                    "kwargs": {
                        "trans": [
                            {
                                "__kind__": "instance",
                                "args": [],
                                "class": "gluonts.transform.field.RemoveFields",
                                "kwargs": {
                                    "field_names": [
                                        "feat_dynamic_cat",
                                        "feat_static_real",
                                        "past_feat_dynamic_real",
                                        "feat_dynamic_real",
                                        "feat_static_cat"
                                    ]
                                }
                            },
                            {
                                "__kind__": "instance",
                                "args": [],
                                "class": "gluonts.transform.feature.AddObservedValuesIndicator",
                                "kwargs": {
                                    "dtype": {
                                        "__kind__": "type",
                                        "class": "numpy.float32"
                                    },
                                    "imputation_method": {
                                        "__kind__": "instance",
                                        "args": [],
                                        "class": "gluonts.transform.feature.DummyValueImputation",
                                        "kwargs": {
                                            "dummy_value": 0.0
                                        }
                                    },
                                    "output_field": "observed_values",
                                    "target_field": "target"
                                }
                            },
                            {
                                "__kind__": "instance",
                                "args": [],
                                "class": "gluonts.transform.feature.AddTimeFeatures",
                                "kwargs": {
                                    "dtype": {
                                        "__kind__": "type",
                                        "class": "numpy.float32"
                                    },