{
    "directory_name": "infer_2023_03_21_15_02_19",
    "validation_results": {
        "metrics": {
            "aggregated": {
                "MSE": 263966324.54601076,
                "abs_error": 12566071.385581493,
                "abs_target_sum": 50827278.26475757,
                "abs_target_mean": 9167.979484985131,
                "seasonal_error": 1345.4280603724972,
                "MASE": 1.9692507069171326,
                "MAPE": 0.7544987915301478,
                "sMAPE": 0.2115994491016366,
                "MSIS": 78.77002900496022,
                "QuantileLoss[0.1]": 6376423.239857757,
                "Coverage[0.1]": 0.4301948051948052,
                "QuantileLoss[0.5]": 12566071.707567956,
                "Coverage[0.5]": 0.4301948051948052,
                "QuantileLoss[0.9]": 18755720.175278157,
                "Coverage[0.9]": 0.4301948051948052,
                "RMSE": 16247.040485762653,
                "NRMSE": 1.772150615342373,
                "ND": 0.24723085348236143,
                "wQuantileLoss[0.1]": 0.12545277767271315,
                "wQuantileLoss[0.5]": 0.24723085981727594,
                "wQuantileLoss[0.9]": 0.36900894196183875,
                "mean_absolute_QuantileLoss": 12566071.707567958,
                "mean_wQuantileLoss": 0.24723085981727597,
                "MAE_Coverage": 0.28993506493506493,
                "OWA": NaN
            },
            "contained_nan": false
        },
        "start": 1679407339.6393137,
        "end": 1679407343.821241,
        "num_samples": 100,
        "model": {
            "params": 24885519,
            "fsize": 99578684
        }
    },
    "requirements": [
        "# 3.7.7 (default, Mar 23 2020, 22:36:06)",
        "# [GCC 7.3.0]",
        "wrapt==1.11.2",
        "typed-ast==1.4.0",
        "six==1.12.0",
        "setuptools==41.6.0",
        "pytz==2019.3",
        "python-dateutil==2.8.0",
        "pyparsing==2.4.2",
        "pylint==2.4.3",
        "numpy==1.17.3",
        "mccabe==0.6.1",
        "matplotlib==3.1.1",
        "lazy-object-proxy==1.4.3",
        "kiwisolver==1.1.0",
        "isort==4.3.21",
        "cycler==0.10.0",
        "astroid==2.3.2",
        "zipp==3.14.0",
        "xgboost==1.6.2",
        "wheel==0.37.1",
        "werkzeug==2.2.3",
        "urllib3==1.26.14",
        "typing-extensions==4.4.0",
        "tqdm==4.64.1",
        "toolz==0.12.0",
        "threadpoolctl==3.1.0",
        "tenacity==8.2.2",
        "scipy==1.7.3",
        "scikit-learn==1.0.2",
        "rpy2==2.9.4",
        "requests==2.28.2",
        "reportlab==3.6.12",
        "qrcode==7.4.2",
        "pypng==0.20220715.0",
        "pynvml==11.4.1",
        "pymupdf==1.21.1",
        "pydantic==1.10.4",
        "pyarrow==8.0.0",
        "py-rapl==0.1",
        "py-cpuinfo==9.0.0",
        "psutil==5.9.4",
        "plotly==5.13.1",
        "pip==22.3.1",
        "pint==0.18",
        "pillow==9.4.0",
        "pandas==1.3.5",
        "packaging==23.0",
        "orjson==3.8.5",
        "mxnet==1.9.1",
        "markupsafe==2.1.1",
        "joblib==1.2.0",
        "jinja2==3.1.2",
        "itsdangerous==2.1.2",
        "importlib-metadata==6.0.0",
        "idna==3.4",
        "graphviz==0.8.4",
        "gluonts==0.11.8",
        "fuzzywuzzy==0.18.0",
        "flask==2.2.3",
        "dash==2.8.1",
        "dash-table==5.0.0",
        "dash-html-components==2.0.0",
        "dash-core-components==2.0.0",
        "dash-bootstrap-components==1.4.0",
        "codecarbon==2.1.4",
        "click==8.1.3",
        "charset-normalizer==3.0.1",
        "certifi==2022.12.7",
        "arrow==1.2.3"
    ],
    "config": {
        "dataset": "m1_monthly_dataset",
        "model": "nbeats",
        "output_dir": "mnt_data/results05",
        "ds_seed": 124,
        "epochs": 100,
        "datadir": "mnt_data/data",
        "cpu_monitor_interval": 0.5,
        "seed": 42,
        "timestamp": "2023_03_21_15_02_19",
        "lag": 15,
        "train_logdir": "mnt_data/results05/train_2023_03_21_14_52_26"
    },
    "emissions": {
        "timestamp": {
            "0": "2023-03-21T15:02:21"
        },
        "project_name": {
            "0": "codecarbon"
        },
        "run_id": {
            "0": "cc8065fc-b13a-4a5d-a34e-23b81909ab29"
        },
        "duration": {
            "0": 0.0009574890136718
        },
        "emissions": {
            "0": 2.303909628847016e-09
        },
        "emissions_rate": {
            "0": 0.0024061995447986
        },
        "cpu_power": {
            "0": 29.84109518890482
        },
        "gpu_power": {
            "0": 0.0
        },
        "ram_power": {
            "0": 11.68178415298462
        },
        "cpu_energy": {
            "0": 6.2391716580505185e-09
        },
        "gpu_energy": {
            "0": 0
        },
        "ram_energy": {
            "0": 1.4150131553947175e-09
        },
        "energy_consumed": {
            "0": 7.654184813445236e-09
        },
        "country_name": {
            "0": "Germany"
        },
        "country_iso_code": {
            "0": "DEU"
        },
        "region": {
            "0": NaN
        },
        "cloud_provider": {
            "0": NaN
        },
        "cloud_region": {
            "0": NaN
        },
        "os": {
            "0": "Linux-5.19.0-35-generic-x86_64-with-debian-bookworm-sid"
        },
        "python_version": {
            "0": "3.7.7"
        },
        "cpu_count": {
            "0": 12
        },
        "cpu_model": {
            "0": "Intel(R) Core(TM) i7-8700 CPU @ 3.20GHz"
        },
        "gpu_count": {
            "0": NaN
        },
        "gpu_model": {
            "0": NaN
        },
        "longitude": {
            "0": NaN
        },
        "latitude": {
            "0": NaN
        },
        "ram_total_size": {
            "0": 31.151424407958984
        },
        "tracking_mode": {
            "0": "machine"
        },
        "on_cloud": {
            "0": "N"
        }
    },
    "prediction_net-network": {
        "__kind__": "instance",
        "args": [],
        "class": "gluonts.mx.model.n_beats._network.NBEATSPredictionNetwork",
        "kwargs": {
            "context_length": 15,
            "expansion_coefficient_lengths": [
                32,
                32,
                32,
                32,
                32,
                32,
                32,
                32,
                32,
                32,
                32,
                32,
                32,
                32,
                32,
                32,
                32,
                32,
                32,
                32,
                32,
                32,
                32,
                32,
                32,
                32,
                32,
                32,
                32,
                32
            ],
            "num_block_layers": [
                4,
                4,
                4,
                4,
                4,
                4,
                4,
                4,
                4,
                4,
                4,
                4,
                4,
                4,
                4,
                4,
                4,
                4,
                4,
                4,
                4,
                4,
                4,
                4,
                4,
                4,
                4,
                4,
                4,
                4
            ],