{
    "directory_name": "infer_2023_03_20_10_48_36",
    "config": {
        "dataset": "m1_quarterly_dataset",
        "model": "deepar",
        "output_dir": "mnt_data/results05",
        "ds_seed": 124,
        "epochs": 100,
        "datadir": "mnt_data/data",
        "cpu_monitor_interval": 0.5,
        "seed": 42,
        "timestamp": "2023_03_20_10_48_36",
        "lag": 5,
        "train_logdir": "mnt_data/results05/train_2023_03_20_10_47_58"
    },
    "validation_results": {
        "metrics": {
            "aggregated": {
                "MSE": 1044820525.8663365,
                "abs_error": 4549286.187626839,
                "abs_target_sum": 14705593.092713356,
                "abs_target_mean": 18199.991451377915,
                "seasonal_error": 2625.4546265628815,
                "MASE": 2.9387265470858797,
                "MAPE": 0.2367802944108106,
                "sMAPE": 0.19687899873398318,
                "MSIS": 21.554348049939588,
                "QuantileLoss[0.1]": 3037004.7032718537,
                "Coverage[0.1]": 0.24133663366336633,
                "QuantileLoss[0.5]": 4549286.246534824,
                "Coverage[0.5]": 0.6534653465346535,
                "QuantileLoss[0.9]": 1762325.0393155096,
                "Coverage[0.9]": 0.8564356435643564,
                "RMSE": 32323.683667959882,
                "NRMSE": 1.7760274093707151,
                "ND": 0.3093575457273476,
                "wQuantileLoss[0.1]": 0.20652038201551315,
                "wQuantileLoss[0.5]": 0.30935754973316937,
                "wQuantileLoss[0.9]": 0.11984045989880845,
                "mean_absolute_QuantileLoss": 3116205.3297073958,
                "mean_wQuantileLoss": 0.21190613054916366,
                "MAE_Coverage": 0.11278877887788781,
                "OWA": NaN
            },
            "contained_nan": false
        },
        "start": 1679305716.3839586,
        "end": 1679305719.0023117,
        "num_samples": 100,
        "model": {
            "params": 22684,
            "fsize": 96218
        }
    },
    "emissions": {
        "timestamp": {
            "0": "2023-03-20T10:48:38"
        },
        "project_name": {
            "0": "codecarbon"
        },
        "run_id": {
            "0": "5f6234ea-fdd9-485a-b6d7-8698bb3aa6be"
        },
        "duration": {
            "0": 0.0009233951568603
        },
        "emissions": {
            "0": 1.880358255522288e-09
        },
        "emissions_rate": {
            "0": 0.00203635273756
        },
        "cpu_power": {
            "0": 24.397356938430104
        },
        "gpu_power": {
            "0": 0.0
        },
        "ram_power": {
            "0": 11.68178415298462
        },
        "cpu_energy": {
            "0": 4.8150038504946036e-09
        },
        "gpu_energy": {
            "0": 0
        },
        "ram_energy": {
            "0": 1.4320335432671524e-09
        },
        "energy_consumed": {
            "0": 6.247037393761756e-09
        },
        "country_name": {
            "0": "Germany"
        },
        "country_iso_code": {
            "0": "DEU"
        },
        "region": {
            "0": NaN
        },
        "cloud_provider": {
            "0": NaN
        },
        "cloud_region": {
            "0": NaN
        },
        "os": {
            "0": "Linux-5.19.0-35-generic-x86_64-with-debian-bookworm-sid"
        },
        "python_version": {
            "0": "3.7.7"
        },
        "cpu_count": {
            "0": 12
        },
        "cpu_model": {
            "0": "Intel(R) Core(TM) i7-8700 CPU @ 3.20GHz"
        },
        "gpu_count": {
            "0": NaN
        },
        "gpu_model": {
            "0": NaN
        },
        "longitude": {
            "0": NaN
        },
        "latitude": {
            "0": NaN
        },
        "ram_total_size": {
            "0": 31.151424407958984
        },
        "tracking_mode": {
            "0": "machine"
        },
        "on_cloud": {
            "0": "N"
        }
    },
    "type": [
        "gluonts.mx.model.predictor.RepresentableBlockPredictor"
    ],
    "parameters": {
        "batch_size": 32,
        "ctx": {
            "__kind__": "instance",
            "args": [
                "cpu",
                0
            ],
            "class": "mxnet.context.Context"
        },
        "dtype": {
            "__kind__": "type",
            "class": "numpy.float32"
        },
        "forecast_generator": {
            "__kind__": "instance",
            "args": [],
            "class": "gluonts.model.forecast_generator.SampleForecastGenerator",
            "kwargs": {}
        },
        "input_names": [
            "feat_static_cat",
            "feat_static_real",
            "past_time_feat",
            "past_target",
            "past_observed_values",
            "future_time_feat",
            "past_is_pad"
        ],
        "lead_time": 0,
        "prediction_length": 8
    },
    "prediction_net-network": {
        "__kind__": "instance",
        "args": [],
        "class": "gluonts.mx.model.deepar._network.DeepARPredictionNetwork",
        "kwargs": {
            "cardinality": [
                1
            ],
            "cell_type": "lstm",
            "context_length": 5,
            "default_scale": null,
            "distr_output": {
                "__kind__": "instance",
                "args": [],
                "class": "gluonts.mx.distribution.student_t.StudentTOutput",
                "kwargs": {}
            },
            "dropout_rate": 0.1,
            "dropoutcell_type": "ZoneoutCell",
            "dtype": {
                "__kind__": "type",
                "class": "numpy.float32"
            },
            "embedding_dimension": [
                1
            ],
            "history_length": 18,
            "impute_missing_values": false,
            "lags_seq": [
                1,
                2,
                3,
                4,
                5,
                6,
                7,
                8,
                9,
                11,
                12,
                13
            ],
            "minimum_scale": 1e-10,
            "num_cells": 40,
            "num_imputation_samples": 1,
            "num_layers": 2,
            "num_parallel_samples": 100,
            "prediction_length": 8,
            "scaling": true
        }
    },
    "version": {
        "model": "0.11.8",
        "gluonts": "0.11.8"
    },
    "execution_platform": {
        "System": "Linux",
        "Node Name": "lamarrws05",
        "Release": "5.19.0-35-generic",
        "Version": "#36~22.04.1-Ubuntu SMP PREEMPT_DYNAMIC Fri Feb 17 15:17:25 UTC 2",
        "Machine": "x86_64",
        "Processor": "Intel(R) Core(TM) i7-8700 CPU @ 3.20GHz",
        "Physical cores": 6,
        "Total cores": 12,
        "Max Frequency": 4600.0,
        "Min Frequency": 800.0,
        "Current Frequency": 3975.101333333334,
        "Total": 33448587264,
        "Available": 31586406400,
        "Used": 1211133952
    },
    "input_transform": {
        "__kind__": "instance",
        "args": [],
        "class": "gluonts.transform._base.Chain",
        "kwargs": {
            "trans": [
                {
                    "__kind__": "instance",
                    "args": [],
                    "class": "gluonts.transform._base.Chain",
                    "kwargs": {
                        "trans": [
                            {
                                "__kind__": "instance",
                                "args": [],
                                "class": "gluonts.transform.field.RemoveFields",