{
    "directory_name": "infer_2023_03_20_18_23_15",
    "type": [
        "gluonts.mx.model.renewal._predictor.DeepRenewalProcessPredictor"
    ],
    "parameters": {
        "batch_size": 32,
        "ctx": {
            "__kind__": "instance",
            "args": [
                "cpu",
                0
            ],
            "class": "mxnet.context.Context"
        },
        "dtype": {
            "__kind__": "type",
            "class": "numpy.float32"
        },
        "forecast_generator": {
            "__kind__": "instance",
            "args": [],
            "class": "gluonts.model.forecast_generator.SampleForecastGenerator",
            "kwargs": {}
        },
        "input_names": [
            "past_target",
            "time_remaining"
        ],
        "lead_time": 0,
        "prediction_length": 56
    },
    "version": {
        "model": "0.11.8",
        "gluonts": "0.11.8"
    },
    "validation_results": {
        "metrics": {
            "aggregated": {
                "MSE": 115.63997679871399,
                "abs_error": 24880.451126098633,
                "abs_target_sum": 58052.656158447266,
                "abs_target_mean": 18.848264986508855,
                "seasonal_error": 6.643050124736292,
                "MASE": 1.2518541053089582,
                "MAPE": 0.539429376820606,
                "sMAPE": 0.45416077948235845,
                "MSIS": 8.68266132311958,
                "QuantileLoss[0.1]": 9014.904784250259,
                "Coverage[0.1]": 0.03896103896103896,
                "QuantileLoss[0.5]": 24880.451189041138,
                "Coverage[0.5]": 0.3844155844155845,
                "QuantileLoss[0.9]": 14463.940303421019,
                "Coverage[0.9]": 0.8749999999999999,
                "RMSE": 10.753602968248083,
                "NRMSE": 0.5705354299690322,
                "ND": 0.42858419876931453,
                "wQuantileLoss[0.1]": 0.1552884119487183,
                "wQuantileLoss[0.5]": 0.4285841998535458,
                "wQuantileLoss[0.9]": 0.24915208468573002,
                "mean_absolute_QuantileLoss": 16119.765425570806,
                "mean_wQuantileLoss": 0.2776748988293314,
                "MAE_Coverage": 0.06720779220779223,
                "OWA": NaN
            },
            "contained_nan": false
        },
        "start": 1679332995.3417265,
        "end": 1679332997.4708557,
        "num_samples": 100,
        "model": {
            "params": 584,
            "fsize": 6285
        }
    },
    "config": {
        "dataset": "nn5_daily_dataset_without_missing_values",
        "model": "deeprenewal",
        "output_dir": "mnt_data/results05",
        "ds_seed": 135,
        "epochs": 100,
        "datadir": "mnt_data/data",
        "cpu_monitor_interval": 0.5,
        "seed": 42,
        "timestamp": "2023_03_20_18_23_15",
        "lag": 9,
        "train_logdir": "mnt_data/results05/train_2023_03_20_18_22_00"
    },
    "input_transform": {
        "__kind__": "instance",
        "args": [],
        "class": "gluonts.transform._base.Chain",
        "kwargs": {
            "trans": [
                {
                    "__kind__": "instance",
                    "args": [],
                    "class": "gluonts.transform.feature.AddObservedValuesIndicator",
                    "kwargs": {
                        "dtype": {
                            "__kind__": "type",
                            "class": "numpy.float32"
                        },
                        "imputation_method": {
                            "__kind__": "instance",
                            "args": [],
                            "class": "gluonts.transform.feature.DummyValueImputation",
                            "kwargs": {
                                "dummy_value": 0.0
                            }
                        },
                        "output_field": "observed_values",
                        "target_field": "target"
                    }
                },
                {
                    "__kind__": "instance",
                    "args": [],
                    "class": "gluonts.transform._base.Chain",
                    "kwargs": {
                        "trans": [
                            {
                                "__kind__": "instance",
                                "args": [],
                                "class": "gluonts.transform.split.InstanceSplitter",
                                "kwargs": {
                                    "dummy_value": 0.0,
                                    "forecast_start_field": "forecast_start",
                                    "future_length": 56,
                                    "instance_sampler": {
                                        "__kind__": "instance",
                                        "class": "gluonts.transform.sampler.PredictionSplitSampler",
                                        "kwargs": {
                                            "allow_empty_interval": false,
                                            "axis": -1,
                                            "min_future": 0,
                                            "min_past": 0
                                        }
                                    },
                                    "is_pad_field": "is_pad",
                                    "lead_time": 0,
                                    "output_NTC": true,
                                    "past_length": 9,
                                    "start_field": "start",
                                    "target_field": "target",
                                    "time_series_fields": []
                                }
                            },
                            {
                                "__kind__": "instance",
                                "args": [],
                                "class": "gluonts.transform._base.Chain",
                                "kwargs": {
                                    "trans": [
                                        {
                                            "__kind__": "instance",
                                            "args": [],
                                            "class": "gluonts.transform.feature.CountTrailingZeros",
                                            "kwargs": {
                                                "as_array": true,
                                                "axis": -1,
                                                "new_field": "time_remaining",
                                                "target_field": "past_target"
                                            }
                                        },
                                        {
                                            "__kind__": "instance",
                                            "args": [],
                                            "class": "gluonts.transform.convert.ToIntervalSizeFormat",
                                            "kwargs": {
                                                "discard_first": true,
                                                "drop_empty": false,
                                                "target_field": "past_target"
                                            }
                                        },
                                        {
                                            "__kind__": "instance",
                                            "args": [],
                                            "class": "gluonts.transform.field.RenameFields",