{
    "directory_name": "infer_2023_03_21_09_32_28",
    "config": {
        "dataset": "m3_quarterly_dataset",
        "model": "gpforecaster",
        "output_dir": "mnt_data/results05",
        "ds_seed": 129,
        "epochs": 100,
        "datadir": "mnt_data/data",
        "cpu_monitor_interval": 0.5,
        "seed": 42,
        "timestamp": "2023_03_21_09_32_28",
        "lag": 5,
        "train_logdir": "mnt_data/results05/train_2023_03_21_09_29_59"
    },
    "validation_results": {
        "metrics": {
            "aggregated": {
                "MSE": 1254223.290010646,
                "abs_error": 2603815.797794924,
                "abs_target_sum": 16102382.837890625,
                "abs_target_mean": 5324.862049567006,
                "seasonal_error": 403.9757759691322,
                "MASE": 3.267558680648961,
                "MAPE": 0.1704436434734276,
                "sMAPE": 0.18345805731973872,
                "MSIS": 45.735421308071956,
                "QuantileLoss[0.1]": 1282789.5859574175,
                "Coverage[0.1]": 0.0291005291005291,
                "QuantileLoss[0.5]": 2603815.797794924,
                "Coverage[0.5]": 0.13425925925925927,
                "QuantileLoss[0.9]": 1856875.2858848453,
                "Coverage[0.9]": 0.4626322751322751,
                "RMSE": 1119.9211088334062,
                "NRMSE": 0.21031927182498056,
                "ND": 0.16170375676746845,
                "wQuantileLoss[0.1]": 0.0796645812530849,
                "wQuantileLoss[0.5]": 0.16170375676746845,
                "wQuantileLoss[0.9]": 0.1153168015304803,
                "mean_absolute_QuantileLoss": 1914493.5565457288,
                "mean_wQuantileLoss": 0.11889504651701122,
                "MAE_Coverage": 0.29133597883597884,
                "OWA": NaN
            },
            "contained_nan": false
        },
        "start": 1679387548.5695183,
        "end": 1679387551.198406,
        "num_samples": 100,
        "model": {
            "params": 1142,
            "fsize": 12471
        }
    },
    "type": [
        "gluonts.mx.model.predictor.RepresentableBlockPredictor"
    ],
    "input_transform": {
        "__kind__": "instance",
        "args": [],
        "class": "gluonts.transform._base.Chain",
        "kwargs": {
            "trans": [
                {
                    "__kind__": "instance",
                    "args": [],
                    "class": "gluonts.transform._base.Chain",
                    "kwargs": {
                        "trans": [
                            {
                                "__kind__": "instance",
                                "args": [],
                                "class": "gluonts.transform._base.Chain",
                                "kwargs": {
                                    "trans": [
                                        {
                                            "__kind__": "instance",
                                            "args": [],
                                            "class": "gluonts.transform._base.Chain",
                                            "kwargs": {
                                                "trans": [
                                                    {
                                                        "__kind__": "instance",
                                                        "args": [],
                                                        "class": "gluonts.transform.convert.AsNumpyArray",
                                                        "kwargs": {
                                                            "dtype": {
                                                                "__kind__": "type",
                                                                "class": "numpy.float32"
                                                            },
                                                            "expected_ndim": 1,
                                                            "field": "target"
                                                        }
                                                    },
                                                    {
                                                        "__kind__": "instance",
                                                        "args": [],
                                                        "class": "gluonts.transform.feature.AddTimeFeatures",
                                                        "kwargs": {
                                                            "dtype": {
                                                                "__kind__": "type",
                                                                "class": "numpy.float32"
                                                            },
                                                            "output_field": "time_feat",
                                                            "pred_length": 8,
                                                            "start_field": "start",
                                                            "target_field": "target",
                                                            "time_features": [
                                                                {
                                                                    "__kind__": "type",
                                                                    "class": "gluonts.time_feature._base.month_of_year"
                                                                }
                                                            ]
                                                        }
                                                    }
                                                ]
                                            }
                                        },
                                        {
                                            "__kind__": "instance",
                                            "args": [],
                                            "class": "gluonts.transform.field.SetFieldIfNotPresent",
                                            "kwargs": {
                                                "field": "feat_static_cat",
                                                "value": [
                                                    0.0
                                                ]
                                            }
                                        }
                                    ]
                                }
                            },
                            {
                                "__kind__": "instance",
                                "args": [],
                                "class": "gluonts.transform.convert.AsNumpyArray",
                                "kwargs": {
                                    "dtype": {
                                        "__kind__": "type",
                                        "class": "numpy.float32"
                                    },
                                    "expected_ndim": 1,
                                    "field": "feat_static_cat"
                                }
                            }
                        ]
                    }
                },
                {
                    "__kind__": "instance",
                    "args": [],
                    "class": "gluonts.transform.split.CanonicalInstanceSplitter",
                    "kwargs": {
                        "allow_target_padding": false,
                        "forecast_start_field": "forecast_start",
                        "instance_length": 5,
                        "instance_sampler": {
                            "__kind__": "instance",
                            "class": "gluonts.transform.sampler.PredictionSplitSampler",