{
    "directory_name": "infer_2023_03_21_02_38_05",
    "parameters": {
        "batch_size": 32,
        "ctx": {
            "__kind__": "instance",
            "args": [
                "cpu",
                0
            ],
            "class": "mxnet.context.Context"
        },
        "dtype": {
            "__kind__": "type",
            "class": "numpy.float32"
        },
        "forecast_generator": {
            "__kind__": "instance",
            "args": [],
            "class": "gluonts.model.forecast_generator.QuantileForecastGenerator",
            "kwargs": {
                "quantiles": [
                    "0.025",
                    "0.1",
                    "0.2",
                    "0.3",
                    "0.4",
                    "0.5",
                    "0.6",
                    "0.7",
                    "0.8",
                    "0.9",
                    "0.975"
                ]
            }
        },
        "input_names": [
            "past_target",
            "past_feat_dynamic",
            "future_feat_dynamic",
            "feat_static_cat",
            "past_observed_values"
        ],
        "lead_time": 0,
        "prediction_length": 8
    },
    "validation_results": {
        "metrics": {
            "aggregated": {
                "MSE": 343.95214375582606,
                "abs_error": 5970.333915710449,
                "abs_target_sum": 58601.8645324707,
                "abs_target_mean": 133.18605575561523,
                "seasonal_error": 16.466063130893374,
                "MASE": 0.8404722778679715,
                "MAPE": 0.10728888030756603,
                "sMAPE": 0.10686933879147877,
                "MSIS": 6.878663155176184,
                "QuantileLoss[0.1]": 2714.765035629272,
                "Coverage[0.1]": 0.10454545454545454,
                "QuantileLoss[0.5]": 5970.3338832855225,
                "Coverage[0.5]": 0.4659090909090909,
                "QuantileLoss[0.9]": 3044.069561386108,
                "Coverage[0.9]": 0.8454545454545455,
                "RMSE": 18.545946828237863,
                "NRMSE": 0.13924841247846587,
                "ND": 0.10187958972538062,
                "wQuantileLoss[0.1]": 0.046325574404293024,
                "wQuantileLoss[0.5]": 0.10187958917207184,
                "wQuantileLoss[0.9]": 0.051944926764223,
                "mean_absolute_QuantileLoss": 3909.7228267669675,
                "mean_wQuantileLoss": 0.06671669678019596,
                "MAE_Coverage": 0.03106060606060607,
                "OWA": NaN
            },
            "contained_nan": false
        },
        "start": 1679362685.6019442,
        "end": 1679362687.605986,
        "num_samples": 100,
        "model": {
            "params": 18612,
            "fsize": 79742
        }
    },
    "config": {
        "dataset": "nn5_weekly_dataset",
        "model": "mqcnn",
        "output_dir": "mnt_data/results05",
        "ds_seed": 42,
        "epochs": 100,
        "datadir": "mnt_data/data",
        "cpu_monitor_interval": 0.5,
        "seed": 42,
        "timestamp": "2023_03_21_02_38_05",
        "lag": 65,
        "external_forecast_horizon": 8,
        "train_logdir": "mnt_data/results05/train_2023_03_21_02_36_57"
    },
    "type": [
        "gluonts.mx.model.predictor.RepresentableBlockPredictor"
    ],
    "requirements": [
        "# 3.7.7 (default, Mar 23 2020, 22:36:06)",
        "# [GCC 7.3.0]",
        "wrapt==1.11.2",
        "typed-ast==1.4.0",
        "six==1.12.0",
        "setuptools==41.6.0",
        "pytz==2019.3",
        "python-dateutil==2.8.0",
        "pyparsing==2.4.2",
        "pylint==2.4.3",
        "numpy==1.17.3",
        "mccabe==0.6.1",
        "matplotlib==3.1.1",
        "lazy-object-proxy==1.4.3",
        "kiwisolver==1.1.0",
        "isort==4.3.21",
        "cycler==0.10.0",
        "astroid==2.3.2",
        "zipp==3.14.0",
        "xgboost==1.6.2",
        "wheel==0.37.1",
        "werkzeug==2.2.3",
        "urllib3==1.26.14",
        "typing-extensions==4.4.0",
        "tqdm==4.64.1",
        "toolz==0.12.0",
        "threadpoolctl==3.1.0",
        "tenacity==8.2.2",
        "scipy==1.7.3",
        "scikit-learn==1.0.2",
        "rpy2==2.9.4",
        "requests==2.28.2",
        "reportlab==3.6.12",
        "qrcode==7.4.2",
        "pypng==0.20220715.0",
        "pynvml==11.4.1",
        "pymupdf==1.21.1",
        "pydantic==1.10.4",
        "pyarrow==8.0.0",
        "py-rapl==0.1",
        "py-cpuinfo==9.0.0",
        "psutil==5.9.4",
        "plotly==5.13.1",
        "pip==22.3.1",
        "pint==0.18",
        "pillow==9.4.0",
        "pandas==1.3.5",
        "packaging==23.0",
        "orjson==3.8.5",
        "mxnet==1.9.1",
        "markupsafe==2.1.1",
        "joblib==1.2.0",
        "jinja2==3.1.2",
        "itsdangerous==2.1.2",
        "importlib-metadata==6.0.0",
        "idna==3.4",
        "graphviz==0.8.4",
        "gluonts==0.11.8",
        "fuzzywuzzy==0.18.0",
        "flask==2.2.3",
        "dash==2.8.1",
        "dash-table==5.0.0",
        "dash-html-components==2.0.0",
        "dash-core-components==2.0.0",
        "dash-bootstrap-components==1.4.0",
        "codecarbon==2.1.4",
        "click==8.1.3",
        "charset-normalizer==3.0.1",
        "certifi==2022.12.7",
        "arrow==1.2.3"
    ],
    "execution_platform": {
        "System": "Linux",
        "Node Name": "lamarrws05",
        "Release": "5.19.0-35-generic",
        "Version": "#36~22.04.1-Ubuntu SMP PREEMPT_DYNAMIC Fri Feb 17 15:17:25 UTC 2",
        "Machine": "x86_64",
        "Processor": "Intel(R) Core(TM) i7-8700 CPU @ 3.20GHz",
        "Physical cores": 6,
        "Total cores": 12,
        "Max Frequency": 4600.0,
        "Min Frequency": 800.0,
        "Current Frequency": 1097.7838333333334,
        "Total": 33448587264,
        "Available": 31524483072,
        "Used": 1261338624
    },
    "version": {
        "model": "0.11.8",
        "gluonts": "0.11.8"
    },
    "emissions": {
        "timestamp": {
            "0": "2023-03-21T02:38:07"
        },
        "project_name": {
            "0": "codecarbon"
        },
        "run_id": {
            "0": "48819287-f0a3-4ea2-a731-bb47e2a057b3"
        },
        "duration": {
            "0": 0.0010733604431152
        },
        "emissions": {
            "0": 4.471101163289858e-10
        },
        "emissions_rate": {
            "0": 0.0004165516991024
        },
        "cpu_power": {
            "0": 0.0
        },
        "gpu_power": {
            "0": 0.0
        },
        "ram_power": {
            "0": 11.68178415298462
        },
        "cpu_energy": {
            "0": 0.0
        },
        "gpu_energy": {
            "0": 0
        },
        "ram_energy": {
            "0": 1.4854156688670626e-09
        },
        "energy_consumed": {
            "0": 1.4854156688670626e-09
        },
        "country_name": {
            "0": "Germany"
        },
        "country_iso_code": {
            "0": "DEU"
        },
        "region": {
            "0": NaN
        },
        "cloud_provider": {
            "0": NaN
        },
        "cloud_region": {
            "0": NaN
        },
        "os": {
            "0": "Linux-5.19.0-35-generic-x86_64-with-debian-bookworm-sid"
        },
        "python_version": {
            "0": "3.7.7"
        },
        "cpu_count": {
            "0": 12
        },
        "cpu_model": {
            "0": "Intel(R) Core(TM) i7-8700 CPU @ 3.20GHz"
        },
        "gpu_count": {
            "0": NaN
        },
        "gpu_model": {
            "0": NaN
        },
        "longitude": {
            "0": NaN
        },
        "latitude": {
            "0": NaN
        },
        "ram_total_size": {
            "0": 31.151424407958984
        },
        "tracking_mode": {
            "0": "machine"
        },
        "on_cloud": {
            "0": "N"
        }
    },
    "input_transform": {
        "__kind__": "instance",