{
    "directory_name": "infer_2023_03_21_00_22_23",
    "validation_results": {
        "metrics": {
            "aggregated": {
                "MSE": 500.3803551760587,
                "abs_error": 6687.083206176758,
                "abs_target_sum": 58355.1223449707,
                "abs_target_mean": 132.6252780567516,
                "seasonal_error": 15.635723770702368,
                "MASE": 0.9785719107836047,
                "MAPE": 0.12941154377026992,
                "sMAPE": 0.11921703551303256,
                "MSIS": 8.178962255638693,
                "QuantileLoss[0.1]": 3556.6567100524903,
                "Coverage[0.1]": 0.13636363636363635,
                "QuantileLoss[0.5]": 6687.083206176758,
                "Coverage[0.5]": 0.5704545454545454,
                "QuantileLoss[0.9]": 3629.1902748107905,
                "Coverage[0.9]": 0.9136363636363637,
                "RMSE": 22.369183158444983,
                "NRMSE": 0.16866455238550376,
                "ND": 0.11459290868495763,
                "wQuantileLoss[0.1]": 0.060948492045429126,
                "wQuantileLoss[0.5]": 0.11459290868495763,
                "wQuantileLoss[0.9]": 0.06219146030328852,
                "mean_absolute_QuantileLoss": 4624.310063680013,
                "mean_wQuantileLoss": 0.0792442870112251,
                "MAE_Coverage": 0.04015151515151515,
                "OWA": NaN
            },
            "contained_nan": false
        },
        "start": 1679354543.1565595,
        "end": 1679354545.2938082,
        "num_samples": 100,
        "model": {
            "params": 23804,
            "fsize": 100805
        }
    },
    "input_transform": {
        "__kind__": "instance",
        "args": [],
        "class": "gluonts.transform._base.Chain",
        "kwargs": {
            "trans": [
                {
                    "__kind__": "instance",
                    "args": [],
                    "class": "gluonts.transform._base.Chain",
                    "kwargs": {
                        "trans": [
                            {
                                "__kind__": "instance",
                                "args": [],
                                "class": "gluonts.transform.field.RemoveFields",
                                "kwargs": {
                                    "field_names": [
                                        "feat_dynamic_cat",
                                        "feat_static_real",
                                        "feat_dynamic_real"
                                    ]
                                }
                            },
                            {
                                "__kind__": "instance",
                                "args": [],
                                "class": "gluonts.transform.field.SetField",
                                "kwargs": {
                                    "output_field": "feat_static_cat",
                                    "value": [
                                        0.0
                                    ]
                                }
                            },
                            {
                                "__kind__": "instance",
                                "args": [],
                                "class": "gluonts.transform.field.SetField",
                                "kwargs": {
                                    "output_field": "feat_static_real",
                                    "value": [
                                        0.0
                                    ]
                                }
                            },
                            {
                                "__kind__": "instance",
                                "args": [],
                                "class": "gluonts.transform.convert.AsNumpyArray",
                                "kwargs": {
                                    "dtype": {
                                        "__kind__": "type",
                                        "class": "numpy.float32"
                                    },
                                    "expected_ndim": 1,
                                    "field": "feat_static_cat"
                                }
                            },
                            {
                                "__kind__": "instance",
                                "args": [],
                                "class": "gluonts.transform.convert.AsNumpyArray",
                                "kwargs": {
                                    "dtype": {
                                        "__kind__": "type",
                                        "class": "numpy.float32"
                                    },
                                    "expected_ndim": 1,
                                    "field": "feat_static_real"
                                }
                            },
                            {
                                "__kind__": "instance",
                                "args": [],
                                "class": "gluonts.transform.convert.AsNumpyArray",
                                "kwargs": {
                                    "dtype": {
                                        "__kind__": "type",
                                        "class": "numpy.float32"
                                    },
                                    "expected_ndim": 1,
                                    "field": "target"
                                }
                            },
                            {
                                "__kind__": "instance",
                                "args": [],
                                "class": "gluonts.transform.feature.AddObservedValuesIndicator",
                                "kwargs": {
                                    "dtype": {
                                        "__kind__": "type",
                                        "class": "numpy.float32"
                                    },
                                    "imputation_method": {
                                        "__kind__": "instance",
                                        "args": [],
                                        "class": "gluonts.transform.feature.DummyValueImputation",
                                        "kwargs": {
                                            "dummy_value": 0.0
                                        }
                                    },
                                    "output_field": "observed_values",
                                    "target_field": "target"
                                }
                            },
                            {
                                "__kind__": "instance",
                                "args": [],
                                "class": "gluonts.transform.feature.AddTimeFeatures",
                                "kwargs": {
                                    "dtype": {
                                        "__kind__": "type",
                                        "class": "numpy.float32"
                                    },
                                    "output_field": "time_feat",
                                    "pred_length": 8,
                                    "start_field": "start",
                                    "target_field": "target",
                                    "time_features": [
                                        {
                                            "__kind__": "type",
                                            "class": "gluonts.time_feature._base.day_of_month"
                                        },
                                        {
                                            "__kind__": "type",