{
    "directory_name": "infer_2023_03_20_13_22_55",
    "validation_results": {
        "metrics": {
            "aggregated": {
                "MSE": 6300932.253308823,
                "abs_error": 503913.341796875,
                "abs_target_sum": 2154650.58984375,
                "abs_target_mean": 6337.207617187501,
                "seasonal_error": 918.053337545956,
                "MASE": 1.8187316066144958,
                "MAPE": 0.2746333241900977,
                "sMAPE": 0.23335751728976473,
                "MSIS": 17.09183323258864,
                "QuantileLoss[0.1]": 237002.80461425785,
                "Coverage[0.1]": 0.055882352941176466,
                "QuantileLoss[0.5]": 503913.33203125,
                "Coverage[0.5]": 0.42647058823529416,
                "QuantileLoss[0.9]": 418586.4022949218,
                "Coverage[0.9]": 0.9029411764705884,
                "RMSE": 2510.1657820368805,
                "NRMSE": 0.39609965992417817,
                "ND": 0.23387241725973656,
                "wQuantileLoss[0.1]": 0.10999593425096582,
                "wQuantileLoss[0.5]": 0.23387241272738915,
                "wQuantileLoss[0.9]": 0.19427112881688938,
                "mean_absolute_QuantileLoss": 386500.84631347656,
                "mean_wQuantileLoss": 0.17937982526508145,
                "MAE_Coverage": 0.04019607843137257,
                "OWA": NaN
            },
            "contained_nan": false
        },
        "start": 1679314975.1659403,
        "end": 1679314977.7612348,
        "num_samples": 100,
        "model": {
            "params": 34392,
            "fsize": 143054
        }
    },
    "requirements": [
        "# 3.7.7 (default, Mar 23 2020, 22:36:06)",
        "# [GCC 7.3.0]",
        "wrapt==1.11.2",
        "typed-ast==1.4.0",
        "six==1.12.0",
        "setuptools==41.6.0",
        "pytz==2019.3",
        "python-dateutil==2.8.0",
        "pyparsing==2.4.2",
        "pylint==2.4.3",
        "numpy==1.17.3",
        "mccabe==0.6.1",
        "matplotlib==3.1.1",
        "lazy-object-proxy==1.4.3",
        "kiwisolver==1.1.0",
        "isort==4.3.21",
        "cycler==0.10.0",
        "astroid==2.3.2",
        "zipp==3.14.0",
        "xgboost==1.6.2",
        "wheel==0.37.1",
        "werkzeug==2.2.3",
        "urllib3==1.26.14",
        "typing-extensions==4.4.0",
        "tqdm==4.64.1",
        "toolz==0.12.0",
        "threadpoolctl==3.1.0",
        "tenacity==8.2.2",
        "scipy==1.7.3",
        "scikit-learn==1.0.2",
        "rpy2==2.9.4",
        "requests==2.28.2",
        "reportlab==3.6.12",
        "qrcode==7.4.2",
        "pypng==0.20220715.0",
        "pynvml==11.4.1",
        "pymupdf==1.21.1",
        "pydantic==1.10.4",
        "pyarrow==8.0.0",
        "py-rapl==0.1",
        "py-cpuinfo==9.0.0",
        "psutil==5.9.4",
        "plotly==5.13.1",
        "pip==22.3.1",
        "pint==0.18",
        "pillow==9.4.0",
        "pandas==1.3.5",
        "packaging==23.0",
        "orjson==3.8.5",
        "mxnet==1.9.1",
        "markupsafe==2.1.1",
        "joblib==1.2.0",
        "jinja2==3.1.2",
        "itsdangerous==2.1.2",
        "importlib-metadata==6.0.0",
        "idna==3.4",
        "graphviz==0.8.4",
        "gluonts==0.11.8",
        "fuzzywuzzy==0.18.0",
        "flask==2.2.3",
        "dash==2.8.1",
        "dash-table==5.0.0",
        "dash-html-components==2.0.0",
        "dash-core-components==2.0.0",
        "dash-bootstrap-components==1.4.0",
        "codecarbon==2.1.4",
        "click==8.1.3",
        "charset-normalizer==3.0.1",
        "certifi==2022.12.7",
        "arrow==1.2.3"
    ],
    "version": {
        "model": "0.11.8",
        "gluonts": "0.11.8"
    },
    "config": {
        "dataset": "solar_weekly_dataset",
        "model": "mqrnn",
        "output_dir": "mnt_data/results05",
        "ds_seed": 135,
        "epochs": 100,
        "datadir": "mnt_data/data",
        "cpu_monitor_interval": 0.5,
        "seed": 42,
        "timestamp": "2023_03_20_13_22_55",
        "lag": 6,
        "external_forecast_horizon": 5,
        "train_logdir": "mnt_data/results05/train_2023_03_20_13_20_51"
    },
    "prediction_net-network": {
        "__kind__": "instance",
        "args": [],
        "class": "gluonts.mx.model.seq2seq._forking_network.ForkingSeq2SeqPredictionNetwork",
        "kwargs": {
            "cardinality": [
                1
            ],
            "context_length": 6,
            "decoder": {
                "__kind__": "instance",
                "args": [],
                "class": "gluonts.mx.block.decoder.ForkingMLPDecoder",
                "kwargs": {
                    "dec_len": 5,
                    "final_dim": 30,
                    "hidden_dimension_sequence": [],
                    "prefix": "decoder_"
                }
            },
            "distr_output": null,
            "dtype": {
                "__kind__": "type",
                "class": "numpy.float32"
            },
            "embedding_dimension": [
                1
            ],
            "enc2dec": {
                "__kind__": "instance",
                "args": [],
                "class": "gluonts.mx.block.enc2dec.FutureFeatIntegratorEnc2Dec",
                "kwargs": {}
            },
            "encoder": {
                "__kind__": "instance",
                "args": [],
                "class": "gluonts.mx.block.encoder.RNNEncoder",
                "kwargs": {
                    "bidirectional": true,
                    "hidden_size": 50,
                    "mode": "gru",
                    "num_layers": 1,
                    "prefix": "encoder_",
                    "use_dynamic_feat": true,
                    "use_static_feat": true
                }
            },
            "num_forking": 6,
            "quantile_output": {
                "__kind__": "instance",
                "args": [],
                "class": "gluonts.mx.block.quantile_output.IncrementalQuantileOutput",
                "kwargs": {
                    "quantile_weights": null,
                    "quantiles": [
                        0.025,
                        0.1,
                        0.2,
                        0.3,
                        0.4,
                        0.5,
                        0.6,
                        0.7,
                        0.8,
                        0.9,
                        0.975
                    ]
                }
            },
            "scaling": false,
            "scaling_decoder_dynamic_feature": false
        }
    },
    "execution_platform": {
        "System": "Linux",
        "Node Name": "lamarrws05",
        "Release": "5.19.0-35-generic",
        "Version": "#36~22.04.1-Ubuntu SMP PREEMPT_DYNAMIC Fri Feb 17 15:17:25 UTC 2",
        "Machine": "x86_64",
        "Processor": "Intel(R) Core(TM) i7-8700 CPU @ 3.20GHz",
        "Physical cores": 6,
        "Total cores": 12,
        "Max Frequency": 4600.0,
        "Min Frequency": 800.0,
        "Current Frequency": 3474.5527499999994,
        "Total": 33448587264,
        "Available": 31512391680,
        "Used": 1288552448
    },
    "emissions": {
        "timestamp": {
            "0": "2023-03-20T13:22:57"
        },
        "project_name": {
            "0": "codecarbon"
        },
        "run_id": {
            "0": "0a1324b2-4f6c-4580-aa2b-f3d39c99d1b8"
        },
        "duration": {
            "0": 0.0008232593536376
        },
        "emissions": {
            "0": 1.8904867654248082e-09
        },
        "emissions_rate": {
            "0": 0.0022963441072019
        },
        "cpu_power": {
            "0": 29.617991647283034
        },
        "gpu_power": {
            "0": 0.0
        },
        "ram_power": {
            "0": 11.68178415298462
        },
        "cpu_energy": {
            "0": 5.137226324891664e-09
        },
        "gpu_energy": {
            "0": 0
        },