{
    "directory_name": "infer_2023_03_21_13_57_24",
    "validation_results": {
        "metrics": {
            "aggregated": {
                "MSE": 113939563.82315935,
                "abs_error": 8864398.988033295,
                "abs_target_sum": 39634997.02719605,
                "abs_target_mean": 7149.1697379502275,
                "seasonal_error": 1239.8995550788254,
                "MASE": Infinity,
                "MAPE": 0.5614836177698633,
                "sMAPE": 0.2373379374629835,
                "MSIS": Infinity,
                "QuantileLoss[0.1]": 4427233.867733406,
                "Coverage[0.1]": 0.11219336219336219,
                "QuantileLoss[0.5]": 8864398.788751736,
                "Coverage[0.5]": 0.34974747474747475,
                "QuantileLoss[0.9]": 5657411.560165584,
                "Coverage[0.9]": 0.8093434343434344,
                "RMSE": 10674.247693545403,
                "NRMSE": 1.4930751520533723,
                "ND": 0.22365080491745404,
                "wQuantileLoss[0.1]": 0.11170011857691332,
                "wQuantileLoss[0.5]": 0.22365079988953496,
                "wQuantileLoss[0.9]": 0.14273778187200772,
                "mean_absolute_QuantileLoss": 6316348.072216908,
                "mean_wQuantileLoss": 0.15936290011281865,
                "MAE_Coverage": 0.08436748436748437,
                "OWA": NaN
            },
            "contained_nan": false
        },
        "start": 1679403444.4038186,
        "end": 1679403446.4875476,
        "num_samples": 100,
        "model": {
            "params": 33882,
            "fsize": 140753
        }
    },
    "prediction_net-network": {
        "__kind__": "instance",
        "args": [],
        "class": "gluonts.mx.model.seq2seq._forking_network.ForkingSeq2SeqPredictionNetwork",
        "kwargs": {
            "cardinality": [
                1
            ],
            "context_length": 15,
            "decoder": {
                "__kind__": "instance",
                "args": [],
                "class": "gluonts.mx.block.decoder.ForkingMLPDecoder",
                "kwargs": {
                    "dec_len": 18,
                    "final_dim": 30,
                    "hidden_dimension_sequence": [],
                    "prefix": "decoder_"
                }
            },
            "distr_output": null,
            "dtype": {
                "__kind__": "type",
                "class": "numpy.float32"
            },
            "embedding_dimension": [
                1
            ],
            "enc2dec": {
                "__kind__": "instance",
                "args": [],
                "class": "gluonts.mx.block.enc2dec.FutureFeatIntegratorEnc2Dec",
                "kwargs": {}
            },
            "encoder": {
                "__kind__": "instance",
                "args": [],
                "class": "gluonts.mx.block.encoder.HierarchicalCausalConv1DEncoder",
                "kwargs": {
                    "channels_seq": [
                        30,
                        30,
                        30
                    ],
                    "dilation_seq": [
                        1,
                        3,
                        9
                    ],
                    "kernel_size_seq": [
                        7,
                        3,
                        3
                    ],
                    "prefix": "encoder_",
                    "use_dynamic_feat": true,
                    "use_residual": true,
                    "use_static_feat": true
                }
            },
            "num_forking": 15,
            "quantile_output": {
                "__kind__": "instance",
                "args": [],
                "class": "gluonts.mx.block.quantile_output.IncrementalQuantileOutput",
                "kwargs": {
                    "quantile_weights": null,
                    "quantiles": [
                        0.025,
                        0.1,
                        0.2,
                        0.3,
                        0.4,
                        0.5,
                        0.6,
                        0.7,
                        0.8,
                        0.9,
                        0.975
                    ]
                }
            },
            "scaling": false,
            "scaling_decoder_dynamic_feature": false
        }
    },
    "parameters": {
        "batch_size": 32,
        "ctx": {
            "__kind__": "instance",
            "args": [
                "cpu",
                0
            ],
            "class": "mxnet.context.Context"
        },
        "dtype": {
            "__kind__": "type",
            "class": "numpy.float32"
        },
        "forecast_generator": {
            "__kind__": "instance",
            "args": [],
            "class": "gluonts.model.forecast_generator.QuantileForecastGenerator",
            "kwargs": {
                "quantiles": [
                    "0.025",
                    "0.1",
                    "0.2",
                    "0.3",
                    "0.4",
                    "0.5",
                    "0.6",
                    "0.7",
                    "0.8",
                    "0.9",
                    "0.975"
                ]
            }
        },
        "input_names": [
            "past_target",
            "past_feat_dynamic",
            "future_feat_dynamic",
            "feat_static_cat",
            "past_observed_values"
        ],
        "lead_time": 0,
        "prediction_length": 18
    },
    "emissions": {
        "timestamp": {
            "0": "2023-03-21T13:57:26"
        },
        "project_name": {
            "0": "codecarbon"
        },
        "run_id": {
            "0": "3d6d12f5-fb49-4c60-b745-1f61e147820b"
        },
        "duration": {
            "0": 0.0010621547698974
        },
        "emissions": {
            "0": 2.2425647954019834e-09
        },
        "emissions_rate": {
            "0": 0.0021113352394194
        },
        "cpu_power": {
            "0": 25.2210169295154
        },
        "gpu_power": {
            "0": 0.0
        },
        "ram_power": {
            "0": 11.68178415298462
        },
        "cpu_energy": {
            "0": 5.968060327182778e-09
        },
        "gpu_energy": {
            "0": 0
        },
        "ram_energy": {
            "0": 1.4823210528902564e-09
        },
        "energy_consumed": {
            "0": 7.450381380073034e-09
        },
        "country_name": {
            "0": "Germany"
        },
        "country_iso_code": {
            "0": "DEU"
        },
        "region": {
            "0": NaN
        },
        "cloud_provider": {
            "0": NaN
        },
        "cloud_region": {
            "0": NaN
        },
        "os": {
            "0": "Linux-5.19.0-35-generic-x86_64-with-debian-bookworm-sid"
        },
        "python_version": {
            "0": "3.7.7"
        },
        "cpu_count": {
            "0": 12
        },
        "cpu_model": {
            "0": "Intel(R) Core(TM) i7-8700 CPU @ 3.20GHz"
        },
        "gpu_count": {
            "0": NaN
        },
        "gpu_model": {
            "0": NaN
        },
        "longitude": {
            "0": NaN
        },
        "latitude": {
            "0": NaN
        },
        "ram_total_size": {
            "0": 31.151424407958984
        },
        "tracking_mode": {
            "0": "machine"
        },
        "on_cloud": {
            "0": "N"
        }
    },
    "version": {
        "model": "0.11.8",
        "gluonts": "0.11.8"
    },