{
    "directory_name": "infer_2023_03_21_09_34_51",
    "type": [
        "gluonts.mx.model.predictor.RepresentableBlockPredictor"
    ],
    "prediction_net-network": {
        "__kind__": "instance",
        "args": [],
        "class": "gluonts.mx.model.gp_forecaster._network.GaussianProcessPredictionNetwork",
        "kwargs": {
            "cardinality": 378,
            "context_length": 5,
            "float_type": {
                "__kind__": "type",
                "class": "numpy.float64"
            },
            "jitter_method": "iter",
            "kernel_output": {
                "__kind__": "instance",
                "args": [],
                "class": "gluonts.mx.kernels._rbf_kernel.RBFKernelOutput",
                "kwargs": {}
            },
            "max_iter_jitter": 10,
            "num_parallel_samples": 100,
            "params_scaling": true,
            "prediction_length": 8,
            "sample_noise": true
        }
    },
    "validation_results": {
        "metrics": {
            "aggregated": {
                "MSE": 1170540.5029262751,
                "abs_error": 2517692.6450966494,
                "abs_target_sum": 16067140.26171875,
                "abs_target_mean": 5313.207758504877,
                "seasonal_error": 434.5939795462868,
                "MASE": 2.8736817627325744,
                "MAPE": 0.1896740248230811,
                "sMAPE": 0.17839210074260697,
                "MSIS": 43.47644545035831,
                "QuantileLoss[0.1]": 1163026.071573064,
                "Coverage[0.1]": 0.03902116402116402,
                "QuantileLoss[0.5]": 2517692.6450966494,
                "Coverage[0.5]": 0.14417989417989419,
                "QuantileLoss[0.9]": 1936127.6216367101,
                "Coverage[0.9]": 0.45436507936507936,
                "RMSE": 1081.9152013564997,
                "NRMSE": 0.20362749783775588,
                "ND": 0.156698242754204,
                "wQuantileLoss[0.1]": 0.07238538113369601,
                "wQuantileLoss[0.5]": 0.156698242754204,
                "wQuantileLoss[0.9]": 0.12050231653542538,
                "mean_absolute_QuantileLoss": 1872282.1127688077,
                "mean_wQuantileLoss": 0.11652864680777512,
                "MAE_Coverage": 0.2874779541446208,
                "OWA": NaN
            },
            "contained_nan": false
        },
        "start": 1679387691.4716542,
        "end": 1679387693.961572,
        "num_samples": 100,
        "model": {
            "params": 1142,
            "fsize": 12471
        }
    },
    "parameters": {
        "batch_size": 32,
        "ctx": {
            "__kind__": "instance",
            "args": [
                "cpu",
                0
            ],
            "class": "mxnet.context.Context"
        },
        "dtype": {
            "__kind__": "type",
            "class": "numpy.float64"
        },
        "forecast_generator": {
            "__kind__": "instance",
            "args": [],
            "class": "gluonts.model.forecast_generator.SampleForecastGenerator",
            "kwargs": {}
        },
        "input_names": [
            "past_target",
            "past_time_feat",
            "future_time_feat",
            "feat_static_cat"
        ],
        "lead_time": 0,
        "prediction_length": 8
    },
    "emissions": {
        "timestamp": {
            "0": "2023-03-21T09:34:53"
        },
        "project_name": {
            "0": "codecarbon"
        },
        "run_id": {
            "0": "6f3a00d4-5ae7-429f-acc6-148a379b40d3"
        },
        "duration": {
            "0": 0.0010395050048828
        },
        "emissions": {
            "0": 2.021161739410848e-09
        },
        "emissions_rate": {
            "0": 0.0019443501762059
        },
        "cpu_power": {
            "0": 22.52059117208563
        },
        "gpu_power": {
            "0": 0.0
        },
        "ram_power": {
            "0": 11.68178415298462
        },
        "cpu_energy": {
            "0": 5.221670845712012e-09
        },
        "gpu_energy": {
            "0": 0
        },
        "ram_energy": {
            "0": 1.4931522088090784e-09
        },
        "energy_consumed": {
            "0": 6.71482305452109e-09
        },
        "country_name": {
            "0": "Germany"
        },
        "country_iso_code": {
            "0": "DEU"
        },
        "region": {
            "0": NaN
        },
        "cloud_provider": {
            "0": NaN
        },
        "cloud_region": {
            "0": NaN
        },
        "os": {
            "0": "Linux-5.19.0-35-generic-x86_64-with-debian-bookworm-sid"
        },
        "python_version": {
            "0": "3.7.7"
        },
        "cpu_count": {
            "0": 12
        },
        "cpu_model": {
            "0": "Intel(R) Core(TM) i7-8700 CPU @ 3.20GHz"
        },
        "gpu_count": {
            "0": NaN
        },
        "gpu_model": {
            "0": NaN
        },
        "longitude": {
            "0": NaN
        },
        "latitude": {
            "0": NaN
        },
        "ram_total_size": {
            "0": 31.151424407958984
        },
        "tracking_mode": {
            "0": "machine"
        },
        "on_cloud": {
            "0": "N"
        }
    },
    "version": {
        "model": "0.11.8",
        "gluonts": "0.11.8"
    },
    "requirements": [
        "# 3.7.7 (default, Mar 23 2020, 22:36:06)",
        "# [GCC 7.3.0]",
        "wrapt==1.11.2",
        "typed-ast==1.4.0",
        "six==1.12.0",
        "setuptools==41.6.0",
        "pytz==2019.3",
        "python-dateutil==2.8.0",
        "pyparsing==2.4.2",
        "pylint==2.4.3",
        "numpy==1.17.3",
        "mccabe==0.6.1",
        "matplotlib==3.1.1",
        "lazy-object-proxy==1.4.3",
        "kiwisolver==1.1.0",
        "isort==4.3.21",
        "cycler==0.10.0",
        "astroid==2.3.2",
        "zipp==3.14.0",
        "xgboost==1.6.2",
        "wheel==0.37.1",
        "werkzeug==2.2.3",
        "urllib3==1.26.14",
        "typing-extensions==4.4.0",
        "tqdm==4.64.1",
        "toolz==0.12.0",
        "threadpoolctl==3.1.0",
        "tenacity==8.2.2",
        "scipy==1.7.3",
        "scikit-learn==1.0.2",
        "rpy2==2.9.4",
        "requests==2.28.2",
        "reportlab==3.6.12",
        "qrcode==7.4.2",
        "pypng==0.20220715.0",
        "pynvml==11.4.1",
        "pymupdf==1.21.1",
        "pydantic==1.10.4",
        "pyarrow==8.0.0",
        "py-rapl==0.1",
        "py-cpuinfo==9.0.0",
        "psutil==5.9.4",
        "plotly==5.13.1",
        "pip==22.3.1",
        "pint==0.18",
        "pillow==9.4.0",
        "pandas==1.3.5",
        "packaging==23.0",
        "orjson==3.8.5",
        "mxnet==1.9.1",
        "markupsafe==2.1.1",
        "joblib==1.2.0",
        "jinja2==3.1.2",
        "itsdangerous==2.1.2",
        "importlib-metadata==6.0.0",
        "idna==3.4",
        "graphviz==0.8.4",
        "gluonts==0.11.8",
        "fuzzywuzzy==0.18.0",
        "flask==2.2.3",
        "dash==2.8.1",
        "dash-table==5.0.0",
        "dash-html-components==2.0.0",
        "dash-core-components==2.0.0",
        "dash-bootstrap-components==1.4.0",
        "codecarbon==2.1.4",
        "click==8.1.3",
        "charset-normalizer==3.0.1",
        "certifi==2022.12.7",
        "arrow==1.2.3"
    ],
    "input_transform": {
        "__kind__": "instance",
        "args": [],
        "class": "gluonts.transform._base.Chain",
        "kwargs": {
            "trans": [
                {
                    "__kind__": "instance",
                    "args": [],
                    "class": "gluonts.transform._base.Chain",
                    "kwargs": {
                        "trans": [
                            {
                                "__kind__": "instance",
                                "args": [],
                                "class": "gluonts.transform._base.Chain",