{
    "directory_name": "infer_2023_03_20_14_30_06",
    "type": [
        "gluonts.mx.model.predictor.RepresentableBlockPredictor"
    ],
    "validation_results": {
        "metrics": {
            "aggregated": {
                "MSE": 8.149447053833289e+18,
                "abs_error": 4088261240832.0,
                "abs_target_sum": 181400878.4375,
                "abs_target_mean": 106455.91457599765,
                "seasonal_error": 8804.425044857828,
                "MASE": 9648402.129935807,
                "MAPE": 1518349.4655927918,
                "sMAPE": 1.9951505907264673,
                "MSIS": 385936079.9523675,
                "QuantileLoss[0.1]": 7358858696463.95,
                "Coverage[0.1]": 0.9994131455399061,
                "QuantileLoss[0.5]": 4088261245007.5,
                "Coverage[0.5]": 0.9994131455399061,
                "QuantileLoss[0.9]": 817663788499.3499,
                "Coverage[0.9]": 0.9994131455399061,
                "RMSE": 2854723638.7841973,
                "NRMSE": 26816.017223225703,
                "ND": 22537.163414236566,
                "wQuantileLoss[0.1]": 40566.83054596881,
                "wQuantileLoss[0.5]": 22537.163437254647,
                "wQuantileLoss[0.9]": 4507.496300692217,
                "mean_absolute_QuantileLoss": 4088261243323.5996,
                "mean_wQuantileLoss": 22537.16342797189,
                "MAE_Coverage": 0.4994131455399062,
                "OWA": NaN
            },
            "contained_nan": false
        },
        "start": 1679319006.5222504,
        "end": 1679319009.3049805,
        "num_samples": 100,
        "model": {
            "params": 11586,
            "fsize": 50471
        }
    },
    "version": {
        "model": "0.11.8",
        "gluonts": "0.11.8"
    },
    "emissions": {
        "timestamp": {
            "0": "2023-03-20T14:30:09"
        },
        "project_name": {
            "0": "codecarbon"
        },
        "run_id": {
            "0": "cb50eb71-b775-4d09-9b4d-23f58df67615"
        },
        "duration": {
            "0": 0.0008876323699951
        },
        "emissions": {
            "0": 1.9215348315307576e-09
        },
        "emissions_rate": {
            "0": 0.0021647867929166
        },
        "cpu_power": {
            "0": 26.429841894380957
        },
        "gpu_power": {
            "0": 0.0
        },
        "ram_power": {
            "0": 11.68178415298462
        },
        "cpu_energy": {
            "0": 5.018337349838031e-09
        },
        "gpu_energy": {
            "0": 0
        },
        "ram_energy": {
            "0": 1.3654992997658151e-09
        },
        "energy_consumed": {
            "0": 6.383836649603846e-09
        },
        "country_name": {
            "0": "Germany"
        },
        "country_iso_code": {
            "0": "DEU"
        },
        "region": {
            "0": NaN
        },
        "cloud_provider": {
            "0": NaN
        },
        "cloud_region": {
            "0": NaN
        },
        "os": {
            "0": "Linux-5.19.0-35-generic-x86_64-with-debian-bookworm-sid"
        },
        "python_version": {
            "0": "3.7.7"
        },
        "cpu_count": {
            "0": 12
        },
        "cpu_model": {
            "0": "Intel(R) Core(TM) i7-8700 CPU @ 3.20GHz"
        },
        "gpu_count": {
            "0": NaN
        },
        "gpu_model": {
            "0": NaN
        },
        "longitude": {
            "0": NaN
        },
        "latitude": {
            "0": NaN
        },
        "ram_total_size": {
            "0": 31.151424407958984
        },
        "tracking_mode": {
            "0": "machine"
        },
        "on_cloud": {
            "0": "N"
        }
    },
    "input_transform": {
        "__kind__": "instance",
        "args": [],
        "class": "gluonts.transform._base.Chain",
        "kwargs": {
            "trans": [
                {
                    "__kind__": "instance",
                    "args": [],
                    "class": "gluonts.transform._base.Chain",
                    "kwargs": {
                        "trans": [
                            {
                                "__kind__": "instance",
                                "args": [],
                                "class": "gluonts.transform.convert.AsNumpyArray",
                                "kwargs": {
                                    "dtype": {
                                        "__kind__": "type",
                                        "class": "numpy.float32"
                                    },
                                    "expected_ndim": 1,
                                    "field": "target"
                                }
                            },
                            {
                                "__kind__": "instance",
                                "args": [],
                                "class": "gluonts.transform.feature.AddTimeFeatures",
                                "kwargs": {
                                    "dtype": {
                                        "__kind__": "type",
                                        "class": "numpy.float32"
                                    },
                                    "output_field": "time_feat",
                                    "pred_length": 8,
                                    "start_field": "start",
                                    "target_field": "target",
                                    "time_features": [
                                        {
                                            "__kind__": "type",
                                            "class": "gluonts.time_feature._base.month_of_year"
                                        }
                                    ]
                                }
                            },
                            {
                                "__kind__": "instance",
                                "args": [],
                                "class": "gluonts.transform.field.SetFieldIfNotPresent",
                                "kwargs": {
                                    "field": "feat_static_cat",
                                    "value": [
                                        0.0
                                    ]
                                }
                            },
                            {
                                "__kind__": "instance",
                                "args": [],
                                "class": "gluonts.transform.convert.AsNumpyArray",
                                "kwargs": {
                                    "dtype": {
                                        "__kind__": "type",
                                        "class": "numpy.float32"
                                    },
                                    "expected_ndim": 1,
                                    "field": "feat_static_cat"
                                }
                            }
                        ]
                    }
                },
                {
                    "__kind__": "instance",
                    "args": [],
                    "class": "gluonts.transform.split.InstanceSplitter",
                    "kwargs": {
                        "dummy_value": 0.0,
                        "forecast_start_field": "forecast_start",
                        "future_length": 8,
                        "instance_sampler": {
                            "__kind__": "instance",
                            "class": "gluonts.transform.sampler.PredictionSplitSampler",
                            "kwargs": {
                                "allow_empty_interval": false,
                                "axis": -1,
                                "min_future": 0,
                                "min_past": 0
                            }
                        },