{
    "directory_name": "infer_2023_03_20_22_29_48",
    "version": {
        "model": "0.11.8",
        "gluonts": "0.11.8"
    },
    "parameters": {
        "batch_size": 32,
        "ctx": {
            "__kind__": "instance",
            "args": [
                "cpu",
                0
            ],
            "class": "mxnet.context.Context"
        },
        "dtype": {
            "__kind__": "type",
            "class": "numpy.float32"
        },
        "forecast_generator": {
            "__kind__": "instance",
            "args": [],
            "class": "gluonts.model.forecast_generator.QuantileForecastGenerator",
            "kwargs": {
                "quantiles": [
                    "0.025",
                    "0.1",
                    "0.2",
                    "0.3",
                    "0.4",
                    "0.5",
                    "0.6",
                    "0.7",
                    "0.8",
                    "0.9",
                    "0.975"
                ]
            }
        },
        "input_names": [
            "past_target",
            "past_feat_dynamic",
            "future_feat_dynamic",
            "feat_static_cat",
            "past_observed_values"
        ],
        "lead_time": 0,
        "prediction_length": 8
    },
    "validation_results": {
        "metrics": {
            "aggregated": {
                "MSE": 296210674907.2357,
                "abs_error": 78234225.24072266,
                "abs_target_sum": 746489838.0,
                "abs_target_mean": 583195.1859375,
                "seasonal_error": 26744.55416666666,
                "MASE": 1.9337915508934493,
                "MAPE": 0.10320923838298768,
                "sMAPE": 0.1082144542830065,
                "MSIS": 30.209377521796654,
                "QuantileLoss[0.1]": 34884055.579119876,
                "Coverage[0.1]": 0.146875,
                "QuantileLoss[0.5]": 78234225.21452332,
                "Coverage[0.5]": 0.37421875,
                "QuantileLoss[0.9]": 47101281.52801208,
                "Coverage[0.9]": 0.78046875,
                "RMSE": 544252.4000013557,
                "NRMSE": 0.9332251244949101,
                "ND": 0.10480280006266161,
                "wQuantileLoss[0.1]": 0.046730784269724886,
                "wQuantileLoss[0.5]": 0.1048028000275649,
                "wQuantileLoss[0.9]": 0.06309701636958129,
                "mean_absolute_QuantileLoss": 53406520.77388509,
                "mean_wQuantileLoss": 0.07154353355562369,
                "MAE_Coverage": 0.09739583333333333,
                "OWA": NaN
            },
            "contained_nan": false
        },
        "start": 1679347788.9532943,
        "end": 1679347790.977984,
        "num_samples": 100,
        "model": {
            "params": 18612,
            "fsize": 79742
        }
    },
    "prediction_net-network": {
        "__kind__": "instance",
        "args": [],
        "class": "gluonts.mx.model.seq2seq._forking_network.ForkingSeq2SeqPredictionNetwork",
        "kwargs": {
            "cardinality": [
                1
            ],
            "context_length": 65,
            "decoder": {
                "__kind__": "instance",
                "args": [],
                "class": "gluonts.mx.block.decoder.ForkingMLPDecoder",
                "kwargs": {
                    "dec_len": 8,
                    "final_dim": 30,
                    "hidden_dimension_sequence": [],
                    "prefix": "decoder_"
                }
            },
            "distr_output": null,
            "dtype": {
                "__kind__": "type",
                "class": "numpy.float32"
            },
            "embedding_dimension": [
                1
            ],
            "enc2dec": {
                "__kind__": "instance",
                "args": [],
                "class": "gluonts.mx.block.enc2dec.FutureFeatIntegratorEnc2Dec",
                "kwargs": {}
            },
            "encoder": {
                "__kind__": "instance",
                "args": [],
                "class": "gluonts.mx.block.encoder.HierarchicalCausalConv1DEncoder",
                "kwargs": {
                    "channels_seq": [
                        30,
                        30,
                        30
                    ],
                    "dilation_seq": [
                        1,
                        3,
                        9
                    ],
                    "kernel_size_seq": [
                        7,
                        3,
                        3
                    ],
                    "prefix": "encoder_",
                    "use_dynamic_feat": true,
                    "use_residual": true,
                    "use_static_feat": true
                }
            },
            "num_forking": 65,
            "quantile_output": {
                "__kind__": "instance",
                "args": [],
                "class": "gluonts.mx.block.quantile_output.IncrementalQuantileOutput",
                "kwargs": {
                    "quantile_weights": null,
                    "quantiles": [
                        0.025,
                        0.1,
                        0.2,
                        0.3,
                        0.4,
                        0.5,
                        0.6,
                        0.7,
                        0.8,
                        0.9,
                        0.975
                    ]
                }
            },
            "scaling": false,
            "scaling_decoder_dynamic_feature": false
        }
    },
    "requirements": [
        "# 3.7.7 (default, Mar 23 2020, 22:36:06)",
        "# [GCC 7.3.0]",
        "wrapt==1.11.2",
        "typed-ast==1.4.0",
        "six==1.12.0",
        "setuptools==41.6.0",
        "pytz==2019.3",
        "python-dateutil==2.8.0",
        "pyparsing==2.4.2",
        "pylint==2.4.3",
        "numpy==1.17.3",
        "mccabe==0.6.1",
        "matplotlib==3.1.1",
        "lazy-object-proxy==1.4.3",
        "kiwisolver==1.1.0",
        "isort==4.3.21",
        "cycler==0.10.0",
        "astroid==2.3.2",
        "zipp==3.14.0",
        "xgboost==1.6.2",
        "wheel==0.37.1",
        "werkzeug==2.2.3",
        "urllib3==1.26.14",
        "typing-extensions==4.4.0",
        "tqdm==4.64.1",
        "toolz==0.12.0",
        "threadpoolctl==3.1.0",
        "tenacity==8.2.2",
        "scipy==1.7.3",
        "scikit-learn==1.0.2",
        "rpy2==2.9.4",
        "requests==2.28.2",
        "reportlab==3.6.12",
        "qrcode==7.4.2",
        "pypng==0.20220715.0",
        "pynvml==11.4.1",
        "pymupdf==1.21.1",
        "pydantic==1.10.4",
        "pyarrow==8.0.0",
        "py-rapl==0.1",
        "py-cpuinfo==9.0.0",
        "psutil==5.9.4",
        "plotly==5.13.1",
        "pip==22.3.1",
        "pint==0.18",
        "pillow==9.4.0",
        "pandas==1.3.5",
        "packaging==23.0",
        "orjson==3.8.5",
        "mxnet==1.9.1",
        "markupsafe==2.1.1",
        "joblib==1.2.0",
        "jinja2==3.1.2",
        "itsdangerous==2.1.2",
        "importlib-metadata==6.0.0",
        "idna==3.4",
        "graphviz==0.8.4",
        "gluonts==0.11.8",
        "fuzzywuzzy==0.18.0",
        "flask==2.2.3",
        "dash==2.8.1",
        "dash-table==5.0.0",
        "dash-html-components==2.0.0",
        "dash-core-components==2.0.0",
        "dash-bootstrap-components==1.4.0",
        "codecarbon==2.1.4",
        "click==8.1.3",
        "charset-normalizer==3.0.1",
        "certifi==2022.12.7",
        "arrow==1.2.3"
    ],
    "input_transform": {
        "__kind__": "instance",
        "args": [],
        "class": "gluonts.transform._base.Chain",
        "kwargs": {
            "trans": [
                {
                    "__kind__": "instance",
                    "args": [],
                    "class": "gluonts.transform._base.Chain",