{
    "directory_name": "infer_2024_01_31_17_18_30",
    "config": {
        "dataset": "solar_weekly_dataset",
        "model": "autogluon",
        "output_dir": "mnt_data/autogluon",
        "ds_seed": -1,
        "epochs": 100,
        "datadir": "mnt_data/data",
        "cpu_monitor_interval": 0.5,
        "seed": 42,
        "timestamp": "2024_01_31_17_18_30",
        "train_logdir": "mnt_data/autogluon/train_2024_01_31_17_16_15",
        "lag": 6,
        "external_forecast_horizon": 5
    },
    "validation_results": {
        "metrics": {
            "aggregated": {
                "MSE": 4799744.57213069,
                "abs_error": 1221515.7785559841,
                "abs_target_sum": 3113778.9106445312,
                "abs_target_mean": 4545.662643276689,
                "seasonal_error": 986.3204547539473,
                "MASE": 1.8030142622679524,
                "MAPE": 0.4404858006030125,
                "sMAPE": 0.3398239213890756,
                "MSIS": 72.12057049071811,
                "num_masked_target_values": 0.0,
                "QuantileLoss[0.1]": 2184148.1968403873,
                "Coverage[0.1]": 0.9372262773722626,
                "QuantileLoss[0.5]": 1221515.7785559841,
                "Coverage[0.5]": 0.9372262773722626,
                "QuantileLoss[0.9]": 258883.3602715809,
                "Coverage[0.9]": 0.9372262773722626,
                "RMSE": 2190.83193607604,
                "NRMSE": 0.4819609610309321,
                "ND": 0.39229367710732505,
                "wQuantileLoss[0.1]": 0.7014461397287463,
                "wQuantileLoss[0.5]": 0.39229367710732505,
                "wQuantileLoss[0.9]": 0.08314121448590381,
                "mean_absolute_QuantileLoss": 1221515.7785559841,
                "mean_wQuantileLoss": 0.39229367710732505,
                "MAE_Coverage": 0.43722627737226255,
                "OWA": NaN
            },
            "contained_nan": false
        },
        "start": 1706717910.9141018,
        "end": 1706717913.317167,
        "num_samples": 100,
        "model": {
            "params": -1,
            "fsize": 2878325
        }
    },
    "emissions": {
        "timestamp": {
            "0": "2024-01-31T17:18:33"
        },
        "project_name": {
            "0": "codecarbon"
        },
        "run_id": {
            "0": "81fdf6e6-9511-4911-8a19-3a258a53df29"
        },
        "duration": {
            "0": 1.1141481399536133
        },
        "emissions": {
            "0": 2.792820177324471e-06
        },
        "emissions_rate": {
            "0": 2.506686568126163e-06
        },
        "cpu_power": {
            "0": 11.285531443926525
        },
        "gpu_power": {
            "0": 0.0
        },
        "ram_power": {
            "0": 11.70867919921875
        },
        "cpu_energy": {
            "0": 4.025091831186267e-06
        },
        "gpu_energy": {
            "0": 0
        },
        "ram_energy": {
            "0": 3.616483910445822e-06
        },
        "energy_consumed": {
            "0": 7.641575741632089e-06
        },
        "country_name": {
            "0": "Germany"
        },
        "country_iso_code": {
            "0": "DEU"
        },
        "region": {
            "0": NaN
        },
        "cloud_provider": {
            "0": NaN
        },
        "cloud_region": {
            "0": NaN
        },
        "os": {
            "0": "Linux-6.5.0-15-generic-x86_64-with-glibc2.10"
        },
        "python_version": {
            "0": "3.8.18"
        },
        "codecarbon_version": {
            "0": "2.3.4"
        },
        "cpu_count": {
            "0": 8
        },
        "cpu_model": {
            "0": "Intel(R) Core(TM) i7-6700 CPU @ 3.40GHz"
        },
        "gpu_count": {
            "0": NaN
        },
        "gpu_model": {
            "0": NaN
        },
        "longitude": {
            "0": NaN
        },
        "latitude": {
            "0": NaN
        },
        "ram_total_size": {
            "0": 31.22314453125
        },
        "tracking_mode": {
            "0": "machine"
        },
        "on_cloud": {
            "0": "N"
        },
        "pue": {
            "0": 1.0
        }
    },