{
    "directory_name": "infer_2023_03_22_11_53_36",
    "execution_platform": {
        "System": "Linux",
        "Node Name": "ls8ws022",
        "Release": "5.4.0-137-generic",
        "Version": "#154-Ubuntu SMP Thu Jan 5 17:03:22 UTC 2023",
        "Machine": "x86_64",
        "Processor": "Intel(R) Xeon(R) W-2155 CPU @ 3.30GHz",
        "Physical cores": 10,
        "Total cores": 20,
        "Max Frequency": 4500.0,
        "Min Frequency": 1200.0,
        "Current Frequency": 1207.89255,
        "Total": 67103240192,
        "Available": 64716292096,
        "Used": 1639251968
    },
    "version": {
        "model": "0.11.8",
        "gluonts": "0.11.8"
    },
    "validation_results": {
        "metrics": {
            "aggregated": {
                "MSE": 4092.9359940279687,
                "abs_error": 237272.90064787865,
                "abs_target_sum": 999365.0,
                "abs_target_mean": 101.25278622087131,
                "seasonal_error": 17.508975732203705,
                "MASE": Infinity,
                "MAPE": 1.0523607570953522,
                "sMAPE": 0.3274818985778631,
                "MSIS": Infinity,
                "QuantileLoss[0.1]": 132767.26090898513,
                "Coverage[0.1]": 0.17264437689969606,
                "QuantileLoss[0.5]": 237272.90214008093,
                "Coverage[0.5]": 0.6651469098277608,
                "QuantileLoss[0.9]": 157820.95959732533,
                "Coverage[0.9]": 0.882776089159068,
                "RMSE": 63.97605797505789,
                "NRMSE": 0.6318449137340426,
                "ND": 0.23742366467494724,
                "wQuantileLoss[0.1]": 0.1328516216887575,
                "wQuantileLoss[0.5]": 0.23742366616809768,
                "wQuantileLoss[0.9]": 0.15792123958446147,
                "mean_absolute_QuantileLoss": 175953.70754879713,
                "mean_wQuantileLoss": 0.17606550914710553,
                "MAE_Coverage": 0.08500506585612962,
                "OWA": NaN
            },
            "contained_nan": false
        },
        "start": 1679482416.6920092,
        "end": 1679482418.2056773,
        "num_samples": 100,
        "model": {
            "params": 25884,
            "fsize": 109257
        }
    },
    "config": {
        "dataset": "vehicle_trips_dataset_without_missing_values",
        "model": "deepar",
        "output_dir": "mnt_data/results",
        "ds_seed": -1,
        "epochs": 100,
        "datadir": "mnt_data/data",
        "cpu_monitor_interval": 0.5,
        "seed": 42,
        "timestamp": "2023_03_22_11_53_36",
        "lag": 9,
        "external_forecast_horizon": 30,
        "integer_conversion": true,
        "train_logdir": "mnt_data/results/train_2023_03_22_11_51_38"
    },
    "requirements": [
        "# 3.7.7 (default, Mar 23 2020, 22:36:06)",
        "# [GCC 7.3.0]",
        "wrapt==1.11.2",
        "typed-ast==1.4.0",
        "six==1.12.0",
        "setuptools==41.6.0",
        "pytz==2019.3",
        "python-dateutil==2.8.0",
        "pyparsing==2.4.2",
        "pylint==2.4.3",
        "numpy==1.17.3",
        "mccabe==0.6.1",
        "matplotlib==3.1.1",
        "lazy-object-proxy==1.4.3",
        "kiwisolver==1.1.0",
        "isort==4.3.21",
        "cycler==0.10.0",
        "astroid==2.3.2",
        "zipp==3.14.0",
        "xgboost==1.6.2",
        "wheel==0.37.1",
        "werkzeug==2.2.3",
        "urllib3==1.26.14",
        "typing-extensions==4.4.0",
        "tqdm==4.64.1",
        "toolz==0.12.0",
        "threadpoolctl==3.1.0",
        "tenacity==8.2.2",
        "scipy==1.7.3",
        "scikit-learn==1.0.2",
        "rpy2==2.9.4",
        "requests==2.28.2",
        "reportlab==3.6.12",
        "qrcode==7.4.2",
        "pypng==0.20220715.0",
        "pynvml==11.4.1",
        "pymupdf==1.21.1",
        "pydantic==1.10.4",
        "pyarrow==8.0.0",
        "py-rapl==0.1",
        "py-cpuinfo==9.0.0",
        "psutil==5.9.4",
        "plotly==5.13.1",
        "pip==22.3.1",
        "pint==0.18",
        "pillow==9.4.0",
        "pandas==1.3.5",
        "packaging==23.0",
        "orjson==3.8.5",
        "mxnet==1.9.1",
        "markupsafe==2.1.1",
        "joblib==1.2.0",
        "jinja2==3.1.2",
        "itsdangerous==2.1.2",
        "importlib-metadata==6.0.0",
        "idna==3.4",
        "graphviz==0.8.4",
        "gluonts==0.11.8",
        "fuzzywuzzy==0.18.0",
        "flask==2.2.3",
        "dash==2.8.1",
        "dash-table==5.0.0",
        "dash-html-components==2.0.0",
        "dash-core-components==2.0.0",
        "dash-bootstrap-components==1.4.0",
        "codecarbon==2.1.4",
        "click==8.1.3",
        "charset-normalizer==3.0.1",
        "certifi==2022.12.7",
        "arrow==1.2.3"
    ],
    "parameters": {
        "batch_size": 32,
        "ctx": {
            "__kind__": "instance",
            "args": [
                "cpu",
                0
            ],
            "class": "mxnet.context.Context"
        },
        "dtype": {
            "__kind__": "type",
            "class": "numpy.float32"
        },
        "forecast_generator": {
            "__kind__": "instance",
            "args": [],
            "class": "gluonts.model.forecast_generator.SampleForecastGenerator",
            "kwargs": {}
        },
        "input_names": [
            "feat_static_cat",
            "feat_static_real",
            "past_time_feat",
            "past_target",
            "past_observed_values",
            "future_time_feat",
            "past_is_pad"
        ],
        "lead_time": 0,
        "prediction_length": 30
    },
    "prediction_net-network": {
        "__kind__": "instance",
        "args": [],
        "class": "gluonts.mx.model.deepar._network.DeepARPredictionNetwork",
        "kwargs": {
            "cardinality": [
                1
            ],
            "cell_type": "lstm",
            "context_length": 9,
            "default_scale": null,
            "distr_output": {
                "__kind__": "instance",
                "args": [],
                "class": "gluonts.mx.distribution.student_t.StudentTOutput",
                "kwargs": {}
            },
            "dropout_rate": 0.1,
            "dropoutcell_type": "ZoneoutCell",
            "dtype": {
                "__kind__": "type",
                "class": "numpy.float32"
            },
            "embedding_dimension": [
                1
            ],
            "history_length": 1102,
            "impute_missing_values": false,
            "lags_seq": [
                1,
                2,
                3,
                4,
                5,
                6,
                7,
                8,
                13,
                14,
                15,
                20,
                21,
                22,
                27,
                28,
                29,
                30,
                31,
                56,
                84,
                363,
                364,
                365,
                727,
                728,
                729,
                1091,
                1092,
                1093
            ],
            "minimum_scale": 1e-10,
            "num_cells": 40,
            "num_imputation_samples": 1,
            "num_layers": 2,
            "num_parallel_samples": 100,
            "prediction_length": 30,
            "scaling": true
        }
    },
    "input_transform": {
        "__kind__": "instance",
        "args": [],
        "class": "gluonts.transform._base.Chain",
        "kwargs": {
            "trans": [
                {
                    "__kind__": "instance",
                    "args": [],
                    "class": "gluonts.transform._base.Chain",
                    "kwargs": {
                        "trans": [
                            {
                                "__kind__": "instance",
                                "args": [],