{
    "directory_name": "infer_2023_03_19_05_13_56",
    "validation_results": {
        "metrics": {
            "aggregated": {
                "MSE": 2.3622397862203535,
                "abs_error": 3028.7681500911713,
                "abs_target_sum": 33784.63064956665,
                "abs_target_mean": 9.79832675451469,
                "seasonal_error": 0.7318182050882692,
                "MASE": 3.0139220388718893,
                "MAPE": 0.09255061244371665,
                "sMAPE": 0.09119374659171721,
                "MSIS": 120.55688167374254,
                "QuantileLoss[0.1]": 2854.5479577302935,
                "Coverage[0.1]": 0.4814385150812065,
                "QuantileLoss[0.5]": 3028.768149971962,
                "Coverage[0.5]": 0.4814385150812065,
                "QuantileLoss[0.9]": 3202.988342213631,
                "Coverage[0.9]": 0.4814385150812065,
                "RMSE": 1.5369579650141227,
                "NRMSE": 0.15685922744982472,
                "ND": 0.08964928998358077,
                "wQuantileLoss[0.1]": 0.08449250155608579,
                "wQuantileLoss[0.5]": 0.08964928998005225,
                "wQuantileLoss[0.9]": 0.09480607840401875,
                "mean_absolute_QuantileLoss": 3028.768149971962,
                "mean_wQuantileLoss": 0.08964928998005227,
                "MAE_Coverage": 0.27285382830626453,
                "OWA": NaN
            },
            "contained_nan": false
        },
        "start": 1679199236.9409585,
        "end": 1679199241.158368,
        "num_samples": 100,
        "model": {
            "params": 25691469,
            "fsize": 102802481
        }
    },
    "input_transform": {
        "__kind__": "instance",
        "args": [],
        "class": "gluonts.transform._base.Chain",
        "kwargs": {
            "trans": [
                {
                    "__kind__": "instance",
                    "args": [],
                    "class": "gluonts.transform.feature.AddObservedValuesIndicator",
                    "kwargs": {
                        "dtype": {
                            "__kind__": "type",
                            "class": "numpy.float32"
                        },
                        "imputation_method": {
                            "__kind__": "instance",
                            "args": [],
                            "class": "gluonts.transform.feature.DummyValueImputation",
                            "kwargs": {
                                "dummy_value": 0.0
                            }
                        },
                        "output_field": "observed_values",
                        "target_field": "target"
                    }
                },
                {
                    "__kind__": "instance",
                    "args": [],
                    "class": "gluonts.transform.split.InstanceSplitter",
                    "kwargs": {
                        "dummy_value": 0.0,
                        "forecast_start_field": "forecast_start",
                        "future_length": 8,
                        "instance_sampler": {
                            "__kind__": "instance",
                            "class": "gluonts.transform.sampler.PredictionSplitSampler",
                            "kwargs": {
                                "allow_empty_interval": false,
                                "axis": -1,
                                "min_future": 0,
                                "min_past": 0
                            }
                        },
                        "is_pad_field": "is_pad",
                        "lead_time": 0,
                        "output_NTC": true,
                        "past_length": 65,
                        "start_field": "start",
                        "target_field": "target",
                        "time_series_fields": [
                            "observed_values"
                        ]
                    }
                }
            ]
        }
    },
    "prediction_net-network": {
        "__kind__": "instance",
        "args": [],
        "class": "gluonts.mx.model.n_beats._network.NBEATSPredictionNetwork",
        "kwargs": {
            "context_length": 65,
            "expansion_coefficient_lengths": [
                32,
                32,
                32,
                32,
                32,
                32,
                32,
                32,
                32,
                32,
                32,
                32,
                32,
                32,
                32,
                32,
                32,
                32,
                32,
                32,
                32,
                32,
                32,
                32,
                32,
                32,
                32,
                32,
                32,
                32
            ],
            "num_block_layers": [
                4,
                4,
                4,
                4,
                4,
                4,
                4,
                4,
                4,
                4,
                4,
                4,
                4,
                4,
                4,
                4,
                4,
                4,
                4,
                4,
                4,
                4,
                4,
                4,
                4,
                4,
                4,
                4,
                4,
                4
            ],
            "num_blocks": [
                1,
                1,
                1,
                1,
                1,
                1,
                1,
                1,
                1,
                1,
                1,
                1,
                1,
                1,
                1,
                1,
                1,
                1,
                1,
                1,
                1,
                1,
                1,
                1,
                1,
                1,
                1,
                1,
                1,
                1
            ],
            "num_stacks": 30,
            "prediction_length": 8,
            "scale": false,
            "sharing": [
                false,
                false,
                false,
                false,
                false,
                false,
                false,
                false,
                false,
                false,
                false,
                false,
                false,
                false,
                false,
                false,
                false,
                false,
                false,
                false,
                false,
                false,
                false,
                false,
                false,
                false,
                false,
                false,
                false,
                false
            ],
            "stack_types": [
                "G",
                "G",
                "G",
                "G",
                "G",
                "G",
                "G",
                "G",
                "G",
                "G",
                "G",
                "G",
                "G",
                "G",
                "G",
                "G",
                "G",
                "G",
                "G",
                "G",
                "G",
                "G",
                "G",
                "G",
                "G",
                "G",
                "G",
                "G",
                "G",
                "G"
            ],