{
    "directory_name": "infer_2023_03_18_03_49_29",
    "validation_results": {
        "metrics": {
            "aggregated": {
                "MSE": 69.40816080395942,
                "abs_error": 18377.197168380302,
                "abs_target_sum": 55495.18814086914,
                "abs_target_mean": 18.017918227554922,
                "seasonal_error": 6.473085994628118,
                "MASE": 0.9338181407508163,
                "MAPE": 0.4349832380143702,
                "sMAPE": 0.3531479028851652,
                "MSIS": 7.157187116727431,
                "QuantileLoss[0.1]": 9030.326372889549,
                "Coverage[0.1]": 0.038311688311688304,
                "QuantileLoss[0.5]": 18377.197168380302,
                "Coverage[0.5]": 0.41818181818181815,
                "QuantileLoss[0.9]": 9560.839793561014,
                "Coverage[0.9]": 0.8665584415584415,
                "RMSE": 8.331156030465365,
                "NRMSE": 0.46238172053220183,
                "ND": 0.3311493804063079,
                "wQuantileLoss[0.1]": 0.16272269137942091,
                "wQuantileLoss[0.5]": 0.3311493804063079,
                "wQuantileLoss[0.9]": 0.17228232057330362,
                "mean_absolute_QuantileLoss": 12322.787778276956,
                "mean_wQuantileLoss": 0.2220514641196775,
                "MAE_Coverage": 0.05898268398268402,
                "OWA": NaN
            },
            "contained_nan": false
        },
        "start": 1679107769.5954752,
        "end": 1679107771.0625927,
        "num_samples": 100,
        "model": {
            "params": 173,
            "fsize": 4867
        }
    },
    "requirements": [
        "# 3.7.7 (default, Mar 23 2020, 22:36:06)",
        "# [GCC 7.3.0]",
        "wrapt==1.11.2",
        "typed-ast==1.4.0",
        "six==1.12.0",
        "setuptools==41.6.0",
        "pytz==2019.3",
        "python-dateutil==2.8.0",
        "pyparsing==2.4.2",
        "pylint==2.4.3",
        "numpy==1.17.3",
        "mccabe==0.6.1",
        "matplotlib==3.1.1",
        "lazy-object-proxy==1.4.3",
        "kiwisolver==1.1.0",
        "isort==4.3.21",
        "cycler==0.10.0",
        "astroid==2.3.2",
        "zipp==3.14.0",
        "xgboost==1.6.2",
        "wheel==0.37.1",
        "werkzeug==2.2.3",
        "urllib3==1.26.14",
        "typing-extensions==4.4.0",
        "tqdm==4.64.1",
        "toolz==0.12.0",
        "threadpoolctl==3.1.0",
        "tenacity==8.2.2",
        "scipy==1.7.3",
        "scikit-learn==1.0.2",
        "rpy2==2.9.4",
        "requests==2.28.2",
        "reportlab==3.6.12",
        "qrcode==7.4.2",
        "pypng==0.20220715.0",
        "pynvml==11.4.1",
        "pymupdf==1.21.1",
        "pydantic==1.10.4",
        "pyarrow==8.0.0",
        "py-rapl==0.1",
        "py-cpuinfo==9.0.0",
        "psutil==5.9.4",
        "plotly==5.13.1",
        "pip==22.3.1",
        "pint==0.18",
        "pillow==9.4.0",
        "pandas==1.3.5",
        "packaging==23.0",
        "orjson==3.8.5",
        "mxnet==1.9.1",
        "markupsafe==2.1.1",
        "joblib==1.2.0",
        "jinja2==3.1.2",
        "itsdangerous==2.1.2",
        "importlib-metadata==6.0.0",
        "idna==3.4",
        "graphviz==0.8.4",
        "gluonts==0.11.8",
        "fuzzywuzzy==0.18.0",
        "flask==2.2.3",
        "dash==2.8.1",
        "dash-table==5.0.0",
        "dash-html-components==2.0.0",
        "dash-core-components==2.0.0",
        "dash-bootstrap-components==1.4.0",
        "codecarbon==2.1.4",
        "click==8.1.3",
        "charset-normalizer==3.0.1",
        "certifi==2022.12.7",
        "arrow==1.2.3"
    ],
    "type": [
        "gluonts.mx.model.predictor.RepresentableBlockPredictor"
    ],
    "emissions": {
        "timestamp": {
            "0": "2023-03-18T03:49:30"
        },
        "project_name": {
            "0": "codecarbon"
        },
        "run_id": {
            "0": "ea151765-cff9-43ae-9ff4-00bb024d311e"
        },
        "duration": {
            "0": 0.0067603588104248
        },
        "emissions": {
            "0": 1.807663546705741e-08
        },
        "emissions_rate": {
            "0": 0.0026739165736561
        },
        "cpu_power": {
            "0": 30.40132418717137
        },
        "gpu_power": {
            "0": 1.41
        },
        "ram_power": {
            "0": 23.43553590774536
        },
        "cpu_energy": {
            "0": 5.3320875992302064e-08
        },
        "gpu_energy": {
            "0": 6.688853104909261e-10
        },
        "ram_energy": {
            "0": 6.065506029623673e-09
        },
        "energy_consumed": {
            "0": 6.005526733241667e-08
        },
        "country_name": {
            "0": "Germany"
        },
        "country_iso_code": {
            "0": "DEU"
        },
        "region": {
            "0": NaN
        },
        "cloud_provider": {
            "0": NaN
        },
        "cloud_region": {
            "0": NaN
        },
        "os": {
            "0": "Linux-5.4.0-137-generic-x86_64-with-debian-bullseye-sid"
        },
        "python_version": {
            "0": "3.7.7"
        },
        "cpu_count": {
            "0": 20
        },
        "cpu_model": {
            "0": "Intel(R) Xeon(R) W-2155 CPU @ 3.30GHz"
        },
        "gpu_count": {
            "0": 1
        },
        "gpu_model": {
            "0": "1 x Quadro RTX 5000"
        },
        "longitude": {
            "0": NaN
        },
        "latitude": {
            "0": NaN
        },
        "ram_total_size": {
            "0": 62.4947624206543
        },
        "tracking_mode": {
            "0": "machine"
        },
        "on_cloud": {
            "0": "N"
        }
    },
    "parameters": {
        "batch_size": 32,
        "ctx": {
            "__kind__": "instance",
            "args": [
                "cpu",
                0
            ],
            "class": "mxnet.context.Context"
        },
        "dtype": {
            "__kind__": "type",
            "class": "numpy.float64"
        },
        "forecast_generator": {
            "__kind__": "instance",
            "args": [],
            "class": "gluonts.model.forecast_generator.SampleForecastGenerator",
            "kwargs": {}
        },
        "input_names": [
            "past_target",
            "past_time_feat",
            "future_time_feat",
            "feat_static_cat"
        ],
        "lead_time": 0,
        "prediction_length": 56
    },
    "version": {
        "model": "0.11.8",
        "gluonts": "0.11.8"
    },
    "prediction_net-network": {
        "__kind__": "instance",
        "args": [],
        "class": "gluonts.mx.model.gp_forecaster._network.GaussianProcessPredictionNetwork",
        "kwargs": {
            "cardinality": 55,
            "context_length": 9,
            "float_type": {
                "__kind__": "type",
                "class": "numpy.float64"
            },
            "jitter_method": "iter",
            "kernel_output": {
                "__kind__": "instance",
                "args": [],
                "class": "gluonts.mx.kernels._rbf_kernel.RBFKernelOutput",
                "kwargs": {}
            },
            "max_iter_jitter": 10,
            "num_parallel_samples": 100,
            "params_scaling": true,
            "prediction_length": 56,
            "sample_noise": true
        }
    },
    "execution_platform": {
        "System": "Linux",
        "Node Name": "ls8ws022",
        "Release": "5.4.0-137-generic",
        "Version": "#154-Ubuntu SMP Thu Jan 5 17:03:22 UTC 2023",
        "Machine": "x86_64",
        "Processor": "Intel(R) Xeon(R) W-2155 CPU @ 3.30GHz",
        "Physical cores": 10,
        "Total cores": 20,
        "Max Frequency": 4500.0,
        "Min Frequency": 1200.0,
        "Current Frequency": 1205.8980999999999,
        "Total": 67103240192,
        "Available": 64866672640,
        "Used": 1494360064
    },