{
    "directory_name": "infer_2023_03_18_17_45_51",
    "validation_results": {
        "metrics": {
            "aggregated": {
                "MSE": 30960695.919312168,
                "abs_error": 16092488.837890625,
                "abs_target_sum": 16102382.837890625,
                "abs_target_mean": 5324.862049567006,
                "seasonal_error": 403.9757759691322,
                "MASE": 22.18865975469242,
                "MAPE": 0.9992992365486407,
                "sMAPE": 1.9971999803548137,
                "MSIS": 825.8661429144584,
                "QuantileLoss[0.1]": 3219871.7668945314,
                "Coverage[0.1]": 0.0,
                "QuantileLoss[0.5]": 16092488.834472656,
                "Coverage[0.5]": 0.0,
                "QuantileLoss[0.9]": 28294392.302050784,
                "Coverage[0.9]": 0.0,
                "RMSE": 5564.233632703804,
                "NRMSE": 1.0449535745543423,
                "ND": 0.9993855567775523,
                "wQuantileLoss[0.1]": 0.1999624402990736,
                "wQuantileLoss[0.5]": 0.9993855565652875,
                "wQuantileLoss[0.9]": 1.7571556077694948,
                "mean_absolute_QuantileLoss": 15868917.634472659,
                "mean_wQuantileLoss": 0.9855012015446185,
                "MAE_Coverage": 0.5,
                "OWA": NaN
            },
            "contained_nan": false
        },
        "start": 1679157951.9080882,
        "end": 1679157953.3929706,
        "num_samples": 100,
        "model": {
            "params": 584,
            "fsize": 6282
        }
    },
    "prediction_net-network": {
        "__kind__": "instance",
        "args": [],
        "class": "gluonts.mx.model.renewal._network.DeepRenewalPredictionNetwork",
        "kwargs": {
            "context_length": 5,
            "dropout_rate": 0.1,
            "interval_distr_output": {
                "__kind__": "instance",
                "args": [],
                "class": "gluonts.mx.distribution.neg_binomial.NegativeBinomialOutput",
                "kwargs": {}
            },
            "num_cells": 10,
            "num_layers": 1,
            "num_parallel_samples": 100,
            "prediction_length": 8,
            "size_distr_output": {
                "__kind__": "instance",
                "args": [],
                "class": "gluonts.mx.distribution.neg_binomial.NegativeBinomialOutput",
                "kwargs": {}
            }
        }
    },
    "type": [
        "gluonts.mx.model.renewal._predictor.DeepRenewalProcessPredictor"
    ],
    "config": {
        "dataset": "m3_quarterly_dataset",
        "model": "deeprenewal",
        "output_dir": "mnt_data/results",
        "ds_seed": 129,
        "epochs": 100,
        "datadir": "mnt_data/data",
        "cpu_monitor_interval": 0.5,
        "seed": 42,
        "timestamp": "2023_03_18_17_45_51",
        "lag": 5,
        "train_logdir": "mnt_data/results/train_2023_03_18_17_40_41"
    },
    "version": {
        "model": "0.11.8",
        "gluonts": "0.11.8"
    },
    "input_transform": {
        "__kind__": "instance",
        "args": [],
        "class": "gluonts.transform._base.Chain",
        "kwargs": {
            "trans": [
                {
                    "__kind__": "instance",
                    "args": [],
                    "class": "gluonts.transform.feature.AddObservedValuesIndicator",
                    "kwargs": {
                        "dtype": {
                            "__kind__": "type",
                            "class": "numpy.float32"
                        },
                        "imputation_method": {
                            "__kind__": "instance",
                            "args": [],
                            "class": "gluonts.transform.feature.DummyValueImputation",
                            "kwargs": {
                                "dummy_value": 0.0
                            }
                        },
                        "output_field": "observed_values",
                        "target_field": "target"
                    }
                },
                {
                    "__kind__": "instance",
                    "args": [],
                    "class": "gluonts.transform._base.Chain",
                    "kwargs": {
                        "trans": [
                            {
                                "__kind__": "instance",
                                "args": [],
                                "class": "gluonts.transform.split.InstanceSplitter",
                                "kwargs": {
                                    "dummy_value": 0.0,
                                    "forecast_start_field": "forecast_start",
                                    "future_length": 8,
                                    "instance_sampler": {
                                        "__kind__": "instance",
                                        "class": "gluonts.transform.sampler.PredictionSplitSampler",
                                        "kwargs": {
                                            "allow_empty_interval": false,
                                            "axis": -1,
                                            "min_future": 0,
                                            "min_past": 0
                                        }
                                    },
                                    "is_pad_field": "is_pad",
                                    "lead_time": 0,
                                    "output_NTC": true,
                                    "past_length": 5,
                                    "start_field": "start",
                                    "target_field": "target",
                                    "time_series_fields": []
                                }
                            },
                            {
                                "__kind__": "instance",
                                "args": [],
                                "class": "gluonts.transform._base.Chain",
                                "kwargs": {
                                    "trans": [
                                        {
                                            "__kind__": "instance",
                                            "args": [],
                                            "class": "gluonts.transform.feature.CountTrailingZeros",
                                            "kwargs": {
                                                "as_array": true,
                                                "axis": -1,
                                                "new_field": "time_remaining",
                                                "target_field": "past_target"
                                            }
                                        },
                                        {
                                            "__kind__": "instance",
                                            "args": [],
                                            "class": "gluonts.transform.convert.ToIntervalSizeFormat",
                                            "kwargs": {
                                                "discard_first": true,
                                                "drop_empty": false,
                                                "target_field": "past_target"
                                            }
                                        },
                                        {
                                            "__kind__": "instance",
                                            "args": [],
                                            "class": "gluonts.transform.field.RenameFields",