{
    "directory_name": "infer_2023_03_18_07_21_42",
    "config": {
        "dataset": "electricity_weekly_dataset",
        "model": "gpforecaster",
        "output_dir": "mnt_data/results",
        "ds_seed": 42,
        "epochs": 100,
        "datadir": "mnt_data/data",
        "cpu_monitor_interval": 0.5,
        "seed": 42,
        "timestamp": "2023_03_18_07_21_42",
        "lag": 65,
        "external_forecast_horizon": 8,
        "integer_conversion": true,
        "train_logdir": "mnt_data/results/train_2023_03_18_07_20_59"
    },
    "validation_results": {
        "metrics": {
            "aggregated": {
                "MSE": 14075575336915.434,
                "abs_error": 657962862.4576488,
                "abs_target_sum": 814846421.0,
                "abs_target_mean": 636598.76640625,
                "seasonal_error": 31911.718387681158,
                "MASE": 5.1433032294636005,
                "MAPE": 0.6210105557125266,
                "sMAPE": 0.3346748345032245,
                "MSIS": 86.93376782991119,
                "QuantileLoss[0.1]": 173996718.01847982,
                "Coverage[0.1]": 0.059375,
                "QuantileLoss[0.5]": 657962862.4576488,
                "Coverage[0.5]": 0.3765625,
                "QuantileLoss[0.9]": 802572470.7148554,
                "Coverage[0.9]": 0.671875,
                "RMSE": 3751742.9731946504,
                "NRMSE": 5.893418541123043,
                "ND": 0.8074685554244445,
                "wQuantileLoss[0.1]": 0.21353314383457275,
                "wQuantileLoss[0.5]": 0.8074685554244445,
                "wQuantileLoss[0.9]": 0.9849370998401371,
                "mean_absolute_QuantileLoss": 544844017.0636613,
                "mean_wQuantileLoss": 0.6686462663663848,
                "MAE_Coverage": 0.13072916666666667,
                "OWA": NaN
            },
            "contained_nan": false
        },
        "start": 1679120502.5081735,
        "end": 1679120503.9040227,
        "num_samples": 100,
        "model": {
            "params": 488,
            "fsize": 7314
        }
    },
    "prediction_net-network": {
        "__kind__": "instance",
        "args": [],
        "class": "gluonts.mx.model.gp_forecaster._network.GaussianProcessPredictionNetwork",
        "kwargs": {
            "cardinality": 160,
            "context_length": 65,
            "float_type": {
                "__kind__": "type",
                "class": "numpy.float64"
            },
            "jitter_method": "iter",
            "kernel_output": {
                "__kind__": "instance",
                "args": [],
                "class": "gluonts.mx.kernels._rbf_kernel.RBFKernelOutput",
                "kwargs": {}
            },
            "max_iter_jitter": 10,
            "num_parallel_samples": 100,
            "params_scaling": true,
            "prediction_length": 8,
            "sample_noise": true
        }
    },
    "parameters": {
        "batch_size": 32,
        "ctx": {
            "__kind__": "instance",
            "args": [
                "cpu",
                0
            ],
            "class": "mxnet.context.Context"
        },
        "dtype": {
            "__kind__": "type",
            "class": "numpy.float64"
        },
        "forecast_generator": {
            "__kind__": "instance",
            "args": [],
            "class": "gluonts.model.forecast_generator.SampleForecastGenerator",
            "kwargs": {}
        },
        "input_names": [
            "past_target",
            "past_time_feat",
            "future_time_feat",
            "feat_static_cat"
        ],
        "lead_time": 0,
        "prediction_length": 8
    },
    "emissions": {
        "timestamp": {
            "0": "2023-03-18T07:21:43"
        },
        "project_name": {
            "0": "codecarbon"
        },
        "run_id": {
            "0": "5a54bdf7-da44-4080-b912-54d34689aee9"
        },
        "duration": {
            "0": 0.0068449974060058
        },
        "emissions": {
            "0": 1.8811800522189905e-08
        },
        "emissions_rate": {
            "0": 0.0027482553179179
        },
        "cpu_power": {
            "0": 31.434343920009365
        },
        "gpu_power": {
            "0": 1.2730000000000004
        },
        "ram_power": {
            "0": 23.43553590774536
        },
        "cpu_energy": {
            "0": 5.571143346649877e-08
        },
        "gpu_energy": {
            "0": 6.074352396859064e-10
        },
        "ram_energy": {
            "0": 6.178807447270173e-09
        },
        "energy_consumed": {
            "0": 6.249767615345484e-08
        },
        "country_name": {
            "0": "Germany"
        },
        "country_iso_code": {
            "0": "DEU"
        },
        "region": {
            "0": NaN
        },
        "cloud_provider": {
            "0": NaN
        },
        "cloud_region": {
            "0": NaN
        },
        "os": {
            "0": "Linux-5.4.0-137-generic-x86_64-with-debian-bullseye-sid"
        },
        "python_version": {
            "0": "3.7.7"
        },
        "cpu_count": {
            "0": 20
        },
        "cpu_model": {
            "0": "Intel(R) Xeon(R) W-2155 CPU @ 3.30GHz"
        },
        "gpu_count": {
            "0": 1
        },
        "gpu_model": {
            "0": "1 x Quadro RTX 5000"
        },
        "longitude": {
            "0": NaN
        },
        "latitude": {
            "0": NaN
        },
        "ram_total_size": {
            "0": 62.4947624206543
        },
        "tracking_mode": {
            "0": "machine"
        },
        "on_cloud": {
            "0": "N"
        }
    },
    "execution_platform": {
        "System": "Linux",
        "Node Name": "ls8ws022",
        "Release": "5.4.0-137-generic",
        "Version": "#154-Ubuntu SMP Thu Jan 5 17:03:22 UTC 2023",
        "Machine": "x86_64",
        "Processor": "Intel(R) Xeon(R) W-2155 CPU @ 3.30GHz",
        "Physical cores": 10,
        "Total cores": 20,
        "Max Frequency": 4500.0,
        "Min Frequency": 1200.0,
        "Current Frequency": 1201.36975,
        "Total": 67103240192,
        "Available": 64851689472,
        "Used": 1509339136
    },
    "type": [
        "gluonts.mx.model.predictor.RepresentableBlockPredictor"
    ],