{
    "directory_name": "infer_2023_03_18_00_14_45",
    "version": {
        "model": "0.11.8",
        "gluonts": "0.11.8"
    },
    "execution_platform": {
        "System": "Linux",
        "Node Name": "ls8ws022",
        "Release": "5.4.0-137-generic",
        "Version": "#154-Ubuntu SMP Thu Jan 5 17:03:22 UTC 2023",
        "Machine": "x86_64",
        "Processor": "Intel(R) Xeon(R) W-2155 CPU @ 3.30GHz",
        "Physical cores": 10,
        "Total cores": 20,
        "Max Frequency": 4500.0,
        "Min Frequency": 1200.0,
        "Current Frequency": 1201.5908000000004,
        "Total": 67103240192,
        "Available": 64851189760,
        "Used": 1509847040
    },
    "type": [
        "gluonts.mx.model.predictor.RepresentableBlockPredictor"
    ],
    "validation_results": {
        "metrics": {
            "aggregated": {
                "MSE": 3066167182.002991,
                "abs_error": 18789818.186462402,
                "abs_target_sum": 138202261.5078125,
                "abs_target_mean": 81104.61356092282,
                "seasonal_error": 7807.734453096536,
                "MASE": 2.040330890436736,
                "MAPE": 0.2853047133121692,
                "sMAPE": 0.2477354922379966,
                "MSIS": 22.568571835902937,
                "QuantileLoss[0.1]": 11391977.981633376,
                "Coverage[0.1]": 0.09389671361502347,
                "QuantileLoss[0.5]": 18789818.003219604,
                "Coverage[0.5]": 0.4231220657276995,
                "QuantileLoss[0.9]": 11544624.1139534,
                "Coverage[0.9]": 0.6977699530516432,
                "RMSE": 55372.98241925381,
                "NRMSE": 0.6827352968972553,
                "ND": 0.13595883295585742,
                "wQuantileLoss[0.1]": 0.08242975084014377,
                "wQuantileLoss[0.5]": 0.13595883162995437,
                "wQuantileLoss[0.9]": 0.08353426339047852,
                "mean_absolute_QuantileLoss": 13908806.699602127,
                "mean_wQuantileLoss": 0.10064094862019222,
                "MAE_Coverage": 0.09507042253521127,
                "OWA": NaN
            },
            "contained_nan": false
        },
        "start": 1679094885.8997955,
        "end": 1679094887.361609,
        "num_samples": 100,
        "model": {
            "params": 16482,
            "fsize": 71145
        }
    },
    "input_transform": {
        "__kind__": "instance",
        "args": [],
        "class": "gluonts.transform._base.Chain",
        "kwargs": {
            "trans": [
                {
                    "__kind__": "instance",
                    "args": [],
                    "class": "gluonts.transform._base.Chain",
                    "kwargs": {
                        "trans": [
                            {
                                "__kind__": "instance",
                                "args": [],
                                "class": "gluonts.transform.field.RemoveFields",
                                "kwargs": {
                                    "field_names": [
                                        "feat_dynamic_cat",
                                        "feat_static_real",
                                        "past_feat_dynamic_real",
                                        "feat_dynamic_real",
                                        "feat_static_cat"
                                    ]
                                }
                            },
                            {
                                "__kind__": "instance",
                                "args": [],
                                "class": "gluonts.transform.feature.AddObservedValuesIndicator",
                                "kwargs": {
                                    "dtype": {
                                        "__kind__": "type",
                                        "class": "numpy.float32"
                                    },
                                    "imputation_method": {
                                        "__kind__": "instance",
                                        "args": [],
                                        "class": "gluonts.transform.feature.DummyValueImputation",
                                        "kwargs": {
                                            "dummy_value": 0.0
                                        }
                                    },
                                    "output_field": "observed_values",
                                    "target_field": "target"
                                }
                            },
                            {
                                "__kind__": "instance",
                                "args": [],
                                "class": "gluonts.transform.feature.AddTimeFeatures",
                                "kwargs": {
                                    "dtype": {
                                        "__kind__": "type",
                                        "class": "numpy.float32"
                                    },
                                    "output_field": "time_feat",
                                    "pred_length": 8,
                                    "start_field": "start",
                                    "target_field": "target",
                                    "time_features": [
                                        {
                                            "__kind__": "type",
                                            "class": "gluonts.time_feature._base.month_of_year"
                                        }
                                    ]
                                }
                            },
                            {
                                "__kind__": "instance",
                                "args": [],
                                "class": "gluonts.transform.field.RenameFields",
                                "kwargs": {
                                    "mapping": {
                                        "time_feat": "feat_dynamic"
                                    }
                                }
                            },
                            {
                                "__kind__": "instance",
                                "args": [],
                                "class": "gluonts.transform.field.SetField",
                                "kwargs": {
                                    "output_field": "feat_static_cat",
                                    "value": {
                                        "__kind__": "instance",
                                        "args": [
                                            [
                                                0
                                            ],
                                            {
                                                "__kind__": "instance",
                                                "args": [
                                                    "int32"
                                                ],
                                                "class": "numpy.dtype"
                                            }
                                        ],
                                        "class": "numpy.array"
                                    }
                                }
                            }
                        ]
                    }
                },
                {
                    "__kind__": "instance",
                    "args": [],
                    "class": "gluonts.transform._base.Chain",
                    "kwargs": {
                        "trans": [
                            {
                                "__kind__": "instance",
                                "args": [],
                                "class": "gluonts.mx.model.seq2seq._transform.ForkingSequenceSplitter",