{
    "directory_name": "infer_2023_03_18_07_01_30",
    "validation_results": {
        "metrics": {
            "aggregated": {
                "MSE": 10045156158368.8,
                "abs_error": 1055419572.46875,
                "abs_target_sum": 746489838.0,
                "abs_target_mean": 583195.1859375,
                "seasonal_error": 26744.55416666666,
                "MASE": 224.03541670979695,
                "MAPE": 16.19735154081136,
                "sMAPE": 1.322508050990291,
                "MSIS": 8960.665919213157,
                "QuantileLoss[0.1]": 1068248037.8125,
                "Coverage[0.1]": 0.8875,
                "QuantileLoss[0.5]": 1055419577.90625,
                "Coverage[0.5]": 0.8875,
                "QuantileLoss[0.9]": 1042527394.89375,
                "Coverage[0.9]": 0.8875,
                "RMSE": 3169409.433690889,
                "NRMSE": 5.434560349801222,
                "ND": 1.4138431881356033,
                "wQuantileLoss[0.1]": 1.4310282383408681,
                "wQuantileLoss[0.5]": 1.4138431954196944,
                "wQuantileLoss[0.9]": 1.396572788836477,
                "mean_absolute_QuantileLoss": 1055398336.8708334,
                "mean_wQuantileLoss": 1.4138147408656796,
                "MAE_Coverage": 0.3958333333333333,
                "OWA": NaN
            },
            "contained_nan": false
        },
        "start": 1679119291.081524,
        "end": 1679119292.5463896,
        "num_samples": 100,
        "model": {
            "params": 11806,
            "fsize": 51425
        }
    },
    "config": {
        "dataset": "electricity_weekly_dataset",
        "model": "deepfactor",
        "output_dir": "mnt_data/results",
        "ds_seed": 124,
        "epochs": 100,
        "datadir": "mnt_data/data",
        "cpu_monitor_interval": 0.5,
        "seed": 42,
        "timestamp": "2023_03_18_07_01_30",
        "lag": 65,
        "external_forecast_horizon": 8,
        "integer_conversion": true,
        "train_logdir": "mnt_data/results/train_2023_03_18_06_59_28"
    },
    "version": {
        "model": "0.11.8",
        "gluonts": "0.11.8"
    },
    "emissions": {
        "timestamp": {
            "0": "2023-03-18T07:01:32"
        },
        "project_name": {
            "0": "codecarbon"
        },
        "run_id": {
            "0": "3b481206-74bd-4a1c-9cc8-472362766bd2"
        },
        "duration": {
            "0": 0.006800889968872
        },
        "emissions": {
            "0": 2.377104641363384e-08
        },
        "emissions_rate": {
            "0": 0.003495284664571
        },
        "cpu_power": {
            "0": 40.98407797692131
        },
        "gpu_power": {
            "0": 1.518
        },
        "ram_power": {
            "0": 23.43553590774536
        },
        "cpu_energy": {
            "0": 7.234339120115729e-08
        },
        "gpu_energy": {
            "0": 7.245425383249917e-10
        },
        "ram_energy": {
            "0": 5.905642385547102e-09
        },
        "energy_consumed": {
            "0": 7.897357612502938e-08
        },
        "country_name": {
            "0": "Germany"
        },
        "country_iso_code": {
            "0": "DEU"
        },
        "region": {
            "0": NaN
        },
        "cloud_provider": {
            "0": NaN
        },
        "cloud_region": {
            "0": NaN
        },
        "os": {
            "0": "Linux-5.4.0-137-generic-x86_64-with-debian-bullseye-sid"
        },
        "python_version": {
            "0": "3.7.7"
        },
        "cpu_count": {
            "0": 20
        },
        "cpu_model": {
            "0": "Intel(R) Xeon(R) W-2155 CPU @ 3.30GHz"
        },
        "gpu_count": {
            "0": 1
        },
        "gpu_model": {
            "0": "1 x Quadro RTX 5000"
        },
        "longitude": {
            "0": NaN
        },
        "latitude": {
            "0": NaN
        },
        "ram_total_size": {
            "0": 62.4947624206543
        },
        "tracking_mode": {
            "0": "machine"
        },
        "on_cloud": {
            "0": "N"
        }
    },
    "type": [
        "gluonts.mx.model.predictor.RepresentableBlockPredictor"
    ],
    "execution_platform": {
        "System": "Linux",
        "Node Name": "ls8ws022",
        "Release": "5.4.0-137-generic",
        "Version": "#154-Ubuntu SMP Thu Jan 5 17:03:22 UTC 2023",
        "Machine": "x86_64",
        "Processor": "Intel(R) Xeon(R) W-2155 CPU @ 3.30GHz",
        "Physical cores": 10,
        "Total cores": 20,
        "Max Frequency": 4500.0,
        "Min Frequency": 1200.0,
        "Current Frequency": 1200.30445,
        "Total": 67103240192,
        "Available": 64835018752,
        "Used": 1526018048
    },
    "requirements": [
        "# 3.7.7 (default, Mar 23 2020, 22:36:06)",
        "# [GCC 7.3.0]",
        "wrapt==1.11.2",
        "typed-ast==1.4.0",
        "six==1.12.0",
        "setuptools==41.6.0",
        "pytz==2019.3",
        "python-dateutil==2.8.0",
        "pyparsing==2.4.2",
        "pylint==2.4.3",
        "numpy==1.17.3",
        "mccabe==0.6.1",
        "matplotlib==3.1.1",
        "lazy-object-proxy==1.4.3",
        "kiwisolver==1.1.0",
        "isort==4.3.21",
        "cycler==0.10.0",
        "astroid==2.3.2",
        "zipp==3.14.0",
        "xgboost==1.6.2",
        "wheel==0.37.1",
        "werkzeug==2.2.3",
        "urllib3==1.26.14",
        "typing-extensions==4.4.0",
        "tqdm==4.64.1",
        "toolz==0.12.0",
        "threadpoolctl==3.1.0",
        "tenacity==8.2.2",
        "scipy==1.7.3",
        "scikit-learn==1.0.2",
        "rpy2==2.9.4",
        "requests==2.28.2",
        "reportlab==3.6.12",
        "qrcode==7.4.2",
        "pypng==0.20220715.0",
        "pynvml==11.4.1",
        "pymupdf==1.21.1",
        "pydantic==1.10.4",
        "pyarrow==8.0.0",
        "py-rapl==0.1",
        "py-cpuinfo==9.0.0",
        "psutil==5.9.4",
        "plotly==5.13.1",
        "pip==22.3.1",
        "pint==0.18",
        "pillow==9.4.0",
        "pandas==1.3.5",
        "packaging==23.0",
        "orjson==3.8.5",
        "mxnet==1.9.1",
        "markupsafe==2.1.1",
        "joblib==1.2.0",
        "jinja2==3.1.2",
        "itsdangerous==2.1.2",
        "importlib-metadata==6.0.0",
        "idna==3.4",
        "graphviz==0.8.4",
        "gluonts==0.11.8",
        "fuzzywuzzy==0.18.0",
        "flask==2.2.3",
        "dash==2.8.1",
        "dash-table==5.0.0",
        "dash-html-components==2.0.0",
        "dash-core-components==2.0.0",
        "dash-bootstrap-components==1.4.0",
        "codecarbon==2.1.4",
        "click==8.1.3",
        "charset-normalizer==3.0.1",
        "certifi==2022.12.7",
        "arrow==1.2.3"
    ],
    "parameters": {
        "batch_size": 32,
        "ctx": {
            "__kind__": "instance",
            "args": [
                "cpu",
                0
            ],
            "class": "mxnet.context.Context"
        },
        "dtype": {
            "__kind__": "type",
            "class": "numpy.float32"
        },
        "forecast_generator": {
            "__kind__": "instance",
            "args": [],
            "class": "gluonts.model.forecast_generator.SampleForecastGenerator",
            "kwargs": {}
        },
        "input_names": [
            "feat_static_cat",
            "past_time_feat",
            "future_time_feat",
            "past_target"
        ],
        "lead_time": 0,
        "prediction_length": 8
    },
    "prediction_net-network": {
        "__kind__": "instance",
        "args": [],
        "class": "gluonts.mx.model.deep_factor._network.DeepFactorPredictionNetwork",
        "kwargs": {
            "embedder": {
                "__kind__": "instance",
                "args": [],
                "class": "gluonts.mx.block.feature.FeatureEmbedder",