{
    "directory_name": "infer_2023_03_19_19_00_44",
    "validation_results": {
        "metrics": {
            "aggregated": {
                "MSE": Infinity,
                "abs_error": 1.5420085876087152e+21,
                "abs_target_sum": 1.5420085876087152e+21,
                "abs_target_mean": 5.711142917069315e+18,
                "seasonal_error": 7.376176255719962e+16,
                "MASE": 79.92156047243257,
                "MAPE": 2.007283820046319,
                "sMAPE": 1.5956306174949362,
                "MSIS": 2067.5841039160387,
                "QuantileLoss[0.1]": 3.084017368731477e+20,
                "Coverage[0.1]": 0.25925925925925924,
                "QuantileLoss[0.5]": 1.5420086843657384e+21,
                "Coverage[0.5]": 0.30000000000000004,
                "QuantileLoss[0.9]": 2.775615631858329e+21,
                "Coverage[0.9]": 0.3222222222222222,
                "RMSE": Infinity,
                "NRMSE": Infinity,
                "ND": 1.0,
                "wQuantileLoss[0.1]": 0.2000000125494792,
                "wQuantileLoss[0.5]": 1.000000062747396,
                "wQuantileLoss[0.9]": 1.8000001129453125,
                "mean_absolute_QuantileLoss": 1.5420086843657381e+21,
                "mean_wQuantileLoss": 1.000000062747396,
                "MAE_Coverage": 0.31234567901234567,
                "OWA": NaN
            },
            "contained_nan": false
        },
        "start": 1679248844.6960876,
        "end": 1679248846.1208813,
        "num_samples": 100,
        "model": {
            "params": 189942,
            "fsize": 765330
        }
    },
    "input_transform": {
        "__kind__": "instance",
        "args": [],
        "class": "gluonts.transform._base.Chain",
        "kwargs": {
            "trans": [
                {
                    "__kind__": "instance",
                    "args": [],
                    "class": "gluonts.transform._base.Chain",
                    "kwargs": {
                        "trans": [
                            {
                                "__kind__": "instance",
                                "args": [],
                                "class": "gluonts.transform.field.RemoveFields",
                                "kwargs": {
                                    "field_names": [
                                        "feat_dynamic_cat",
                                        "feat_static_real",
                                        "past_feat_dynamic_real",
                                        "feat_dynamic_real",
                                        "feat_static_cat"
                                    ]
                                }
                            },
                            {
                                "__kind__": "instance",
                                "args": [],
                                "class": "gluonts.transform.feature.AddObservedValuesIndicator",
                                "kwargs": {
                                    "dtype": {
                                        "__kind__": "type",
                                        "class": "numpy.float32"
                                    },
                                    "imputation_method": {
                                        "__kind__": "instance",
                                        "args": [],
                                        "class": "gluonts.transform.feature.DummyValueImputation",
                                        "kwargs": {
                                            "dummy_value": 0.0
                                        }
                                    },
                                    "output_field": "observed_values",
                                    "target_field": "target"
                                }
                            },
                            {
                                "__kind__": "instance",
                                "args": [],
                                "class": "gluonts.transform.feature.AddTimeFeatures",
                                "kwargs": {
                                    "dtype": {
                                        "__kind__": "type",
                                        "class": "numpy.float32"
                                    },
                                    "output_field": "time_feat",
                                    "pred_length": 30,
                                    "start_field": "start",
                                    "target_field": "target",
                                    "time_features": [
                                        {
                                            "__kind__": "type",
                                            "class": "gluonts.time_feature._base.day_of_week"
                                        },
                                        {
                                            "__kind__": "type",
                                            "class": "gluonts.time_feature._base.day_of_month"
                                        },
                                        {
                                            "__kind__": "type",
                                            "class": "gluonts.time_feature._base.day_of_year"
                                        }
                                    ]
                                }
                            },
                            {
                                "__kind__": "instance",
                                "args": [],
                                "class": "gluonts.transform.field.RenameFields",
                                "kwargs": {
                                    "mapping": {
                                        "time_feat": "feat_dynamic"
                                    }
                                }
                            },
                            {
                                "__kind__": "instance",
                                "args": [],
                                "class": "gluonts.transform.field.SetField",
                                "kwargs": {
                                    "output_field": "feat_static_cat",
                                    "value": {
                                        "__kind__": "instance",
                                        "args": [
                                            [
                                                0
                                            ],
                                            {
                                                "__kind__": "instance",
                                                "args": [
                                                    "int32"
                                                ],
                                                "class": "numpy.dtype"
                                            }
                                        ],
                                        "class": "numpy.array"
                                    }
                                }
                            }
                        ]
                    }
                },
                {
                    "__kind__": "instance",
                    "args": [],
                    "class": "gluonts.transform._base.Chain",
                    "kwargs": {
                        "trans": [
                            {
                                "__kind__": "instance",
                                "args": [],
                                "class": "gluonts.mx.model.seq2seq._transform.ForkingSequenceSplitter",
                                "kwargs": {
                                    "dec_len": 30,
                                    "decoder_disabled_fields": [],