{
    "directory_name": "infer_2023_03_21_21_51_03",
    "config": {
        "dataset": "hospital_dataset",
        "model": "gpforecaster",
        "output_dir": "mnt_data/results",
        "ds_seed": -1,
        "epochs": 100,
        "datadir": "mnt_data/data",
        "cpu_monitor_interval": 0.5,
        "seed": 42,
        "timestamp": "2023_03_21_21_51_03",
        "lag": 15,
        "external_forecast_horizon": 12,
        "integer_conversion": true,
        "train_logdir": "mnt_data/results/train_2023_03_21_21_47_54"
    },
    "validation_results": {
        "metrics": {
            "aggregated": {
                "MSE": 4353.497040874187,
                "abs_error": 195882.25325147208,
                "abs_target_sum": 2535375.0,
                "abs_target_mean": 275.46447196870923,
                "seasonal_error": 27.851129943502823,
                "MASE": 0.8222315308068755,
                "MAPE": 0.20672148346492467,
                "sMAPE": 0.18246067307624547,
                "MSIS": 5.946010143334181,
                "QuantileLoss[0.1]": 86432.76505479618,
                "Coverage[0.1]": 0.1271186440677966,
                "QuantileLoss[0.5]": 195882.25325147208,
                "Coverage[0.5]": 0.4978270317253369,
                "QuantileLoss[0.9]": 98740.46541195251,
                "Coverage[0.9]": 0.8298565840938722,
                "RMSE": 65.98103546379207,
                "NRMSE": 0.2395264804649183,
                "ND": 0.07725967687283818,
                "wQuantileLoss[0.1]": 0.034090722301354306,
                "wQuantileLoss[0.5]": 0.07725967687283818,
                "wQuantileLoss[0.9]": 0.038945112818400636,
                "mean_absolute_QuantileLoss": 127018.49457274027,
                "mean_wQuantileLoss": 0.05009850399753104,
                "MAE_Coverage": 0.03314500941619585,
                "OWA": NaN
            },
            "contained_nan": false
        },
        "start": 1679431864.0008116,
        "end": 1679431865.5014324,
        "num_samples": 100,
        "model": {
            "params": 2309,
            "fsize": 21813
        }
    },
    "input_transform": {
        "__kind__": "instance",
        "args": [],
        "class": "gluonts.transform._base.Chain",
        "kwargs": {
            "trans": [
                {
                    "__kind__": "instance",
                    "args": [],
                    "class": "gluonts.transform._base.Chain",
                    "kwargs": {
                        "trans": [
                            {
                                "__kind__": "instance",
                                "args": [],
                                "class": "gluonts.transform._base.Chain",
                                "kwargs": {
                                    "trans": [
                                        {
                                            "__kind__": "instance",
                                            "args": [],
                                            "class": "gluonts.transform._base.Chain",
                                            "kwargs": {
                                                "trans": [
                                                    {
                                                        "__kind__": "instance",
                                                        "args": [],
                                                        "class": "gluonts.transform.convert.AsNumpyArray",
                                                        "kwargs": {
                                                            "dtype": {
                                                                "__kind__": "type",
                                                                "class": "numpy.float32"
                                                            },
                                                            "expected_ndim": 1,
                                                            "field": "target"
                                                        }
                                                    },
                                                    {
                                                        "__kind__": "instance",
                                                        "args": [],
                                                        "class": "gluonts.transform.feature.AddTimeFeatures",
                                                        "kwargs": {
                                                            "dtype": {
                                                                "__kind__": "type",
                                                                "class": "numpy.float32"
                                                            },
                                                            "output_field": "time_feat",
                                                            "pred_length": 12,
                                                            "start_field": "start",
                                                            "target_field": "target",
                                                            "time_features": [
                                                                {
                                                                    "__kind__": "type",
                                                                    "class": "gluonts.time_feature._base.month_of_year"
                                                                }
                                                            ]
                                                        }
                                                    }
                                                ]
                                            }
                                        },
                                        {
                                            "__kind__": "instance",
                                            "args": [],
                                            "class": "gluonts.transform.field.SetFieldIfNotPresent",
                                            "kwargs": {
                                                "field": "feat_static_cat",
                                                "value": [
                                                    0.0
                                                ]
                                            }
                                        }
                                    ]
                                }
                            },
                            {
                                "__kind__": "instance",
                                "args": [],
                                "class": "gluonts.transform.convert.AsNumpyArray",
                                "kwargs": {
                                    "dtype": {
                                        "__kind__": "type",
                                        "class": "numpy.float32"
                                    },
                                    "expected_ndim": 1,
                                    "field": "feat_static_cat"
                                }
                            }
                        ]
                    }
                },
                {
                    "__kind__": "instance",
                    "args": [],
                    "class": "gluonts.transform.split.CanonicalInstanceSplitter",
                    "kwargs": {
                        "allow_target_padding": false,
                        "forecast_start_field": "forecast_start",
                        "instance_length": 15,
                        "instance_sampler": {
                            "__kind__": "instance",
                            "class": "gluonts.transform.sampler.PredictionSplitSampler",