{
    "directory_name": "infer_2023_03_20_12_14_59",
    "execution_platform": {
        "System": "Linux",
        "Node Name": "ls8ws022",
        "Release": "5.4.0-137-generic",
        "Version": "#154-Ubuntu SMP Thu Jan 5 17:03:22 UTC 2023",
        "Machine": "x86_64",
        "Processor": "Intel(R) Xeon(R) W-2155 CPU @ 3.30GHz",
        "Physical cores": 10,
        "Total cores": 20,
        "Max Frequency": 4500.0,
        "Min Frequency": 1200.0,
        "Current Frequency": 1202.7159,
        "Total": 67103240192,
        "Available": 64832229376,
        "Used": 1529278464
    },
    "version": {
        "model": "0.11.8",
        "gluonts": "0.11.8"
    },
    "config": {
        "dataset": "cif_2016_dataset",
        "model": "mqcnn",
        "output_dir": "mnt_data/results",
        "ds_seed": 42,
        "epochs": 100,
        "datadir": "mnt_data/data",
        "cpu_monitor_interval": 0.5,
        "seed": 42,
        "timestamp": "2023_03_20_12_14_59",
        "lag": 15,
        "external_forecast_horizon": 6,
        "train_logdir": "mnt_data/results/train_2023_03_20_12_14_43"
    },
    "type": [
        "gluonts.mx.model.predictor.RepresentableBlockPredictor"
    ],
    "validation_results": {
        "metrics": {
            "aggregated": {
                "MSE": 291590076931867.25,
                "abs_error": 581282621.1851587,
                "abs_target_sum": 9845278354.646019,
                "abs_target_mean": 45579992.382620454,
                "seasonal_error": 377222.37725882477,
                "MASE": 6.733978750291159,
                "MAPE": 0.26156778412836573,
                "sMAPE": 0.22891225458847153,
                "MSIS": 145.91925777658463,
                "QuantileLoss[0.1]": 693144784.3593565,
                "Coverage[0.1]": 0.10648148148148148,
                "QuantileLoss[0.5]": 581282623.1872792,
                "Coverage[0.5]": 0.20833333333333331,
                "QuantileLoss[0.9]": 1020007681.1539669,
                "Coverage[0.9]": 0.21296296296296294,
                "RMSE": 17076008.811542213,
                "NRMSE": 0.3746382550527423,
                "ND": 0.0590417660371024,
                "wQuantileLoss[0.1]": 0.07040377726164129,
                "wQuantileLoss[0.5]": 0.05904176624046085,
                "wQuantileLoss[0.9]": 0.1036037422621598,
                "mean_absolute_QuantileLoss": 764811696.2335342,
                "mean_wQuantileLoss": 0.07768309525475398,
                "MAE_Coverage": 0.3283950617283951,
                "OWA": NaN
            },
            "contained_nan": false
        },
        "start": 1679310899.258544,
        "end": 1679310900.7051232,
        "num_samples": 100,
        "model": {
            "params": 13722,
            "fsize": 60109
        }
    },
    "requirements": [
        "# 3.7.7 (default, Mar 23 2020, 22:36:06)",
        "# [GCC 7.3.0]",
        "wrapt==1.11.2",
        "typed-ast==1.4.0",
        "six==1.12.0",
        "setuptools==41.6.0",
        "pytz==2019.3",
        "python-dateutil==2.8.0",
        "pyparsing==2.4.2",
        "pylint==2.4.3",
        "numpy==1.17.3",
        "mccabe==0.6.1",
        "matplotlib==3.1.1",
        "lazy-object-proxy==1.4.3",
        "kiwisolver==1.1.0",
        "isort==4.3.21",
        "cycler==0.10.0",
        "astroid==2.3.2",
        "zipp==3.14.0",
        "xgboost==1.6.2",
        "wheel==0.37.1",
        "werkzeug==2.2.3",
        "urllib3==1.26.14",
        "typing-extensions==4.4.0",
        "tqdm==4.64.1",
        "toolz==0.12.0",
        "threadpoolctl==3.1.0",
        "tenacity==8.2.2",
        "scipy==1.7.3",
        "scikit-learn==1.0.2",
        "rpy2==2.9.4",
        "requests==2.28.2",
        "reportlab==3.6.12",
        "qrcode==7.4.2",
        "pypng==0.20220715.0",
        "pynvml==11.4.1",
        "pymupdf==1.21.1",
        "pydantic==1.10.4",
        "pyarrow==8.0.0",
        "py-rapl==0.1",
        "py-cpuinfo==9.0.0",
        "psutil==5.9.4",
        "plotly==5.13.1",
        "pip==22.3.1",
        "pint==0.18",
        "pillow==9.4.0",
        "pandas==1.3.5",
        "packaging==23.0",
        "orjson==3.8.5",
        "mxnet==1.9.1",
        "markupsafe==2.1.1",
        "joblib==1.2.0",
        "jinja2==3.1.2",
        "itsdangerous==2.1.2",
        "importlib-metadata==6.0.0",
        "idna==3.4",
        "graphviz==0.8.4",
        "gluonts==0.11.8",
        "fuzzywuzzy==0.18.0",
        "flask==2.2.3",
        "dash==2.8.1",
        "dash-table==5.0.0",
        "dash-html-components==2.0.0",
        "dash-core-components==2.0.0",
        "dash-bootstrap-components==1.4.0",
        "codecarbon==2.1.4",
        "click==8.1.3",
        "charset-normalizer==3.0.1",
        "certifi==2022.12.7",
        "arrow==1.2.3"
    ],
    "emissions": {
        "timestamp": {
            "0": "2023-03-20T12:15:00"
        },
        "project_name": {
            "0": "codecarbon"
        },
        "run_id": {
            "0": "4d8add81-9925-46ef-81e8-5da67ac817ad"
        },
        "duration": {
            "0": 0.0068686008453369
        },
        "emissions": {
            "0": 2.0194415072894317e-08
        },
        "emissions_rate": {
            "0": 0.0029401060751119
        },
        "cpu_power": {
            "0": 33.69344237011039
        },
        "gpu_power": {
            "0": 1.537
        },
        "ram_power": {
            "0": 23.43553590774536
        },
        "cpu_energy": {
            "0": 6.000088134672232e-08
        },
        "gpu_energy": {
            "0": 7.577358351813422e-10
        },
        "ram_energy": {
            "0": 6.3324627944894025e-09
        },
        "energy_consumed": {
            "0": 6.709107997639307e-08
        },
        "country_name": {
            "0": "Germany"
        },
        "country_iso_code": {
            "0": "DEU"
        },
        "region": {
            "0": NaN
        },
        "cloud_provider": {
            "0": NaN
        },
        "cloud_region": {
            "0": NaN
        },
        "os": {
            "0": "Linux-5.4.0-137-generic-x86_64-with-debian-bullseye-sid"
        },
        "python_version": {
            "0": "3.7.7"
        },
        "cpu_count": {
            "0": 20
        },
        "cpu_model": {
            "0": "Intel(R) Xeon(R) W-2155 CPU @ 3.30GHz"
        },
        "gpu_count": {
            "0": 1
        },
        "gpu_model": {
            "0": "1 x Quadro RTX 5000"
        },
        "longitude": {
            "0": NaN
        },
        "latitude": {
            "0": NaN
        },
        "ram_total_size": {
            "0": 62.4947624206543
        },
        "tracking_mode": {
            "0": "machine"
        },
        "on_cloud": {
            "0": "N"
        }
    },
    "parameters": {
        "batch_size": 32,
        "ctx": {
            "__kind__": "instance",
            "args": [
                "cpu",
                0
            ],
            "class": "mxnet.context.Context"
        },
        "dtype": {
            "__kind__": "type",
            "class": "numpy.float32"
        },
        "forecast_generator": {
            "__kind__": "instance",
            "args": [],
            "class": "gluonts.model.forecast_generator.QuantileForecastGenerator",
            "kwargs": {
                "quantiles": [
                    "0.025",
                    "0.1",
                    "0.2",
                    "0.3",
                    "0.4",
                    "0.5",
                    "0.6",
                    "0.7",
                    "0.8",
                    "0.9",
                    "0.975"
                ]
            }
        },
        "input_names": [
            "past_target",
            "past_feat_dynamic",
            "future_feat_dynamic",
            "feat_static_cat",
            "past_observed_values"
        ],
        "lead_time": 0,
        "prediction_length": 6
    },