{
    "directory_name": "infer_2023_03_18_08_12_06",
    "type": [
        "gluonts.mx.model.predictor.RepresentableBlockPredictor"
    ],
    "version": {
        "model": "0.11.8",
        "gluonts": "0.11.8"
    },
    "validation_results": {
        "metrics": {
            "aggregated": {
                "MSE": 1298864877987.613,
                "abs_error": 175315191.62182617,
                "abs_target_sum": 809706326.0,
                "abs_target_mean": 632583.0671875,
                "seasonal_error": 29975.208967391307,
                "MASE": 6.697599277179708,
                "MAPE": 0.42823699388489034,
                "sMAPE": 0.10338178109377623,
                "MSIS": 267.9039893115091,
                "QuantileLoss[0.1]": 151782870.61466062,
                "Coverage[0.1]": 0.44609375,
                "QuantileLoss[0.5]": 175315194.1856079,
                "Coverage[0.5]": 0.44609375,
                "QuantileLoss[0.9]": 198847517.75655523,
                "Coverage[0.9]": 0.44609375,
                "RMSE": 1139677.5324571477,
                "NRMSE": 1.8016251012285522,
                "ND": 0.2165170086886862,
                "wQuantileLoss[0.1]": 0.18745422351394672,
                "wQuantileLoss[0.5]": 0.2165170118549968,
                "wQuantileLoss[0.9]": 0.24557980019604692,
                "mean_absolute_QuantileLoss": 175315194.1856079,
                "mean_wQuantileLoss": 0.21651701185499683,
                "MAE_Coverage": 0.28463541666666664,
                "OWA": NaN
            },
            "contained_nan": false
        },
        "start": 1679123526.7468784,
        "end": 1679123531.060603,
        "num_samples": 100,
        "model": {
            "params": 25691469,
            "fsize": 102802481
        }
    },
    "emissions": {
        "timestamp": {
            "0": "2023-03-18T08:12:08"
        },
        "project_name": {
            "0": "codecarbon"
        },
        "run_id": {
            "0": "35ada973-c535-4a69-9049-8e83f061f0fd"
        },
        "duration": {
            "0": 0.0069012641906738
        },
        "emissions": {
            "0": 1.816101376717413e-08
        },
        "emissions_rate": {
            "0": 0.0026315488387933
        },
        "cpu_power": {
            "0": 29.80999693593801
        },
        "gpu_power": {
            "0": 1.107
        },
        "ram_power": {
            "0": 23.43553590774536
        },
        "cpu_energy": {
            "0": 5.3253098153405176e-08
        },
        "gpu_energy": {
            "0": 5.544716119766234e-10
        },
        "ram_energy": {
            "0": 6.528024145495691e-09
        },
        "energy_consumed": {
            "0": 6.03355939108775e-08
        },
        "country_name": {
            "0": "Germany"
        },
        "country_iso_code": {
            "0": "DEU"
        },
        "region": {
            "0": NaN
        },
        "cloud_provider": {
            "0": NaN
        },
        "cloud_region": {
            "0": NaN
        },
        "os": {
            "0": "Linux-5.4.0-137-generic-x86_64-with-debian-bullseye-sid"
        },
        "python_version": {
            "0": "3.7.7"
        },
        "cpu_count": {
            "0": 20
        },
        "cpu_model": {
            "0": "Intel(R) Xeon(R) W-2155 CPU @ 3.30GHz"
        },
        "gpu_count": {
            "0": 1
        },
        "gpu_model": {
            "0": "1 x Quadro RTX 5000"
        },
        "longitude": {
            "0": NaN
        },
        "latitude": {
            "0": NaN
        },
        "ram_total_size": {
            "0": 62.4947624206543
        },
        "tracking_mode": {
            "0": "machine"
        },
        "on_cloud": {
            "0": "N"
        }
    },
    "requirements": [
        "# 3.7.7 (default, Mar 23 2020, 22:36:06)",
        "# [GCC 7.3.0]",
        "wrapt==1.11.2",
        "typed-ast==1.4.0",
        "six==1.12.0",
        "setuptools==41.6.0",
        "pytz==2019.3",
        "python-dateutil==2.8.0",
        "pyparsing==2.4.2",
        "pylint==2.4.3",
        "numpy==1.17.3",
        "mccabe==0.6.1",
        "matplotlib==3.1.1",
        "lazy-object-proxy==1.4.3",
        "kiwisolver==1.1.0",
        "isort==4.3.21",
        "cycler==0.10.0",
        "astroid==2.3.2",
        "zipp==3.14.0",
        "xgboost==1.6.2",
        "wheel==0.37.1",
        "werkzeug==2.2.3",
        "urllib3==1.26.14",
        "typing-extensions==4.4.0",
        "tqdm==4.64.1",
        "toolz==0.12.0",
        "threadpoolctl==3.1.0",
        "tenacity==8.2.2",
        "scipy==1.7.3",
        "scikit-learn==1.0.2",
        "rpy2==2.9.4",
        "requests==2.28.2",
        "reportlab==3.6.12",
        "qrcode==7.4.2",
        "pypng==0.20220715.0",
        "pynvml==11.4.1",
        "pymupdf==1.21.1",
        "pydantic==1.10.4",
        "pyarrow==8.0.0",
        "py-rapl==0.1",
        "py-cpuinfo==9.0.0",
        "psutil==5.9.4",
        "plotly==5.13.1",
        "pip==22.3.1",
        "pint==0.18",
        "pillow==9.4.0",
        "pandas==1.3.5",
        "packaging==23.0",
        "orjson==3.8.5",
        "mxnet==1.9.1",
        "markupsafe==2.1.1",
        "joblib==1.2.0",
        "jinja2==3.1.2",
        "itsdangerous==2.1.2",
        "importlib-metadata==6.0.0",
        "idna==3.4",
        "graphviz==0.8.4",
        "gluonts==0.11.8",
        "fuzzywuzzy==0.18.0",
        "flask==2.2.3",
        "dash==2.8.1",
        "dash-table==5.0.0",
        "dash-html-components==2.0.0",
        "dash-core-components==2.0.0",
        "dash-bootstrap-components==1.4.0",
        "codecarbon==2.1.4",
        "click==8.1.3",
        "charset-normalizer==3.0.1",
        "certifi==2022.12.7",
        "arrow==1.2.3"
    ],
    "parameters": {
        "batch_size": 32,
        "ctx": {
            "__kind__": "instance",
            "args": [
                "cpu",
                0
            ],
            "class": "mxnet.context.Context"
        },
        "dtype": {
            "__kind__": "type",
            "class": "numpy.float32"
        },
        "forecast_generator": {
            "__kind__": "instance",
            "args": [],
            "class": "gluonts.model.forecast_generator.SampleForecastGenerator",
            "kwargs": {}
        },
        "input_names": [
            "past_target",
            "past_observed_values",
            "future_target",
            "future_observed_values"
        ],
        "lead_time": 0,
        "prediction_length": 8
    },
    "config": {
        "dataset": "electricity_weekly_dataset",
        "model": "nbeats",
        "output_dir": "mnt_data/results",
        "ds_seed": 129,
        "epochs": 100,
        "datadir": "mnt_data/data",
        "cpu_monitor_interval": 0.5,
        "seed": 42,
        "timestamp": "2023_03_18_08_12_06",
        "lag": 65,
        "external_forecast_horizon": 8,
        "integer_conversion": true,
        "train_logdir": "mnt_data/results/train_2023_03_18_08_06_33"
    },
    "prediction_net-network": {
        "__kind__": "instance",
        "args": [],
        "class": "gluonts.mx.model.n_beats._network.NBEATSPredictionNetwork",
        "kwargs": {
            "context_length": 65,
            "expansion_coefficient_lengths": [
                32,
                32,
                32,
                32,
                32,
                32,
                32,
                32,
                32,
                32,
                32,
                32,
                32,
                32,
                32,
                32,
                32,
                32,
                32,
                32,
                32,
                32,
                32,
                32,
                32,
                32,
                32,
                32,
                32,
                32
            ],