{
    "directory_name": "infer_2023_03_17_23_45_49",
    "validation_results": {
        "metrics": {
            "aggregated": {
                "MSE": 224232316.58944753,
                "abs_error": 6206504.804855347,
                "abs_target_sum": 51141798.359375,
                "abs_target_mean": 30012.79246442195,
                "seasonal_error": 2643.9079173624477,
                "MASE": 1.7132582334712716,
                "MAPE": 0.22369061640915375,
                "sMAPE": 0.20209822128636176,
                "MSIS": 14.66503332393743,
                "QuantileLoss[0.1]": 2825598.140911674,
                "Coverage[0.1]": 0.09565727699530517,
                "QuantileLoss[0.5]": 6206504.711107254,
                "Coverage[0.5]": 0.4876760563380282,
                "QuantileLoss[0.9]": 3414029.032463073,
                "Coverage[0.9]": 0.8661971830985915,
                "RMSE": 14974.388688338751,
                "NRMSE": 0.4989335366274176,
                "ND": 0.12135875162703598,
                "wQuantileLoss[0.1]": 0.05525026947734823,
                "wQuantileLoss[0.5]": 0.12135874979393477,
                "wQuantileLoss[0.9]": 0.06675613963499259,
                "mean_absolute_QuantileLoss": 4148710.6281606667,
                "mean_wQuantileLoss": 0.0811217196354252,
                "MAE_Coverage": 0.01682316118935839,
                "OWA": NaN
            },
            "contained_nan": false
        },
        "start": 1679093149.740652,
        "end": 1679093151.2046618,
        "num_samples": 100,
        "model": {
            "params": 22684,
            "fsize": 96218
        }
    },
    "config": {
        "dataset": "tourism_quarterly_dataset",
        "model": "deepar",
        "output_dir": "mnt_data/results",
        "ds_seed": 124,
        "epochs": 100,
        "datadir": "mnt_data/data",
        "cpu_monitor_interval": 0.5,
        "seed": 42,
        "timestamp": "2023_03_17_23_45_49",
        "lag": 5,
        "train_logdir": "mnt_data/results/train_2023_03_17_23_43_58"
    },
    "emissions": {
        "timestamp": {
            "0": "2023-03-17T23:45:51"
        },
        "project_name": {
            "0": "codecarbon"
        },
        "run_id": {
            "0": "b857b36f-a413-4be6-8ca5-8eb199d00510"
        },
        "duration": {
            "0": 0.0068573951721191
        },
        "emissions": {
            "0": 1.7529789644108766e-08
        },
        "emissions_rate": {
            "0": 0.0025563335937502
        },
        "cpu_power": {
            "0": 29.01071675230196
        },
        "gpu_power": {
            "0": 1.137
        },
        "ram_power": {
            "0": 23.43553590774536
        },
        "cpu_energy": {
            "0": 5.172726360441749e-08
        },
        "gpu_energy": {
            "0": 5.512752135594684e-10
        },
        "ram_energy": {
            "0": 5.959964983048849e-09
        },
        "energy_consumed": {
            "0": 5.8238503801025803e-08
        },
        "country_name": {
            "0": "Germany"
        },
        "country_iso_code": {
            "0": "DEU"
        },
        "region": {
            "0": NaN
        },
        "cloud_provider": {
            "0": NaN
        },
        "cloud_region": {
            "0": NaN
        },
        "os": {
            "0": "Linux-5.4.0-137-generic-x86_64-with-debian-bullseye-sid"
        },
        "python_version": {
            "0": "3.7.7"
        },
        "cpu_count": {
            "0": 20
        },
        "cpu_model": {
            "0": "Intel(R) Xeon(R) W-2155 CPU @ 3.30GHz"
        },
        "gpu_count": {
            "0": 1
        },
        "gpu_model": {
            "0": "1 x Quadro RTX 5000"
        },
        "longitude": {
            "0": NaN
        },
        "latitude": {
            "0": NaN
        },
        "ram_total_size": {
            "0": 62.4947624206543
        },
        "tracking_mode": {
            "0": "machine"
        },
        "on_cloud": {
            "0": "N"
        }
    },
    "prediction_net-network": {
        "__kind__": "instance",
        "args": [],
        "class": "gluonts.mx.model.deepar._network.DeepARPredictionNetwork",
        "kwargs": {
            "cardinality": [
                1
            ],
            "cell_type": "lstm",
            "context_length": 5,
            "default_scale": null,
            "distr_output": {
                "__kind__": "instance",
                "args": [],
                "class": "gluonts.mx.distribution.student_t.StudentTOutput",
                "kwargs": {}
            },
            "dropout_rate": 0.1,
            "dropoutcell_type": "ZoneoutCell",
            "dtype": {
                "__kind__": "type",
                "class": "numpy.float32"
            },
            "embedding_dimension": [
                1
            ],
            "history_length": 18,
            "impute_missing_values": false,
            "lags_seq": [
                1,
                2,
                3,
                4,
                5,
                6,
                7,
                8,
                9,
                11,
                12,
                13
            ],
            "minimum_scale": 1e-10,
            "num_cells": 40,
            "num_imputation_samples": 1,
            "num_layers": 2,
            "num_parallel_samples": 100,
            "prediction_length": 8,
            "scaling": true
        }
    },
    "input_transform": {
        "__kind__": "instance",
        "args": [],
        "class": "gluonts.transform._base.Chain",
        "kwargs": {
            "trans": [
                {
                    "__kind__": "instance",
                    "args": [],
                    "class": "gluonts.transform._base.Chain",
                    "kwargs": {
                        "trans": [
                            {
                                "__kind__": "instance",
                                "args": [],
                                "class": "gluonts.transform.field.RemoveFields",
                                "kwargs": {
                                    "field_names": [
                                        "feat_dynamic_cat",
                                        "feat_static_real",
                                        "feat_dynamic_real"
                                    ]
                                }
                            },
                            {
                                "__kind__": "instance",
                                "args": [],
                                "class": "gluonts.transform.field.SetField",
                                "kwargs": {
                                    "output_field": "feat_static_cat",
                                    "value": [
                                        0.0
                                    ]
                                }
                            },
                            {
                                "__kind__": "instance",
                                "args": [],
                                "class": "gluonts.transform.field.SetField",
                                "kwargs": {
                                    "output_field": "feat_static_real",
                                    "value": [
                                        0.0
                                    ]
                                }
                            },
                            {
                                "__kind__": "instance",
                                "args": [],
                                "class": "gluonts.transform.convert.AsNumpyArray",
                                "kwargs": {
                                    "dtype": {
                                        "__kind__": "type",
                                        "class": "numpy.float32"
                                    },