{
    "directory_name": "infer_2023_03_18_13_51_52",
    "validation_results": {
        "metrics": {
            "aggregated": {
                "MSE": 667729.5881278865,
                "abs_error": 1242716.5415039062,
                "abs_target_sum": 1227316.0,
                "abs_target_mean": 267.0400348128808,
                "seasonal_error": 29.92036553524804,
                "MASE": 13.095322681475604,
                "MAPE": 3.7621729342936434,
                "sMAPE": 1.1366606794226368,
                "MSIS": 458.3056826019121,
                "QuantileLoss[0.1]": 670059.0341079712,
                "Coverage[0.1]": 0.7093124456048737,
                "QuantileLoss[0.5]": 1242716.533882141,
                "Coverage[0.5]": 0.7169277632724109,
                "QuantileLoss[0.9]": 1747439.3805877685,
                "Coverage[0.9]": 0.7262837249782419,
                "RMSE": 817.1472254911513,
                "NRMSE": 3.060017671371783,
                "ND": 1.0125481469351871,
                "wQuantileLoss[0.1]": 0.545954777830625,
                "wQuantileLoss[0.5]": 1.0125481407250791,
                "wQuantileLoss[0.9]": 1.423789293537906,
                "mean_absolute_QuantileLoss": 1220071.6495259602,
                "mean_wQuantileLoss": 0.9940974040312035,
                "MAE_Coverage": 0.3333188279663476,
                "OWA": NaN
            },
            "contained_nan": false
        },
        "start": 1679143912.8918571,
        "end": 1679143914.2935202,
        "num_samples": 100,
        "model": {
            "params": 11586,
            "fsize": 50476
        }
    },
    "input_transform": {
        "__kind__": "instance",
        "args": [],
        "class": "gluonts.transform._base.Chain",
        "kwargs": {
            "trans": [
                {
                    "__kind__": "instance",
                    "args": [],
                    "class": "gluonts.transform._base.Chain",
                    "kwargs": {
                        "trans": [
                            {
                                "__kind__": "instance",
                                "args": [],
                                "class": "gluonts.transform.convert.AsNumpyArray",
                                "kwargs": {
                                    "dtype": {
                                        "__kind__": "type",
                                        "class": "numpy.float32"
                                    },
                                    "expected_ndim": 1,
                                    "field": "target"
                                }
                            },
                            {
                                "__kind__": "instance",
                                "args": [],
                                "class": "gluonts.transform.feature.AddTimeFeatures",
                                "kwargs": {
                                    "dtype": {
                                        "__kind__": "type",
                                        "class": "numpy.float32"
                                    },
                                    "output_field": "time_feat",
                                    "pred_length": 12,
                                    "start_field": "start",
                                    "target_field": "target",
                                    "time_features": [
                                        {
                                            "__kind__": "type",
                                            "class": "gluonts.time_feature._base.month_of_year"
                                        }
                                    ]
                                }
                            },
                            {
                                "__kind__": "instance",
                                "args": [],
                                "class": "gluonts.transform.field.SetFieldIfNotPresent",
                                "kwargs": {
                                    "field": "feat_static_cat",
                                    "value": [
                                        0.0
                                    ]
                                }
                            },
                            {
                                "__kind__": "instance",
                                "args": [],
                                "class": "gluonts.transform.convert.AsNumpyArray",
                                "kwargs": {
                                    "dtype": {
                                        "__kind__": "type",
                                        "class": "numpy.float32"
                                    },
                                    "expected_ndim": 1,
                                    "field": "feat_static_cat"
                                }
                            }
                        ]
                    }
                },
                {
                    "__kind__": "instance",
                    "args": [],
                    "class": "gluonts.transform.split.InstanceSplitter",
                    "kwargs": {
                        "dummy_value": 0.0,
                        "forecast_start_field": "forecast_start",
                        "future_length": 12,
                        "instance_sampler": {
                            "__kind__": "instance",
                            "class": "gluonts.transform.sampler.PredictionSplitSampler",
                            "kwargs": {
                                "allow_empty_interval": false,
                                "axis": -1,
                                "min_future": 0,
                                "min_past": 0
                            }
                        },
                        "is_pad_field": "is_pad",
                        "lead_time": 0,
                        "output_NTC": true,
                        "past_length": 15,
                        "start_field": "start",
                        "target_field": "target",
                        "time_series_fields": [
                            "time_feat"
                        ]
                    }
                }
            ]
        }
    },
    "emissions": {
        "timestamp": {
            "0": "2023-03-18T13:51:54"
        },
        "project_name": {
            "0": "codecarbon"
        },
        "run_id": {
            "0": "322417c6-366a-4b1c-b62c-d6c132baf521"
        },
        "duration": {
            "0": 0.0067615509033203
        },
        "emissions": {
            "0": 2.1204206204225985e-08
        },
        "emissions_rate": {
            "0": 0.003135997422398
        },
        "cpu_power": {
            "0": 36.440814734298016
        },
        "gpu_power": {
            "0": 1.054
        },
        "ram_power": {
            "0": 23.43553590774536
        },
        "cpu_energy": {
            "0": 6.418866246860055e-08
        },
        "gpu_energy": {
            "0": 5.005620585547554e-10
        },
        "ram_energy": {
            "0": 5.756643260970881e-09
        },
        "energy_consumed": {
            "0": 7.04458677881262e-08
        },
        "country_name": {
            "0": "Germany"
        },
        "country_iso_code": {
            "0": "DEU"
        },
        "region": {
            "0": NaN
        },
        "cloud_provider": {
            "0": NaN
        },
        "cloud_region": {
            "0": NaN
        },
        "os": {
            "0": "Linux-5.4.0-137-generic-x86_64-with-debian-bullseye-sid"
        },
        "python_version": {
            "0": "3.7.7"
        },
        "cpu_count": {
            "0": 20
        },
        "cpu_model": {
            "0": "Intel(R) Xeon(R) W-2155 CPU @ 3.30GHz"
        },
        "gpu_count": {
            "0": 1
        },