{
    "directory_name": "infer_2023_03_09_13_48_36",
    "execution_platform": {
        "System": "Linux",
        "Node Name": "ls8ws022",
        "Release": "5.4.0-137-generic",
        "Version": "#154-Ubuntu SMP Thu Jan 5 17:03:22 UTC 2023",
        "Machine": "x86_64",
        "Processor": "Intel(R) Xeon(R) W-2155 CPU @ 3.30GHz",
        "Physical cores": 10,
        "Total cores": 20,
        "Max Frequency": 4500.0,
        "Min Frequency": 1200.0,
        "Current Frequency": 1213.8985500000001,
        "Total": 67103240192,
        "Available": 64874156032,
        "Used": 1486876672
    },
    "validation_results": {
        "metrics": {
            "aggregated": {
                "MSE": 88.2887610802413,
                "abs_error": 42347.002774998575,
                "abs_target_sum": 120931.51168823242,
                "abs_target_mean": 19.454876397720792,
                "seasonal_error": 6.58155905720786,
                "MASE": 1.0682151439398033,
                "MAPE": 0.748270544635105,
                "sMAPE": 0.39774393493700355,
                "MSIS": 7.702911022745239,
                "QuantileLoss[0.1]": 20363.99479944265,
                "Coverage[0.1]": 0.035231660231660224,
                "QuantileLoss[0.5]": 42347.002774998575,
                "Coverage[0.5]": 0.32014157014157013,
                "QuantileLoss[0.9]": 21293.107071749415,
                "Coverage[0.9]": 0.81016731016731,
                "RMSE": 9.396209931682098,
                "NRMSE": 0.4829745375705855,
                "ND": 0.3501734343995575,
                "wQuantileLoss[0.1]": 0.1683927912184052,
                "wQuantileLoss[0.5]": 0.3501734343995575,
                "wQuantileLoss[0.9]": 0.176075753742698,
                "mean_absolute_QuantileLoss": 28001.36821539688,
                "mean_wQuantileLoss": 0.23154732645355358,
                "MAE_Coverage": 0.11148648648648656,
                "OWA": NaN
            }
        },
        "start": 1678366116.6355445,
        "end": 1678366118.1386218,
        "num_samples": 100,
        "model": {
            "params": 341,
            "fsize": 6212
        }
    },
    "version": {
        "model": "0.11.8",
        "gluonts": "0.11.8"
    },
    "input_transform": {
        "__kind__": "instance",
        "args": [],
        "class": "gluonts.transform._base.Chain",
        "kwargs": {
            "trans": [
                {
                    "__kind__": "instance",
                    "args": [],
                    "class": "gluonts.transform._base.Chain",
                    "kwargs": {
                        "trans": [
                            {
                                "__kind__": "instance",
                                "args": [],
                                "class": "gluonts.transform._base.Chain",
                                "kwargs": {
                                    "trans": [
                                        {
                                            "__kind__": "instance",
                                            "args": [],
                                            "class": "gluonts.transform._base.Chain",
                                            "kwargs": {
                                                "trans": [
                                                    {
                                                        "__kind__": "instance",
                                                        "args": [],
                                                        "class": "gluonts.transform.convert.AsNumpyArray",
                                                        "kwargs": {
                                                            "dtype": {
                                                                "__kind__": "type",
                                                                "class": "numpy.float32"
                                                            },
                                                            "expected_ndim": 1,
                                                            "field": "target"
                                                        }
                                                    },
                                                    {
                                                        "__kind__": "instance",
                                                        "args": [],
                                                        "class": "gluonts.transform.feature.AddTimeFeatures",
                                                        "kwargs": {
                                                            "dtype": {
                                                                "__kind__": "type",
                                                                "class": "numpy.float32"
                                                            },
                                                            "output_field": "time_feat",
                                                            "pred_length": 56,
                                                            "start_field": "start",
                                                            "target_field": "target",
                                                            "time_features": [
                                                                {
                                                                    "__kind__": "type",
                                                                    "class": "gluonts.time_feature._base.day_of_week"
                                                                },
                                                                {
                                                                    "__kind__": "type",
                                                                    "class": "gluonts.time_feature._base.day_of_month"
                                                                },
                                                                {
                                                                    "__kind__": "type",
                                                                    "class": "gluonts.time_feature._base.day_of_year"
                                                                }
                                                            ]
                                                        }
                                                    }
                                                ]
                                            }
                                        },
                                        {
                                            "__kind__": "instance",
                                            "args": [],
                                            "class": "gluonts.transform.field.SetFieldIfNotPresent",
                                            "kwargs": {
                                                "field": "feat_static_cat",
                                                "value": [
                                                    0.0
                                                ]
                                            }
                                        }
                                    ]
                                }
                            },
                            {
                                "__kind__": "instance",
                                "args": [],
                                "class": "gluonts.transform.convert.AsNumpyArray",
                                "kwargs": {
                                    "dtype": {
                                        "__kind__": "type",
                                        "class": "numpy.float32"
                                    },
                                    "expected_ndim": 1,