{
    "directory_name": "infer_2023_03_11_09_22_42",
    "parameters": {
        "batch_size": 32,
        "ctx": {
            "__kind__": "instance",
            "args": [
                "cpu",
                0
            ],
            "class": "mxnet.context.Context"
        },
        "dtype": {
            "__kind__": "type",
            "class": "numpy.float32"
        },
        "forecast_generator": {
            "__kind__": "instance",
            "args": [],
            "class": "gluonts.model.forecast_generator.SampleForecastGenerator",
            "kwargs": {}
        },
        "input_names": [
            "past_target"
        ],
        "lead_time": 0,
        "prediction_length": 8
    },
    "type": [
        "gluonts.mx.model.predictor.RepresentableBlockPredictor"
    ],
    "validation_results": {
        "metrics": {
            "aggregated": {
                "MSE": 2180318.044386191,
                "abs_error": 124191965.4719696,
                "abs_target_sum": 1147074070.9041748,
                "abs_target_mean": 5974.3441192925775,
                "seasonal_error": 473.43326980952094,
                "MASE": 1.4812980357399774,
                "MAPE": 0.1394144263023433,
                "sMAPE": 0.11322808511471764,
                "MSIS": 16.131163120912607,
                "QuantileLoss[0.1]": 79444000.58920899,
                "Coverage[0.1]": 0.20758333333333334,
                "QuantileLoss[0.5]": 124191965.46537018,
                "Coverage[0.5]": 0.6844479166666667,
                "QuantileLoss[0.9]": 72083135.00530547,
                "Coverage[0.9]": 0.9011875,
                "RMSE": 1476.590005514798,
                "NRMSE": 0.24715516482328792,
                "ND": 0.10826847944882581,
                "wQuantileLoss[0.1]": 0.06925795169146112,
                "wQuantileLoss[0.5]": 0.10826847944307254,
                "wQuantileLoss[0.9]": 0.06284087212300626,
                "mean_absolute_QuantileLoss": 91906367.01996155,
                "mean_wQuantileLoss": 0.08012243441917997,
                "MAE_Coverage": 0.09773958333333337,
                "OWA": NaN
            }
        },
        "start": 1678522962.6598153,
        "end": 1678522964.0917833,
        "num_samples": 100,
        "model": {
            "params": 13483,
            "fsize": 56805
        }
    },
    "input_transform": {
        "__kind__": "instance",
        "args": [],
        "class": "gluonts.transform._base.Chain",
        "kwargs": {
            "trans": [
                {
                    "__kind__": "instance",
                    "args": [],
                    "class": "gluonts.transform._base.Chain",
                    "kwargs": {
                        "trans": [
                            {
                                "__kind__": "instance",
                                "args": [],
                                "class": "gluonts.transform.field.SelectFields",
                                "kwargs": {
                                    "allow_missing": true,
                                    "input_fields": [
                                        "item_id",
                                        "info",
                                        "start",
                                        "target"
                                    ]
                                }
                            },
                            {
                                "__kind__": "instance",
                                "args": [],
                                "class": "gluonts.transform.feature.AddObservedValuesIndicator",
                                "kwargs": {
                                    "dtype": {
                                        "__kind__": "type",
                                        "class": "numpy.float32"
                                    },
                                    "imputation_method": {
                                        "__kind__": "instance",
                                        "args": [],
                                        "class": "gluonts.transform.feature.DummyValueImputation",
                                        "kwargs": {
                                            "dummy_value": 0.0
                                        }
                                    },
                                    "output_field": "observed_values",
                                    "target_field": "target"
                                }
                            }
                        ]
                    }
                },
                {
                    "__kind__": "instance",
                    "args": [],
                    "class": "gluonts.transform.split.InstanceSplitter",
                    "kwargs": {
                        "dummy_value": 0.0,
                        "forecast_start_field": "forecast_start",
                        "future_length": 8,
                        "instance_sampler": {
                            "__kind__": "instance",
                            "class": "gluonts.transform.sampler.PredictionSplitSampler",
                            "kwargs": {
                                "allow_empty_interval": false,
                                "axis": -1,
                                "min_future": 0,
                                "min_past": 0
                            }
                        },
                        "is_pad_field": "is_pad",
                        "lead_time": 0,
                        "output_NTC": true,
                        "past_length": 5,
                        "start_field": "start",
                        "target_field": "target",
                        "time_series_fields": [
                            "observed_values"
                        ]
                    }
                }
            ]
        }
    },
    "emissions": {
        "timestamp": {
            "0": "2023-03-11T09:22:44",
            "1": "2023-03-11T09:22:44"
        },
        "project_name": {
            "0": "codecarbon",
            "1": "codecarbon"
        },
        "run_id": {
            "0": "59fd2c9b-87ba-406f-bc6f-863dcb080cea",
            "1": "59fd2c9b-87ba-406f-bc6f-863dcb080cea"
        },
        "duration": {
            "0": 0.0070304870605468,
            "1": 0.1057353019714355
        },
        "emissions": {
            "0": 1.821822112094111e-08,
            "1": 4.273186360068981e-07
        },
        "emissions_rate": {
            "0": 0.0025913170686532,
            "1": 0.0040413998734532
        },
        "cpu_power": {
            "0": 29.345489286031977,
            "1": 26.23221276515996
        },
        "gpu_power": {
            "0": 0.912,
            "1": 1.405
        },
        "ram_power": {
            "0": 23.43553590774536,
            "1": 23.43553590774536
        },
        "cpu_energy": {
            "0": 5.3371709371474736e-08,
            "1": 7.698895048008358e-07
        },
        "gpu_energy": {
            "0": 4.72262700398763e-10,
            "1": 3.701483792728848e-08
        },
        "ram_energy": {
            "0": 6.6816794927149205e-09,
            "1": 6.127588998197097e-07
        },
        "energy_consumed": {
            "0": 6.052565156458842e-08,
            "1": 1.419663242547834e-06
        },
        "country_name": {
            "0": "Germany",
            "1": "Germany"
        },
        "country_iso_code": {
            "0": "DEU",
            "1": "DEU"
        },
        "region": {
            "0": NaN,
            "1": NaN
        },
        "cloud_provider": {
            "0": NaN,
            "1": NaN
        },
        "cloud_region": {
            "0": NaN,
            "1": NaN
        },
        "os": {
            "0": "Linux-5.4.0-137-generic-x86_64-with-debian-bullseye-sid",
            "1": "Linux-5.4.0-137-generic-x86_64-with-debian-bullseye-sid"
        },