{
    "directory_name": "infer_2023_03_09_18_44_00",
    "parameters": {
        "batch_size": 32,
        "ctx": {
            "__kind__": "instance",
            "args": [
                "cpu",
                0
            ],
            "class": "mxnet.context.Context"
        },
        "dtype": {
            "__kind__": "type",
            "class": "numpy.float32"
        },
        "forecast_generator": {
            "__kind__": "instance",
            "args": [],
            "class": "gluonts.model.forecast_generator.QuantileForecastGenerator",
            "kwargs": {
                "quantiles": [
                    "0.025",
                    "0.1",
                    "0.2",
                    "0.3",
                    "0.4",
                    "0.5",
                    "0.6",
                    "0.7",
                    "0.8",
                    "0.9",
                    "0.975"
                ]
            }
        },
        "input_names": [
            "past_target",
            "past_feat_dynamic",
            "future_feat_dynamic",
            "feat_static_cat",
            "past_observed_values"
        ],
        "lead_time": 0,
        "prediction_length": 18
    },
    "type": [
        "gluonts.mx.model.predictor.RepresentableBlockPredictor"
    ],
    "validation_results": {
        "metrics": {
            "aggregated": {
                "MSE": 955940024.3817955,
                "abs_error": 30200027.011479378,
                "abs_target_sum": 116705274.77728981,
                "abs_target_mean": 10508.308551889952,
                "seasonal_error": 1743.9892909919095,
                "MASE": 1.795919415070799,
                "MAPE": 0.4328214317789708,
                "sMAPE": 0.21038723694468842,
                "MSIS": 19.000024339799822,
                "QuantileLoss[0.1]": 18680816.93684124,
                "Coverage[0.1]": 0.1166936790923825,
                "QuantileLoss[0.5]": 30200026.718275726,
                "Coverage[0.5]": 0.7203313524221142,
                "QuantileLoss[0.9]": 13326484.271654107,
                "Coverage[0.9]": 0.9491265982351882,
                "RMSE": 30918.279777209398,
                "NRMSE": 2.9422698833532683,
                "ND": 0.2587717399158734,
                "wQuantileLoss[0.1]": 0.16006831715610184,
                "wQuantileLoss[0.5]": 0.25877173740353066,
                "wQuantileLoss[0.9]": 0.11418921978535426,
                "mean_absolute_QuantileLoss": 20735775.975590356,
                "mean_wQuantileLoss": 0.17767642478166223,
                "MAE_Coverage": 0.09538387658322829,
                "OWA": NaN
            }
        },
        "start": 1678383840.8556342,
        "end": 1678383842.3212109,
        "num_samples": 100,
        "model": {
            "params": 33882,
            "fsize": 140753
        }
    },
    "version": {
        "model": "0.11.8",
        "gluonts": "0.11.8"
    },
    "emissions": {
        "timestamp": {
            "0": "2023-03-09T18:44:02",
            "1": "2023-03-09T18:44:02"
        },
        "project_name": {
            "0": "codecarbon",
            "1": "codecarbon"
        },
        "run_id": {
            "0": "cc421bd4-eb8f-4490-bd60-c55cfaa16cbd",
            "1": "cc421bd4-eb8f-4490-bd60-c55cfaa16cbd"
        },
        "duration": {
            "0": 0.0066375732421875,
            "1": 0.1213541030883789
        },
        "emissions": {
            "0": 1.9466785437829225e-08,
            "1": 4.706247264699347e-07
        },
        "emissions_rate": {
            "0": 0.0029328166677093,
            "1": 0.0038781113657705
        },
        "cpu_power": {
            "0": 33.53198529761056,
            "1": 23.604728611377578
        },
        "gpu_power": {
            "0": 1.068,
            "1": 1.349
        },
        "ram_power": {
            "0": 23.43553590774536,
            "1": 23.43553590774536
        },
        "cpu_energy": {
            "0": 5.761032386558673e-08,
            "1": 8.072731458169669e-07
        },
        "gpu_energy": {
            "0": 5.338056882222495e-10,
            "1": 4.158364209863874e-08
        },
        "ram_energy": {
            "0": 6.5295762197100275e-09,
            "1": 7.146805093267024e-07
        },
        "energy_consumed": {
            "0": 6.467370577351901e-08,
            "1": 1.563537297242308e-06
        },
        "country_name": {
            "0": "Germany",
            "1": "Germany"
        },
        "country_iso_code": {
            "0": "DEU",
            "1": "DEU"
        },
        "region": {
            "0": NaN,
            "1": NaN
        },
        "cloud_provider": {
            "0": NaN,
            "1": NaN
        },
        "cloud_region": {
            "0": NaN,
            "1": NaN
        },
        "os": {
            "0": "Linux-5.4.0-137-generic-x86_64-with-debian-bullseye-sid",
            "1": "Linux-5.4.0-137-generic-x86_64-with-debian-bullseye-sid"
        },
        "python_version": {
            "0": "3.7.7",
            "1": "3.7.7"
        },
        "cpu_count": {
            "0": 20,
            "1": 20
        },
        "cpu_model": {
            "0": "Intel(R) Xeon(R) W-2155 CPU @ 3.30GHz",
            "1": "Intel(R) Xeon(R) W-2155 CPU @ 3.30GHz"
        },
        "gpu_count": {
            "0": 1,
            "1": 1
        },
        "gpu_model": {
            "0": "1 x Quadro RTX 5000",
            "1": "1 x Quadro RTX 5000"
        },
        "longitude": {
            "0": NaN,
            "1": NaN
        },
        "latitude": {
            "0": NaN,
            "1": NaN
        },
        "ram_total_size": {
            "0": 62.4947624206543,
            "1": 62.4947624206543
        },
        "tracking_mode": {
            "0": "machine",
            "1": "machine"
        },
        "on_cloud": {
            "0": "N",
            "1": "N"
        }
    },
    "input_transform": {
        "__kind__": "instance",
        "args": [],
        "class": "gluonts.transform._base.Chain",
        "kwargs": {
            "trans": [
                {
                    "__kind__": "instance",
                    "args": [],
                    "class": "gluonts.transform._base.Chain",
                    "kwargs": {
                        "trans": [
                            {
                                "__kind__": "instance",
                                "args": [],
                                "class": "gluonts.transform.field.RemoveFields",
                                "kwargs": {
                                    "field_names": [
                                        "feat_dynamic_cat",
                                        "feat_static_real",
                                        "past_feat_dynamic_real",
                                        "feat_dynamic_real",
                                        "feat_static_cat"
                                    ]
                                }
                            },
                            {
                                "__kind__": "instance",
                                "args": [],
                                "class": "gluonts.transform.feature.AddObservedValuesIndicator",
                                "kwargs": {
                                    "dtype": {
                                        "__kind__": "type",
                                        "class": "numpy.float32"
                                    },
                                    "imputation_method": {
                                        "__kind__": "instance",
                                        "args": [],
                                        "class": "gluonts.transform.feature.DummyValueImputation",