{
    "directory_name": "infer_2023_03_09_14_50_20",
    "validation_results": {
        "metrics": {
            "aggregated": {
                "MSE": 150531691075.61884,
                "abs_error": 149715485.10320675,
                "abs_target_sum": 985133951.055007,
                "abs_target_mean": 475450.7485786713,
                "seasonal_error": 33106.09397154501,
                "MASE": 3.2664652982254796,
                "MAPE": 0.3466820570327428,
                "sMAPE": 0.31404760168886897,
                "MSIS": 130.65861202423716,
                "QuantileLoss[0.1]": 127691105.43179336,
                "Coverage[0.1]": 0.5863899613899614,
                "QuantileLoss[0.5]": 149715484.91302586,
                "Coverage[0.5]": 0.5863899613899614,
                "QuantileLoss[0.9]": 171739864.39425835,
                "Coverage[0.9]": 0.5863899613899614,
                "RMSE": 387984.13765980024,
                "NRMSE": 0.8160343396653665,
                "ND": 0.15197474916266193,
                "wQuantileLoss[0.1]": 0.12961801315957638,
                "wQuantileLoss[0.5]": 0.15197474896961113,
                "wQuantileLoss[0.9]": 0.17433148477964588,
                "mean_absolute_QuantileLoss": 149715484.91302586,
                "mean_wQuantileLoss": 0.15197474896961113,
                "MAE_Coverage": 0.29546332046332047,
                "OWA": NaN
            }
        },
        "start": 1678369821.1127043,
        "end": 1678369824.795453,
        "num_samples": 100,
        "model": {
            "params": 24659538,
            "fsize": 98674755
        }
    },
    "parameters": {
        "batch_size": 32,
        "ctx": {
            "__kind__": "instance",
            "args": [
                "cpu",
                0
            ],
            "class": "mxnet.context.Context"
        },
        "dtype": {
            "__kind__": "type",
            "class": "numpy.float32"
        },
        "forecast_generator": {
            "__kind__": "instance",
            "args": [],
            "class": "gluonts.model.forecast_generator.SampleForecastGenerator",
            "kwargs": {}
        },
        "input_names": [
            "past_target",
            "past_observed_values",
            "future_target",
            "future_observed_values"
        ],
        "lead_time": 0,
        "prediction_length": 4
    },
    "version": {
        "model": "0.11.8",
        "gluonts": "0.11.8"
    },
    "requirements": [
        "# 3.7.7 (default, Mar 23 2020, 22:36:06)",
        "# [GCC 7.3.0]",
        "wrapt==1.11.2",
        "typed-ast==1.4.0",
        "six==1.12.0",
        "setuptools==41.6.0",
        "pytz==2019.3",
        "python-dateutil==2.8.0",
        "pyparsing==2.4.2",
        "pylint==2.4.3",
        "numpy==1.17.3",
        "mccabe==0.6.1",
        "matplotlib==3.1.1",
        "lazy-object-proxy==1.4.3",
        "kiwisolver==1.1.0",
        "isort==4.3.21",
        "cycler==0.10.0",
        "astroid==2.3.2",
        "zipp==3.14.0",
        "xgboost==1.6.2",
        "wheel==0.37.1",
        "werkzeug==2.2.3",
        "urllib3==1.26.14",
        "typing-extensions==4.4.0",
        "tqdm==4.64.1",
        "toolz==0.12.0",
        "threadpoolctl==3.1.0",
        "tenacity==8.2.2",
        "scipy==1.7.3",
        "scikit-learn==1.0.2",
        "rpy2==2.9.4",
        "requests==2.28.2",
        "reportlab==3.6.12",
        "qrcode==7.4.2",
        "pypng==0.20220715.0",
        "pynvml==11.4.1",
        "pymupdf==1.21.1",
        "pydantic==1.10.4",
        "pyarrow==8.0.0",
        "py-rapl==0.1",
        "py-cpuinfo==9.0.0",
        "psutil==5.9.4",
        "plotly==5.13.1",
        "pip==22.3.1",
        "pint==0.18",
        "pillow==9.4.0",
        "pandas==1.3.5",
        "packaging==23.0",
        "orjson==3.8.5",
        "mxnet==1.9.1",
        "markupsafe==2.1.1",
        "joblib==1.2.0",
        "jinja2==3.1.2",
        "itsdangerous==2.1.2",
        "importlib-metadata==6.0.0",
        "idna==3.4",
        "graphviz==0.8.4",
        "gluonts==0.11.8",
        "fuzzywuzzy==0.18.0",
        "flask==2.2.3",
        "dash==2.8.1",
        "dash-table==5.0.0",
        "dash-html-components==2.0.0",
        "dash-core-components==2.0.0",
        "dash-bootstrap-components==1.4.0",
        "codecarbon==2.1.4",
        "click==8.1.3",
        "charset-normalizer==3.0.1",
        "certifi==2022.12.7",
        "arrow==1.2.3"
    ],
    "prediction_net-network": {
        "__kind__": "instance",
        "args": [],
        "class": "gluonts.mx.model.n_beats._network.NBEATSPredictionNetwork",
        "kwargs": {
            "context_length": 2,
            "expansion_coefficient_lengths": [
                32,
                32,
                32,
                32,
                32,
                32,
                32,
                32,
                32,
                32,
                32,
                32,
                32,
                32,
                32,
                32,
                32,
                32,
                32,
                32,
                32,
                32,
                32,
                32,
                32,
                32,
                32,
                32,
                32,
                32
            ],
            "num_block_layers": [
                4,
                4,
                4,
                4,
                4,
                4,
                4,
                4,
                4,
                4,
                4,
                4,
                4,
                4,
                4,
                4,
                4,
                4,
                4,
                4,
                4,
                4,
                4,
                4,
                4,
                4,
                4,
                4,
                4,
                4
            ],
            "num_blocks": [
                1,
                1,
                1,
                1,
                1,
                1,
                1,
                1,
                1,
                1,
                1,
                1,
                1,
                1,
                1,
                1,
                1,
                1,
                1,
                1,
                1,
                1,
                1,
                1,
                1,
                1,
                1,
                1,
                1,
                1
            ],
            "num_stacks": 30,
            "prediction_length": 4,
            "scale": false,
            "sharing": [
                false,
                false,
                false,
                false,
                false,
                false,
                false,
                false,
                false,
                false,
                false,
                false,
                false,
                false,
                false,
                false,
                false,
                false,
                false,
                false,
                false,
                false,
                false,
                false,
                false,
                false,
                false,
                false,
                false,
                false
            ],