{
    "directory_name": "infer_2023_01_24_18_10_31",
    "validation_results": {
        "metrics": {
            "aggregated": {
                "MSE": 71.9961015076412,
                "abs_error": 39988.99064573924,
                "abs_target_sum": 120931.51168823242,
                "abs_target_mean": 19.454876397720792,
                "seasonal_error": 6.58155905720786,
                "MASE": 0.9878636758799738,
                "MAPE": 0.8007861113611973,
                "sMAPE": 0.3538539246745166,
                "MSIS": 6.846544965326376,
                "QuantileLoss[0.1]": 17741.056976865864,
                "Coverage[0.1]": 0.06016731016731017,
                "QuantileLoss[0.5]": 39988.99064573924,
                "Coverage[0.5]": 0.5397361647361647,
                "QuantileLoss[0.9]": 21311.42477439006,
                "Coverage[0.9]": 0.8674388674388674,
                "RMSE": 8.485051650263609,
                "NRMSE": 0.4361400955113579,
                "ND": 0.330674694192469,
                "wQuantileLoss[0.1]": 0.14670334248862454,
                "wQuantileLoss[0.5]": 0.330674694192469,
                "wQuantileLoss[0.9]": 0.17622722545081546,
                "mean_absolute_QuantileLoss": 26347.15746566506,
                "mean_wQuantileLoss": 0.2178684207106363,
                "MAE_Coverage": 0.03737666237666237,
                "OWA": NaN
            }
        },
        "start": 1674580231.2366872,
        "end": 1674580262.8815398,
        "model": null,
        "data": null
    },
    "requirements": [
        "# 3.7.7 (default, Mar 23 2020, 22:36:06)",
        "# [GCC 7.3.0]",
        "wrapt==1.11.2",
        "typed-ast==1.4.0",
        "six==1.12.0",
        "setuptools==41.6.0",
        "pytz==2019.3",
        "python-dateutil==2.8.0",
        "pyparsing==2.4.2",
        "pylint==2.4.3",
        "numpy==1.17.3",
        "mccabe==0.6.1",
        "matplotlib==3.1.1",
        "lazy-object-proxy==1.4.3",
        "kiwisolver==1.1.0",
        "isort==4.3.21",
        "cycler==0.10.0",
        "astroid==2.3.2",
        "wheel==0.37.1",
        "urllib3==1.26.14",
        "typing-extensions==4.4.0",
        "tqdm==4.64.1",
        "toolz==0.12.0",
        "rpy2==2.9.4",
        "requests==2.28.2",
        "pynvml==11.4.1",
        "pydantic==1.10.4",
        "pyarrow==8.0.0",
        "py-rapl==0.1",
        "pip==22.3.1",
        "pandas==1.3.5",
        "orjson==3.8.5",
        "mxnet==1.9.1",
        "markupsafe==2.1.1",
        "jinja2==3.1.2",
        "idna==3.4",
        "graphviz==0.8.4",
        "gluonts==0.11.8",
        "charset-normalizer==3.0.1",
        "certifi==2022.12.7"
    ],
    "execution_platform": {
        "System": "Linux",
        "Node Name": "ls8ws022",
        "Release": "5.4.0-137-generic",
        "Version": "#154-Ubuntu SMP Thu Jan 5 17:03:22 UTC 2023",
        "Machine": "x86_64",
        "Processor": "Intel(R) Xeon(R) W-2155 CPU @ 3.30GHz"
    },
    "validation_pyrapl": {
        "0": {
            "start_unix": 1674583831.198163,
            "end_unix": 1674583862.891094,
            "start_utc": "2023-01-24 18:10:31",
            "end_utc": "2023-01-24 18:11:02",
            "total_duration": 31.692930936813354,
            "nr_measurements": 629,
            "duration": {
                "min": 0.004442,
                "max": 0.050509,
                "mean": 0.050392683624801274,
                "std": 0.001833857443336927
            },
            "package-0": {
                "min": 16.529017680171254,
                "max": 77.6917848933978,
                "mean": 44.62945819496957,
                "std": 3.606333766618071
            },
            "package-0.dram": {
                "min": 1.1436289959477715,
                "max": 7.74321995285168,
                "mean": 6.987340871297604,
                "std": 0.3354250793438795
            },
            "total_power_draw": 1415.8699099999997
        },
        "total": {
            "start_unix": 1674583831.198163,
            "end_unix": 1674583862.891094,
            "nr_measurements": 629,
            "total_power_draw": 1415.8699099999997,
            "start_utc": "2023-01-24 18:10:31",
            "end_utc": "2023-01-24 18:11:02",
            "total_duration": 31.692930936813354
        }
    },
    "validation_pynvml": {
        "0": {
            "start_unix": 1674583831.203541,
            "end_unix": 1674583862.838053,
            "start_utc": "2023-01-24 18:10:31",
            "end_utc": "2023-01-24 18:11:02",
            "total_duration": 31.634511947631836,
            "nr_measurements": 628,
            "temperature": {
                "min": 22,
                "max": 22,
                "mean": 22.0,
                "std": 0.0
            },
            "util.gpu": {
                "min": 0,
                "max": 0,
                "mean": 0.0,
                "std": 0.0
            },
            "util.memory": {
                "min": 0,
                "max": 0,
                "mean": 0.0,
                "std": 0.0
            },
            "power_usage": {
                "min": 1.103,
                "max": 1.971,
                "mean": 1.4354251592356686,
                "std": 0.14272390768757556
            },
            "memory.used": {
                "min": 16384000,
                "max": 16384000,
                "mean": 16384000.0,
                "std": 0.0
            },
            "memory.free": {
                "min": 16892231680,
                "max": 16892231680,
                "mean": 16892231680.0,
                "std": 0.0
            },
            "total_power_draw": 45.420269412841826
        },
        "total": {
            "start_unix": 1674583831.203541,
            "end_unix": 1674583862.838053,
            "nr_measurements": 628,
            "total_power_draw": 45.420269412841826,
            "start_utc": "2023-01-24 18:10:31",
            "end_utc": "2023-01-24 18:11:02",
            "total_duration": 31.634511947631836
        }
    },
    "config": {
        "dataset": "nn5_daily_dataset_without_missing_values",
        "model": "arima",
        "output_dir": "mnt_data/results",
        "epochs": 100,
        "datadir": "mnt_data/data",
        "cpu_monitor_interval": 0.05,
        "gpu_monitor_interval": 0.05,
        "seed": 42,
        "timestamp": "2023_01_24_18_10_31",
        "lag": 9,
        "train_logdir": "mnt_data/results/train_2023_01_24_18_10_29"
    },
    "full_log": "mnt_data/results_merged/infer_2023_01_24_18_10_31.tar.gz"
}