{
    "directory_name": "infer_2023_01_27_01_10_17",
    "validation_results": {
        "metrics": {
            "aggregated": {
                "MSE": 473341712.1983741,
                "abs_error": 3184803.024817884,
                "abs_target_sum": 56576717.36915088,
                "abs_target_mean": 44062.863994665786,
                "seasonal_error": 1694.7955323293138,
                "MASE": 0.6654315879428725,
                "MAPE": 0.15518903928376046,
                "sMAPE": 0.11383641243700483,
                "MSIS": 26.617263396703887,
                "QuantileLoss[0.1]": 5542565.602936564,
                "Coverage[0.1]": 0.720404984423676,
                "QuantileLoss[0.5]": 3184802.8996924693,
                "Coverage[0.5]": 0.720404984423676,
                "QuantileLoss[0.9]": 827040.1964483752,
                "Coverage[0.9]": 0.720404984423676,
                "RMSE": 21756.41772439512,
                "NRMSE": 0.4937585928828624,
                "ND": 0.05629176051409507,
                "wQuantileLoss[0.1]": 0.09796548581587933,
                "wQuantileLoss[0.5]": 0.05629175830248894,
                "wQuantileLoss[0.9]": 0.014618030789098568,
                "mean_absolute_QuantileLoss": 3184802.8996924697,
                "mean_wQuantileLoss": 0.05629175830248895,
                "MAE_Coverage": 0.340134994807892,
                "OWA": NaN
            }
        },
        "start": 1674778217.773774,
        "end": 1674778227.02939,
        "model": null,
        "data": null
    },
    "requirements": [
        "# 3.7.7 (default, Mar 23 2020, 22:36:06)",
        "# [GCC 7.3.0]",
        "wrapt==1.11.2",
        "typed-ast==1.4.0",
        "six==1.12.0",
        "setuptools==41.6.0",
        "pytz==2019.3",
        "python-dateutil==2.8.0",
        "pyparsing==2.4.2",
        "pylint==2.4.3",
        "numpy==1.17.3",
        "mccabe==0.6.1",
        "matplotlib==3.1.1",
        "lazy-object-proxy==1.4.3",
        "kiwisolver==1.1.0",
        "isort==4.3.21",
        "cycler==0.10.0",
        "astroid==2.3.2",
        "wheel==0.37.1",
        "urllib3==1.26.14",
        "typing-extensions==4.4.0",
        "tqdm==4.64.1",
        "toolz==0.12.0",
        "rpy2==2.9.4",
        "requests==2.28.2",
        "pynvml==11.4.1",
        "pydantic==1.10.4",
        "pyarrow==8.0.0",
        "py-rapl==0.1",
        "pip==22.3.1",
        "pandas==1.3.5",
        "orjson==3.8.5",
        "mxnet==1.9.1",
        "markupsafe==2.1.1",
        "jinja2==3.1.2",
        "idna==3.4",
        "graphviz==0.8.4",
        "gluonts==0.11.8",
        "charset-normalizer==3.0.1",
        "certifi==2022.12.7"
    ],
    "execution_platform": {
        "System": "Linux",
        "Node Name": "ls8ws022",
        "Release": "5.4.0-137-generic",
        "Version": "#154-Ubuntu SMP Thu Jan 5 17:03:22 UTC 2023",
        "Machine": "x86_64",
        "Processor": "Intel(R) Xeon(R) W-2155 CPU @ 3.30GHz"
    },
    "config": {
        "dataset": "fred_md_dataset",
        "model": "nbeats",
        "output_dir": "mnt_data/results",
        "epochs": 100,
        "datadir": "mnt_data/data",
        "cpu_monitor_interval": 0.05,
        "gpu_monitor_interval": 0.05,
        "seed": 42,
        "timestamp": "2023_01_27_01_10_17",
        "lag": 15,
        "external_forecast_horizon": 12,
        "train_logdir": "mnt_data/results/train_2023_01_27_01_01_26"
    },
    "validation_pyrapl": {
        "0": {
            "start_unix": 1674781817.734454,
            "end_unix": 1674781827.054621,
            "start_utc": "2023-01-27 01:10:17",
            "end_utc": "2023-01-27 01:10:27",
            "total_duration": 9.320167064666748,
            "nr_measurements": 187,
            "duration": {
                "min": 0.002051,
                "max": 0.050493,
                "mean": 0.049850572192513376,
                "std": 0.0035055383421548326
            },
            "package-0": {
                "min": 11.099951243295955,
                "max": 87.44646065397055,
                "mean": 71.48219273289646,
                "std": 16.80833133168459
            },
            "package-0.dram": {
                "min": 2.9907097438741754,
                "max": 8.534071550255536,
                "mean": 7.182641329700428,
                "std": 0.57258910728247
            },
            "total_power_draw": 669.1788290000004
        },
        "total": {
            "start_unix": 1674781817.734454,
            "end_unix": 1674781827.054621,
            "nr_measurements": 187,
            "total_power_draw": 669.1788290000004,
            "start_utc": "2023-01-27 01:10:17",
            "end_utc": "2023-01-27 01:10:27",
            "total_duration": 9.320167064666748
        }
    },
    "validation_pynvml": {
        "0": {
            "start_unix": 1674781817.730615,
            "end_unix": 1674781826.99404,
            "start_utc": "2023-01-27 01:10:17",
            "end_utc": "2023-01-27 01:10:26",
            "total_duration": 9.26342511177063,
            "nr_measurements": 186,
            "temperature": {
                "min": 22,
                "max": 22,
                "mean": 22.0,
                "std": 0.0
            },
            "util.gpu": {
                "min": 0,
                "max": 0,
                "mean": 0.0,
                "std": 0.0
            },
            "util.memory": {
                "min": 0,
                "max": 0,
                "mean": 0.0,
                "std": 0.0
            },
            "power_usage": {
                "min": 0.957,
                "max": 2.179,
                "mean": 1.5270860215053763,
                "std": 0.21250162078643012
            },
            "memory.used": {
                "min": 16384000,
                "max": 16384000,
                "mean": 16384000.0,
                "std": 0.0
            },
            "memory.free": {
                "min": 16892231680,
                "max": 16892231680,
                "mean": 16892231680.0,
                "std": 0.0
            },
            "total_power_draw": 14.177400712158207
        },
        "total": {
            "start_unix": 1674781817.730615,
            "end_unix": 1674781826.99404,
            "nr_measurements": 186,
            "total_power_draw": 14.177400712158207,
            "start_utc": "2023-01-27 01:10:17",
            "end_utc": "2023-01-27 01:10:26",
            "total_duration": 9.26342511177063
        }
    },
    "full_log": "mnt_data/results_merged/infer_2023_01_27_01_10_17.tar.gz"
}