{
    "directory_name": "infer_2023_01_24_23_05_03",
    "requirements": [
        "# 3.7.7 (default, Mar 23 2020, 22:36:06)",
        "# [GCC 7.3.0]",
        "wrapt==1.11.2",
        "typed-ast==1.4.0",
        "six==1.12.0",
        "setuptools==41.6.0",
        "pytz==2019.3",
        "python-dateutil==2.8.0",
        "pyparsing==2.4.2",
        "pylint==2.4.3",
        "numpy==1.17.3",
        "mccabe==0.6.1",
        "matplotlib==3.1.1",
        "lazy-object-proxy==1.4.3",
        "kiwisolver==1.1.0",
        "isort==4.3.21",
        "cycler==0.10.0",
        "astroid==2.3.2",
        "wheel==0.37.1",
        "urllib3==1.26.14",
        "typing-extensions==4.4.0",
        "tqdm==4.64.1",
        "toolz==0.12.0",
        "rpy2==2.9.4",
        "requests==2.28.2",
        "pynvml==11.4.1",
        "pydantic==1.10.4",
        "pyarrow==8.0.0",
        "py-rapl==0.1",
        "pip==22.3.1",
        "pandas==1.3.5",
        "orjson==3.8.5",
        "mxnet==1.9.1",
        "markupsafe==2.1.1",
        "jinja2==3.1.2",
        "idna==3.4",
        "graphviz==0.8.4",
        "gluonts==0.11.8",
        "charset-normalizer==3.0.1",
        "certifi==2022.12.7"
    ],
    "validation_results": {
        "metrics": {
            "aggregated": {
                "MSE": 1954712.4044172354,
                "abs_error": 19268450.385986328,
                "abs_target_sum": 136519561.81640625,
                "abs_target_mean": 5311.218558061245,
                "seasonal_error": 756.2819274714382,
                "MASE": 1.248958528510067,
                "MAPE": 0.23978418476909738,
                "sMAPE": 0.1632095000875022,
                "MSIS": 9.063540199041455,
                "QuantileLoss[0.1]": 8606223.858410645,
                "Coverage[0.1]": 0.13204170557111733,
                "QuantileLoss[0.5]": 19268450.469421387,
                "Coverage[0.5]": 0.4487239340180517,
                "QuantileLoss[0.9]": 10480827.191943359,
                "Coverage[0.9]": 0.8186663554310614,
                "RMSE": 1398.110297657962,
                "NRMSE": 0.2632371992178598,
                "ND": 0.14114058183030836,
                "wQuantileLoss[0.1]": 0.06304022474071838,
                "wQuantileLoss[0.5]": 0.14114058244146663,
                "wQuantileLoss[0.9]": 0.07677161464990744,
                "mean_absolute_QuantileLoss": 12785167.173258463,
                "mean_wQuantileLoss": 0.09365080727736415,
                "MAE_Coverage": 0.05488380537400142,
                "OWA": NaN
            }
        },
        "start": 1674597904.1629064,
        "end": 1674597938.79365,
        "model": null,
        "data": null
    },
    "validation_pyrapl": {
        "0": {
            "start_unix": 1674601504.124063,
            "end_unix": 1674601538.808198,
            "start_utc": "2023-01-24 23:05:04",
            "end_utc": "2023-01-24 23:05:38",
            "total_duration": 34.68413496017456,
            "nr_measurements": 693,
            "duration": {
                "min": 0.001881,
                "max": 0.050502,
                "mean": 0.05005177922077922,
                "std": 0.0018319960377361807
            },
            "package-0": {
                "min": 12.62254120148857,
                "max": 162.21698075541008,
                "mean": 113.86015093281347,
                "std": 12.4881546438703
            },
            "package-0.dram": {
                "min": 2.863370547581074,
                "max": 10.429842546330395,
                "mean": 9.404344287569172,
                "std": 0.7534760430320165
            },
            "total_power_draw": 3954.057015999995
        },
        "total": {
            "start_unix": 1674601504.124063,
            "end_unix": 1674601538.808198,
            "nr_measurements": 693,
            "total_power_draw": 3954.057015999995,
            "start_utc": "2023-01-24 23:05:04",
            "end_utc": "2023-01-24 23:05:38",
            "total_duration": 34.68413496017456
        }
    },
    "validation_pynvml": {
        "0": {
            "start_unix": 1674601504.133327,
            "end_unix": 1674601538.759083,
            "start_utc": "2023-01-24 23:05:04",
            "end_utc": "2023-01-24 23:05:38",
            "total_duration": 34.62575602531433,
            "nr_measurements": 692,
            "temperature": {
                "min": 21,
                "max": 22,
                "mean": 21.88150289017341,
                "std": 0.3231958304021491
            },
            "util.gpu": {
                "min": 0,
                "max": 0,
                "mean": 0.0,
                "std": 0.0
            },
            "util.memory": {
                "min": 0,
                "max": 0,
                "mean": 0.0,
                "std": 0.0
            },
            "power_usage": {
                "min": 1.034,
                "max": 2.174,
                "mean": 1.5655549132947977,
                "std": 0.1443172830897356
            },
            "memory.used": {
                "min": 16384000,
                "max": 16384000,
                "mean": 16384000.0,
                "std": 0.0
            },
            "memory.free": {
                "min": 16892231680,
                "max": 16892231680,
                "mean": 16892231680.0,
                "std": 0.0
            },
            "total_power_draw": 54.2397726931152
        },
        "total": {
            "start_unix": 1674601504.133327,
            "end_unix": 1674601538.759083,
            "nr_measurements": 692,
            "total_power_draw": 54.2397726931152,
            "start_utc": "2023-01-24 23:05:04",
            "end_utc": "2023-01-24 23:05:38",
            "total_duration": 34.62575602531433
        }
    },
    "config": {
        "dataset": "m3_monthly_dataset",
        "model": "wavenet",
        "output_dir": "mnt_data/results",
        "epochs": 100,
        "datadir": "mnt_data/data",
        "cpu_monitor_interval": 0.05,
        "gpu_monitor_interval": 0.05,
        "seed": 42,
        "timestamp": "2023_01_24_23_05_03",
        "lag": 15,
        "train_logdir": "mnt_data/results/train_2023_01_24_23_02_24"
    },
    "execution_platform": {
        "System": "Linux",
        "Node Name": "ls8ws022",
        "Release": "5.4.0-137-generic",
        "Version": "#154-Ubuntu SMP Thu Jan 5 17:03:22 UTC 2023",
        "Machine": "x86_64",
        "Processor": "Intel(R) Xeon(R) W-2155 CPU @ 3.30GHz"
    },
    "full_log": "mnt_data/results_merged/infer_2023_01_24_23_05_03.tar.gz"
}