{
    "directory_name": "infer_2023_01_27_01_47_49",
    "requirements": [
        "# 3.7.7 (default, Mar 23 2020, 22:36:06)",
        "# [GCC 7.3.0]",
        "wrapt==1.11.2",
        "typed-ast==1.4.0",
        "six==1.12.0",
        "setuptools==41.6.0",
        "pytz==2019.3",
        "python-dateutil==2.8.0",
        "pyparsing==2.4.2",
        "pylint==2.4.3",
        "numpy==1.17.3",
        "mccabe==0.6.1",
        "matplotlib==3.1.1",
        "lazy-object-proxy==1.4.3",
        "kiwisolver==1.1.0",
        "isort==4.3.21",
        "cycler==0.10.0",
        "astroid==2.3.2",
        "wheel==0.37.1",
        "urllib3==1.26.14",
        "typing-extensions==4.4.0",
        "tqdm==4.64.1",
        "toolz==0.12.0",
        "rpy2==2.9.4",
        "requests==2.28.2",
        "pynvml==11.4.1",
        "pydantic==1.10.4",
        "pyarrow==8.0.0",
        "py-rapl==0.1",
        "pip==22.3.1",
        "pandas==1.3.5",
        "orjson==3.8.5",
        "mxnet==1.9.1",
        "markupsafe==2.1.1",
        "jinja2==3.1.2",
        "idna==3.4",
        "graphviz==0.8.4",
        "gluonts==0.11.8",
        "charset-normalizer==3.0.1",
        "certifi==2022.12.7"
    ],
    "validation_results": {
        "metrics": {
            "aggregated": {
                "MSE": 4.029294960069026,
                "abs_error": 8021.371490623955,
                "abs_target_sum": 66418.92919254303,
                "abs_target_mean": 9.631515254139071,
                "seasonal_error": 0.7282777253634357,
                "MASE": 1.7228271868272134,
                "MAPE": 0.24914604164471774,
                "sMAPE": 0.1284807895092499,
                "MSIS": 21.469547029993507,
                "QuantileLoss[0.1]": 5301.938889132005,
                "Coverage[0.1]": 0.17923433874709976,
                "QuantileLoss[0.5]": 8021.371490623955,
                "Coverage[0.5]": 0.49622969837587005,
                "QuantileLoss[0.9]": 3821.261939613477,
                "Coverage[0.9]": 0.8990719257540604,
                "RMSE": 2.0073103796047653,
                "NRMSE": 0.2084106525961363,
                "ND": 0.12076935879786102,
                "wQuantileLoss[0.1]": 0.07982572067312496,
                "wQuantileLoss[0.5]": 0.12076935879786102,
                "wQuantileLoss[0.9]": 0.05753272427105761,
                "mean_absolute_QuantileLoss": 5714.857439789812,
                "mean_wQuantileLoss": 0.08604260124734786,
                "MAE_Coverage": 0.027977571539056455,
                "OWA": NaN
            }
        },
        "start": 1674780469.79235,
        "end": 1674780572.0339391,
        "model": null,
        "data": null
    },
    "config": {
        "dataset": "traffic_weekly_dataset",
        "model": "arima",
        "output_dir": "mnt_data/results",
        "epochs": 100,
        "datadir": "mnt_data/data",
        "cpu_monitor_interval": 0.05,
        "gpu_monitor_interval": 0.05,
        "seed": 42,
        "timestamp": "2023_01_27_01_47_49",
        "lag": 65,
        "external_forecast_horizon": 8,
        "train_logdir": "mnt_data/results/train_2023_01_27_01_47_47"
    },
    "execution_platform": {
        "System": "Linux",
        "Node Name": "ls8ws022",
        "Release": "5.4.0-137-generic",
        "Version": "#154-Ubuntu SMP Thu Jan 5 17:03:22 UTC 2023",
        "Machine": "x86_64",
        "Processor": "Intel(R) Xeon(R) W-2155 CPU @ 3.30GHz"
    },
    "validation_pyrapl": {
        "0": {
            "start_unix": 1674784069.752093,
            "end_unix": 1674784172.080866,
            "start_utc": "2023-01-27 01:47:49",
            "end_utc": "2023-01-27 01:49:32",
            "total_duration": 102.328773021698,
            "nr_measurements": 2029,
            "duration": {
                "min": 0.001979,
                "max": 0.050499,
                "mean": 0.05043403696402168,
                "std": 0.001076691524005279
            },
            "package-0": {
                "min": 16.099545224861043,
                "max": 157.27978519524078,
                "mean": 44.7562605914581,
                "std": 5.463847216869737
            },
            "package-0.dram": {
                "min": 0.0,
                "max": 7.907860582162601,
                "mean": 6.951528953178707,
                "std": 0.22167355372688743
            },
            "total_power_draw": 4581.175955999997
        },
        "total": {
            "start_unix": 1674784069.752093,
            "end_unix": 1674784172.080866,
            "nr_measurements": 2029,
            "total_power_draw": 4581.175955999997,
            "start_utc": "2023-01-27 01:47:49",
            "end_utc": "2023-01-27 01:49:32",
            "total_duration": 102.328773021698
        }
    },
    "validation_pynvml": {
        "0": {
            "start_unix": 1674784069.759194,
            "end_unix": 1674784172.026815,
            "start_utc": "2023-01-27 01:47:49",
            "end_utc": "2023-01-27 01:49:32",
            "total_duration": 102.26762104034424,
            "nr_measurements": 2028,
            "temperature": {
                "min": 22,
                "max": 22,
                "mean": 22.0,
                "std": 0.0
            },
            "util.gpu": {
                "min": 0,
                "max": 0,
                "mean": 0.0,
                "std": 0.0
            },
            "util.memory": {
                "min": 0,
                "max": 0,
                "mean": 0.0,
                "std": 0.0
            },
            "power_usage": {
                "min": 1.009,
                "max": 2.089,
                "mean": 1.4496503944773174,
                "std": 0.16516169402264017
            },
            "memory.used": {
                "min": 16384000,
                "max": 16384000,
                "mean": 16384000.0,
                "std": 0.0
            },
            "memory.free": {
                "min": 16892231680,
                "max": 16892231680,
                "mean": 16892231680.0,
                "std": 0.0
            },
            "total_power_draw": 148.25845312377953
        },
        "total": {
            "start_unix": 1674784069.759194,
            "end_unix": 1674784172.026815,
            "nr_measurements": 2028,
            "total_power_draw": 148.25845312377953,
            "start_utc": "2023-01-27 01:47:49",
            "end_utc": "2023-01-27 01:49:32",
            "total_duration": 102.26762104034424
        }
    },
    "full_log": "mnt_data/results_merged/infer_2023_01_27_01_47_49.tar.gz"
}