{
    "directory_name": "infer_2023_01_26_08_13_26",
    "requirements": [
        "# 3.7.7 (default, Mar 23 2020, 22:36:06)",
        "# [GCC 7.3.0]",
        "wrapt==1.11.2",
        "typed-ast==1.4.0",
        "six==1.12.0",
        "setuptools==41.6.0",
        "pytz==2019.3",
        "python-dateutil==2.8.0",
        "pyparsing==2.4.2",
        "pylint==2.4.3",
        "numpy==1.17.3",
        "mccabe==0.6.1",
        "matplotlib==3.1.1",
        "lazy-object-proxy==1.4.3",
        "kiwisolver==1.1.0",
        "isort==4.3.21",
        "cycler==0.10.0",
        "astroid==2.3.2",
        "wheel==0.37.1",
        "urllib3==1.26.14",
        "typing-extensions==4.4.0",
        "tqdm==4.64.1",
        "toolz==0.12.0",
        "rpy2==2.9.4",
        "requests==2.28.2",
        "pynvml==11.4.1",
        "pydantic==1.10.4",
        "pyarrow==8.0.0",
        "py-rapl==0.1",
        "pip==22.3.1",
        "pandas==1.3.5",
        "orjson==3.8.5",
        "mxnet==1.9.1",
        "markupsafe==2.1.1",
        "jinja2==3.1.2",
        "idna==3.4",
        "graphviz==0.8.4",
        "gluonts==0.11.8",
        "charset-normalizer==3.0.1",
        "certifi==2022.12.7"
    ],
    "validation_results": {
        "metrics": {
            "aggregated": {
                "MSE": 2007619.1143602116,
                "abs_error": 495343579.1613159,
                "abs_target_sum": 4157157295.383667,
                "abs_target_mean": 4811.5246474348,
                "seasonal_error": 616.9975625380409,
                "MASE": 0.9977042218798587,
                "MAPE": 0.14794644713067423,
                "sMAPE": 0.13380742076280766,
                "MSIS": 39.90816888080726,
                "QuantileLoss[0.1]": 402206908.1468255,
                "Coverage[0.1]": 0.47981365740740745,
                "QuantileLoss[0.5]": 495343579.17184067,
                "Coverage[0.5]": 0.47981365740740745,
                "QuantileLoss[0.9]": 588480250.196856,
                "Coverage[0.9]": 0.47981365740740745,
                "RMSE": 1416.9047654518674,
                "NRMSE": 0.2944814521956718,
                "ND": 0.119154399019583,
                "wQuantileLoss[0.1]": 0.09675046662137558,
                "wQuantileLoss[0.5]": 0.11915439902211472,
                "wQuantileLoss[0.9]": 0.14155833142285387,
                "mean_absolute_QuantileLoss": 495343579.1718407,
                "mean_wQuantileLoss": 0.11915439902211473,
                "MAE_Coverage": 0.2733954475308642,
                "OWA": NaN
            }
        },
        "start": 1674717207.1020563,
        "end": 1674719985.3758569,
        "model": null,
        "data": null
    },
    "config": {
        "dataset": "m4_monthly_dataset",
        "model": "nbeats",
        "output_dir": "mnt_data/results",
        "epochs": 100,
        "datadir": "mnt_data/data",
        "cpu_monitor_interval": 0.05,
        "gpu_monitor_interval": 0.05,
        "seed": 42,
        "timestamp": "2023_01_26_08_13_26",
        "lag": 15,
        "train_logdir": "mnt_data/results/train_2023_01_26_08_04_31"
    },
    "validation_pyrapl": {
        "0": {
            "start_unix": 1674720807.063376,
            "end_unix": 1674723585.840665,
            "start_utc": "2023-01-26 08:13:27",
            "end_utc": "2023-01-26 08:59:45",
            "total_duration": 2778.7772891521454,
            "nr_measurements": 55475,
            "duration": {
                "min": 0.002083,
                "max": 0.052186,
                "mean": 0.050090655286164944,
                "std": 0.0002052793274784202
            },
            "package-0": {
                "min": 13.830532885261642,
                "max": 162.78476893901586,
                "mean": 86.57183323195183,
                "std": 6.160448248341219
            },
            "package-0.dram": {
                "min": 1.9677483260034074,
                "max": 7.90644652518517,
                "mean": 7.3035593196444815,
                "std": 0.10927382662646871
            },
            "total_power_draw": 240566.3251279983
        },
        "total": {
            "start_unix": 1674720807.063376,
            "end_unix": 1674723585.840665,
            "nr_measurements": 55475,
            "total_power_draw": 240566.3251279983,
            "start_utc": "2023-01-26 08:13:27",
            "end_utc": "2023-01-26 08:59:45",
            "total_duration": 2778.7772891521454
        }
    },
    "validation_pynvml": {
        "0": {
            "start_unix": 1674720807.061127,
            "end_unix": 1674723585.330179,
            "start_utc": "2023-01-26 08:13:27",
            "end_utc": "2023-01-26 08:59:45",
            "total_duration": 2778.269052028656,
            "nr_measurements": 55465,
            "temperature": {
                "min": 22,
                "max": 23,
                "mean": 22.00007211755161,
                "std": 0.008491899120212908
            },
            "util.gpu": {
                "min": 0,
                "max": 0,
                "mean": 0.0,
                "std": 0.0
            },
            "util.memory": {
                "min": 0,
                "max": 0,
                "mean": 0.0,
                "std": 0.0
            },
            "power_usage": {
                "min": 1.234,
                "max": 2.939,
                "mean": 1.951777156765528,
                "std": 0.18946720220025903
            },
            "memory.used": {
                "min": 16384000,
                "max": 16384000,
                "mean": 16384000.0,
                "std": 0.0
            },
            "memory.free": {
                "min": 16892231680,
                "max": 16892231680,
                "mean": 16892231680.0,
                "std": 0.0
            },
            "total_power_draw": 5422.507347194562
        },
        "total": {
            "start_unix": 1674720807.061127,
            "end_unix": 1674723585.330179,
            "nr_measurements": 55465,
            "total_power_draw": 5422.507347194562,
            "start_utc": "2023-01-26 08:13:27",
            "end_utc": "2023-01-26 08:59:45",
            "total_duration": 2778.269052028656
        }
    },
    "execution_platform": {
        "System": "Linux",
        "Node Name": "ls8ws022",
        "Release": "5.4.0-137-generic",
        "Version": "#154-Ubuntu SMP Thu Jan 5 17:03:22 UTC 2023",
        "Machine": "x86_64",
        "Processor": "Intel(R) Xeon(R) W-2155 CPU @ 3.30GHz"
    },
    "full_log": "mnt_data/results_merged/infer_2023_01_26_08_13_26.tar.gz"
}