{
    "directory_name": "infer_2023_02_27_16_37_05",
    "requirements": [
        "# 3.7.7 (default, Mar 23 2020, 22:36:06)",
        "# [GCC 7.3.0]",
        "wrapt==1.11.2",
        "typed-ast==1.4.0",
        "six==1.12.0",
        "setuptools==41.6.0",
        "pytz==2019.3",
        "python-dateutil==2.8.0",
        "pyparsing==2.4.2",
        "pylint==2.4.3",
        "numpy==1.17.3",
        "mccabe==0.6.1",
        "matplotlib==3.1.1",
        "lazy-object-proxy==1.4.3",
        "kiwisolver==1.1.0",
        "isort==4.3.21",
        "cycler==0.10.0",
        "astroid==2.3.2",
        "zipp==3.14.0",
        "wheel==0.37.1",
        "urllib3==1.26.14",
        "typing-extensions==4.4.0",
        "tqdm==4.64.1",
        "toolz==0.12.0",
        "rpy2==2.9.4",
        "requests==2.28.2",
        "pynvml==11.4.1",
        "pydantic==1.10.4",
        "pyarrow==8.0.0",
        "py-rapl==0.1",
        "py-cpuinfo==9.0.0",
        "psutil==5.9.4",
        "pip==22.3.1",
        "pandas==1.3.5",
        "orjson==3.8.5",
        "mxnet==1.9.1",
        "markupsafe==2.1.1",
        "jinja2==3.1.2",
        "importlib-metadata==6.0.0",
        "idna==3.4",
        "graphviz==0.8.4",
        "gluonts==0.11.8",
        "fuzzywuzzy==0.18.0",
        "codecarbon==2.1.4",
        "click==8.1.3",
        "charset-normalizer==3.0.1",
        "certifi==2022.12.7",
        "arrow==1.2.3"
    ],
    "validation_results": {
        "metrics": {
            "aggregated": {
                "MSE": 3839.115175667785,
                "abs_error": 222053.99235105515,
                "abs_target_sum": 999365.0,
                "abs_target_mean": 101.25278622087131,
                "seasonal_error": 17.508975732203705,
                "MASE": Infinity,
                "MAPE": 0.8759146201211994,
                "sMAPE": 0.3242105696580572,
                "MSIS": Infinity,
                "QuantileLoss[0.1]": 125793.86028541328,
                "Coverage[0.1]": 0.07750759878419453,
                "QuantileLoss[0.5]": 222053.99441337585,
                "Coverage[0.5]": 0.3430597771023303,
                "QuantileLoss[0.9]": 157344.3462139487,
                "Coverage[0.9]": 0.7886524822695035,
                "RMSE": 61.96059373236981,
                "NRMSE": 0.6119396418110401,
                "ND": 0.22219508623081172,
                "wQuantileLoss[0.1]": 0.12587379014215355,
                "wQuantileLoss[0.5]": 0.22219508829444282,
                "wQuantileLoss[0.9]": 0.15744432335928185,
                "mean_absolute_QuantileLoss": 168397.40030424597,
                "mean_wQuantileLoss": 0.16850440059862606,
                "MAE_Coverage": 0.09692671394799057,
                "OWA": NaN
            }
        },
        "start": 1677512226.0297072,
        "end": 1677512229.1671934,
        "model": null,
        "data": null
    },
    "validation_psutil": {
        "3112587": {
            "start_unix": 1677515825.981254,
            "end_unix": 1677515829.187843,
            "start_utc": "2023-02-27 16:37:05",
            "end_utc": "2023-02-27 16:37:09",
            "total_duration": 3.2065889835357666,
            "nr_measurements": 65,
            "cpu_num": {
                "min": 2,
                "max": 19,
                "mean": 11.23076923076923,
                "std": 6.562760279425655
            },
            "cpu_percent": {
                "min": 0.0,
                "max": 1155.9,
                "mean": 837.6184615384615,
                "std": 408.2208918983061
            },
            "mem_rss": {
                "min": 360820736,
                "max": 425046016,
                "mean": 404222960.24615383,
                "std": 16224370.982079618
            },
            "mem_vms": {
                "min": 5655760896,
                "max": 5769887744,
                "mean": 5733140007.384615,
                "std": 26401659.49369472
            },
            "mem_shared": {
                "min": 134684672,
                "max": 135282688,
                "mean": 135020228.92307693,
                "std": 81374.06728328658
            },
            "mem_text": {
                "min": 2330624,
                "max": 2330624,
                "mean": 2330624.0,
                "std": 0.0
            },
            "mem_lib": {
                "min": 0,
                "max": 0,
                "mean": 0.0,
                "std": 0.0
            },
            "mem_data": {
                "min": 3705851904,
                "max": 3871621120,
                "mean": 3842184113.230769,
                "std": 31901007.687096007
            },
            "mem_uss": {
                "min": 120012800,
                "max": 211824640,
                "mean": 176934533.9076923,
                "std": 30404207.393569548
            },
            "mem_pss": {
                "min": 134652928,
                "max": 265805824,
                "mean": 226644125.53846154,
                "std": 40671139.62076232
            },
            "total_power_draw": -1
        },
        "total": {
            "start_unix": 1677515825.981254,
            "end_unix": 1677515829.187843,
            "nr_measurements": 65,
            "total_power_draw": -1,
            "start_utc": "2023-02-27 16:37:05",
            "end_utc": "2023-02-27 16:37:09",
            "total_duration": 3.2065889835357666
        }
    },
    "execution_platform": {
        "System": "Linux",
        "Node Name": "ls8ws022",
        "Release": "5.4.0-137-generic",
        "Version": "#154-Ubuntu SMP Thu Jan 5 17:03:22 UTC 2023",
        "Machine": "x86_64",
        "Processor": "Intel(R) Xeon(R) W-2155 CPU @ 3.30GHz",
        "Physical cores": 10,
        "Total cores": 20,
        "Max Frequency": 4500.0,
        "Min Frequency": 1200.0,
        "Current Frequency": 1200.9198,
        "Total": 67103240192,
        "Available": 64004268032,
        "Used": 2356695040
    },
    "config": {
        "dataset": "vehicle_trips_dataset_without_missing_values",
        "model": "deepar",
        "output_dir": "mnt_data/results",
        "epochs": 100,
        "datadir": "mnt_data/data",
        "cpu_monitor_interval": 0.05,
        "gpu_monitor_interval": 0.05,
        "seed": 42,
        "timestamp": "2023_02_27_16_37_05",
        "lag": 9,
        "external_forecast_horizon": 30,
        "integer_conversion": true,
        "train_logdir": "mnt_data/results/train_2023_02_27_16_32_17"
    },
    "validation_pynvml": {
        "0": {
            "start_unix": 1677515825.99048,
            "end_unix": 1677515829.143026,
            "start_utc": "2023-02-27 16:37:05",
            "end_utc": "2023-02-27 16:37:09",
            "total_duration": 3.1525461673736572,
            "nr_measurements": 64,
            "temperature": {
                "min": 27,
                "max": 27,
                "mean": 27.0,
                "std": 0.0
            },
            "util.gpu": {
                "min": 0,
                "max": 0,
                "mean": 0.0,
                "std": 0.0
            },
            "util.memory": {
                "min": 0,
                "max": 0,
                "mean": 0.0,
                "std": 0.0
            },
            "power_usage": {
                "min": 0.995,
                "max": 2.001,
                "mean": 1.4835625,
                "std": 0.21728911292043598
            },
            "memory.used": {
                "min": 16384000,
                "max": 16384000,
                "mean": 16384000.0,
                "std": 0.0
            },
            "memory.free": {
                "min": 16892231680,
                "max": 16892231680,
                "mean": 16892231680.0,
                "std": 0.0
            },
            "total_power_draw": 4.703761414062498
        },
        "total": {
            "start_unix": 1677515825.99048,
            "end_unix": 1677515829.143026,
            "nr_measurements": 64,