{
    "directory_name": "infer_2023_01_27_00_44_51",
    "validation_results": {
        "metrics": {
            "aggregated": {
                "MSE": 2791.7927180838965,
                "abs_error": 166828.03416252136,
                "abs_target_sum": 2535375.0,
                "abs_target_mean": 275.46447196870923,
                "seasonal_error": 27.851129943502823,
                "MASE": 0.7808687084539303,
                "MAPE": 0.1859237407631638,
                "sMAPE": 0.17950620198835243,
                "MSIS": 31.234748335487634,
                "QuantileLoss[0.1]": 166521.44041233064,
                "Coverage[0.1]": 0.4453498478922208,
                "QuantileLoss[0.5]": 166828.03425693512,
                "Coverage[0.5]": 0.4453498478922208,
                "QuantileLoss[0.9]": 167134.62810153962,
                "Coverage[0.9]": 0.4453498478922208,
                "RMSE": 52.83741778402779,
                "NRMSE": 0.19181209615311023,
                "ND": 0.06580014166051229,
                "wQuantileLoss[0.1]": 0.06567921526887764,
                "wQuantileLoss[0.5]": 0.06580014169775088,
                "wQuantileLoss[0.9]": 0.06592106812662411,
                "mean_absolute_QuantileLoss": 166828.03425693515,
                "mean_wQuantileLoss": 0.06580014169775088,
                "MAE_Coverage": 0.2848833840359264,
                "OWA": NaN
            }
        },
        "start": 1674776691.717988,
        "end": 1674776736.354655,
        "model": null,
        "data": null
    },
    "requirements": [
        "# 3.7.7 (default, Mar 23 2020, 22:36:06)",
        "# [GCC 7.3.0]",
        "wrapt==1.11.2",
        "typed-ast==1.4.0",
        "six==1.12.0",
        "setuptools==41.6.0",
        "pytz==2019.3",
        "python-dateutil==2.8.0",
        "pyparsing==2.4.2",
        "pylint==2.4.3",
        "numpy==1.17.3",
        "mccabe==0.6.1",
        "matplotlib==3.1.1",
        "lazy-object-proxy==1.4.3",
        "kiwisolver==1.1.0",
        "isort==4.3.21",
        "cycler==0.10.0",
        "astroid==2.3.2",
        "wheel==0.37.1",
        "urllib3==1.26.14",
        "typing-extensions==4.4.0",
        "tqdm==4.64.1",
        "toolz==0.12.0",
        "rpy2==2.9.4",
        "requests==2.28.2",
        "pynvml==11.4.1",
        "pydantic==1.10.4",
        "pyarrow==8.0.0",
        "py-rapl==0.1",
        "pip==22.3.1",
        "pandas==1.3.5",
        "orjson==3.8.5",
        "mxnet==1.9.1",
        "markupsafe==2.1.1",
        "jinja2==3.1.2",
        "idna==3.4",
        "graphviz==0.8.4",
        "gluonts==0.11.8",
        "charset-normalizer==3.0.1",
        "certifi==2022.12.7"
    ],
    "validation_pynvml": {
        "0": {
            "start_unix": 1674780291.674367,
            "end_unix": 1674780336.352917,
            "start_utc": "2023-01-27 00:44:51",
            "end_utc": "2023-01-27 00:45:36",
            "total_duration": 44.678550004959106,
            "nr_measurements": 893,
            "temperature": {
                "min": 22,
                "max": 22,
                "mean": 22.0,
                "std": 0.0
            },
            "util.gpu": {
                "min": 0,
                "max": 0,
                "mean": 0.0,
                "std": 0.0
            },
            "util.memory": {
                "min": 0,
                "max": 0,
                "mean": 0.0,
                "std": 0.0
            },
            "power_usage": {
                "min": 1.088,
                "max": 2.407,
                "mean": 1.7839070548712206,
                "std": 0.16881987221870498
            },
            "memory.used": {
                "min": 16384000,
                "max": 16384000,
                "mean": 16384000.0,
                "std": 0.0
            },
            "memory.free": {
                "min": 16892231680,
                "max": 16892231680,
                "mean": 16892231680.0,
                "std": 0.0
            },
            "total_power_draw": 79.73346671484363
        },
        "total": {
            "start_unix": 1674780291.674367,
            "end_unix": 1674780336.352917,
            "nr_measurements": 893,
            "total_power_draw": 79.73346671484363,
            "start_utc": "2023-01-27 00:44:51",
            "end_utc": "2023-01-27 00:45:36",
            "total_duration": 44.678550004959106
        }
    },
    "validation_pyrapl": {
        "0": {
            "start_unix": 1674780291.678775,
            "end_unix": 1674780336.415138,
            "start_utc": "2023-01-27 00:44:51",
            "end_utc": "2023-01-27 00:45:36",
            "total_duration": 44.73636293411255,
            "nr_measurements": 894,
            "duration": {
                "min": 0.002098,
                "max": 0.050493,
                "mean": 0.05004298545861297,
                "std": 0.0016047615874593235
            },
            "package-0": {
                "min": 10.240228789323165,
                "max": 158.1977721438125,
                "mean": 84.78563809254692,
                "std": 7.780478158866637
            },
            "package-0.dram": {
                "min": 3.033365109628217,
                "max": 7.574257425742574,
                "mean": 7.2597835572893725,
                "std": 0.27942229179969486
            },
            "total_power_draw": 3796.626145
        },
        "total": {
            "start_unix": 1674780291.678775,
            "end_unix": 1674780336.415138,
            "nr_measurements": 894,
            "total_power_draw": 3796.626145,
            "start_utc": "2023-01-27 00:44:51",
            "end_utc": "2023-01-27 00:45:36",
            "total_duration": 44.73636293411255
        }
    },
    "execution_platform": {
        "System": "Linux",
        "Node Name": "ls8ws022",
        "Release": "5.4.0-137-generic",
        "Version": "#154-Ubuntu SMP Thu Jan 5 17:03:22 UTC 2023",
        "Machine": "x86_64",
        "Processor": "Intel(R) Xeon(R) W-2155 CPU @ 3.30GHz"
    },
    "config": {
        "dataset": "hospital_dataset",
        "model": "nbeats",
        "output_dir": "mnt_data/results",
        "epochs": 100,
        "datadir": "mnt_data/data",
        "cpu_monitor_interval": 0.05,
        "gpu_monitor_interval": 0.05,
        "seed": 42,
        "timestamp": "2023_01_27_00_44_51",
        "lag": 15,
        "external_forecast_horizon": 12,
        "integer_conversion": true,
        "train_logdir": "mnt_data/results/train_2023_01_27_00_36_18"
    },
    "full_log": "mnt_data/results_merged/infer_2023_01_27_00_44_51.tar.gz"
}