{
    "directory_name": "infer_2023_01_27_02_42_53",
    "validation_results": {
        "metrics": {
            "aggregated": {
                "MSE": 207608666248.15952,
                "abs_error": 136375764.6048584,
                "abs_target_sum": 937103942.0,
                "abs_target_mean": 364915.8652647975,
                "seasonal_error": 21013.657850679214,
                "MASE": 2.2037482679216502,
                "MAPE": 0.12786521883681418,
                "sMAPE": 0.11659997398747463,
                "MSIS": 18.716839053814308,
                "QuantileLoss[0.1]": 132068361.69826527,
                "Coverage[0.1]": 0.42562305295950154,
                "QuantileLoss[0.5]": 136375762.60777378,
                "Coverage[0.5]": 0.6919781931464174,
                "QuantileLoss[0.9]": 42329222.45522269,
                "Coverage[0.9]": 0.8851246105919003,
                "RMSE": 455640.94004836696,
                "NRMSE": 1.248619156960292,
                "ND": 0.14552896268241117,
                "wQuantileLoss[0.1]": 0.1409324577339845,
                "wQuantileLoss[0.5]": 0.14552896055128725,
                "wQuantileLoss[0.9]": 0.04517025332844314,
                "mean_absolute_QuantileLoss": 103591115.58708723,
                "mean_wQuantileLoss": 0.11054389053790496,
                "MAE_Coverage": 0.17749221183800623,
                "OWA": NaN
            }
        },
        "start": 1674783773.78027,
        "end": 1674783779.6473656,
        "model": null,
        "data": null
    },
    "execution_platform": {
        "System": "Linux",
        "Node Name": "ls8ws022",
        "Release": "5.4.0-137-generic",
        "Version": "#154-Ubuntu SMP Thu Jan 5 17:03:22 UTC 2023",
        "Machine": "x86_64",
        "Processor": "Intel(R) Xeon(R) W-2155 CPU @ 3.30GHz"
    },
    "requirements": [
        "# 3.7.7 (default, Mar 23 2020, 22:36:06)",
        "# [GCC 7.3.0]",
        "wrapt==1.11.2",
        "typed-ast==1.4.0",
        "six==1.12.0",
        "setuptools==41.6.0",
        "pytz==2019.3",
        "python-dateutil==2.8.0",
        "pyparsing==2.4.2",
        "pylint==2.4.3",
        "numpy==1.17.3",
        "mccabe==0.6.1",
        "matplotlib==3.1.1",
        "lazy-object-proxy==1.4.3",
        "kiwisolver==1.1.0",
        "isort==4.3.21",
        "cycler==0.10.0",
        "astroid==2.3.2",
        "wheel==0.37.1",
        "urllib3==1.26.14",
        "typing-extensions==4.4.0",
        "tqdm==4.64.1",
        "toolz==0.12.0",
        "rpy2==2.9.4",
        "requests==2.28.2",
        "pynvml==11.4.1",
        "pydantic==1.10.4",
        "pyarrow==8.0.0",
        "py-rapl==0.1",
        "pip==22.3.1",
        "pandas==1.3.5",
        "orjson==3.8.5",
        "mxnet==1.9.1",
        "markupsafe==2.1.1",
        "jinja2==3.1.2",
        "idna==3.4",
        "graphviz==0.8.4",
        "gluonts==0.11.8",
        "charset-normalizer==3.0.1",
        "certifi==2022.12.7"
    ],
    "validation_pyrapl": {
        "0": {
            "start_unix": 1674787373.741106,
            "end_unix": 1674787379.657135,
            "start_utc": "2023-01-27 02:42:53",
            "end_utc": "2023-01-27 02:42:59",
            "total_duration": 5.91602897644043,
            "nr_measurements": 119,
            "duration": {
                "min": 0.002181,
                "max": 0.050494,
                "mean": 0.04973263025210085,
                "std": 0.004378388303039608
            },
            "package-0": {
                "min": 15.357270170713353,
                "max": 131.37141374009224,
                "mean": 104.83335549697122,
                "std": 21.750714350372505
            },
            "package-0.dram": {
                "min": 2.5955983493810177,
                "max": 10.214446817428795,
                "mean": 9.018079988119386,
                "std": 1.2324881487461747
            },
            "total_power_draw": 624.3668100000002
        },
        "total": {
            "start_unix": 1674787373.741106,
            "end_unix": 1674787379.657135,
            "nr_measurements": 119,
            "total_power_draw": 624.3668100000002,
            "start_utc": "2023-01-27 02:42:53",
            "end_utc": "2023-01-27 02:42:59",
            "total_duration": 5.91602897644043
        }
    },
    "validation_pynvml": {
        "0": {
            "start_unix": 1674787373.748122,
            "end_unix": 1674787379.60706,
            "start_utc": "2023-01-27 02:42:53",
            "end_utc": "2023-01-27 02:42:59",
            "total_duration": 5.858937978744507,
            "nr_measurements": 118,
            "temperature": {
                "min": 22,
                "max": 22,
                "mean": 22.0,
                "std": 0.0
            },
            "util.gpu": {
                "min": 0,
                "max": 0,
                "mean": 0.0,
                "std": 0.0
            },
            "util.memory": {
                "min": 0,
                "max": 0,
                "mean": 0.0,
                "std": 0.0
            },
            "power_usage": {
                "min": 1.385,
                "max": 2.156,
                "mean": 1.6657966101694914,
                "std": 0.14446409203263674
            },
            "memory.used": {
                "min": 16384000,
                "max": 16384000,
                "mean": 16384000.0,
                "std": 0.0
            },
            "memory.free": {
                "min": 16892231680,
                "max": 16892231680,
                "mean": 16892231680.0,
                "std": 0.0
            },
            "total_power_draw": 9.775204754882807
        },
        "total": {
            "start_unix": 1674787373.748122,
            "end_unix": 1674787379.60706,
            "nr_measurements": 118,
            "total_power_draw": 9.775204754882807,
            "start_utc": "2023-01-27 02:42:53",
            "end_utc": "2023-01-27 02:42:59",
            "total_duration": 5.858937978744507
        }
    },
    "config": {
        "dataset": "electricity_weekly_dataset",
        "model": "wavenet",
        "output_dir": "mnt_data/results",
        "epochs": 100,
        "datadir": "mnt_data/data",
        "cpu_monitor_interval": 0.05,
        "gpu_monitor_interval": 0.05,
        "seed": 42,
        "timestamp": "2023_01_27_02_42_53",
        "lag": 65,
        "external_forecast_horizon": 8,
        "integer_conversion": true,
        "train_logdir": "mnt_data/results/train_2023_01_27_02_39_57"
    },
    "full_log": "mnt_data/results_merged/infer_2023_01_27_02_42_53.tar.gz"
}