{
    "directory_name": "infer_2023_01_24_21_19_01",
    "validation_results": {
        "metrics": {
            "aggregated": {
                "MSE": 2549320.549390847,
                "abs_error": 3702123.578063965,
                "abs_target_sum": 23839186.717773438,
                "abs_target_mean": 6159.9965679001125,
                "seasonal_error": 409.424153130374,
                "MASE": 3.0387659961613105,
                "MAPE": 0.21438128242813034,
                "sMAPE": 0.1607076101736659,
                "MSIS": 25.85353748946566,
                "QuantileLoss[0.1]": 1847509.10289917,
                "Coverage[0.1]": 0.1338501291989664,
                "QuantileLoss[0.5]": 3702123.5809936523,
                "Coverage[0.5]": 0.6149870801033591,
                "QuantileLoss[0.9]": 1965177.3061401364,
                "Coverage[0.9]": 0.8966408268733849,
                "RMSE": 1596.6591838557304,
                "NRMSE": 0.259198063871652,
                "ND": 0.155295716330114,
                "wQuantileLoss[0.1]": 0.07749883101178738,
                "wQuantileLoss[0.5]": 0.15529571645300774,
                "wQuantileLoss[0.9]": 0.08243474617676398,
                "mean_absolute_QuantileLoss": 2504936.6633443194,
                "mean_wQuantileLoss": 0.10507643121385303,
                "MAE_Coverage": 0.05073212747631356,
                "OWA": NaN
            }
        },
        "start": 1674591541.4086943,
        "end": 1674591543.6466558,
        "model": null,
        "data": null
    },
    "config": {
        "dataset": "m3_yearly_dataset",
        "model": "transformer",
        "output_dir": "mnt_data/results",
        "epochs": 100,
        "datadir": "mnt_data/data",
        "cpu_monitor_interval": 0.05,
        "gpu_monitor_interval": 0.05,
        "seed": 42,
        "timestamp": "2023_01_24_21_19_01",
        "lag": 2,
        "train_logdir": "mnt_data/results/train_2023_01_24_21_17_59"
    },
    "requirements": [
        "# 3.7.7 (default, Mar 23 2020, 22:36:06)",
        "# [GCC 7.3.0]",
        "wrapt==1.11.2",
        "typed-ast==1.4.0",
        "six==1.12.0",
        "setuptools==41.6.0",
        "pytz==2019.3",
        "python-dateutil==2.8.0",
        "pyparsing==2.4.2",
        "pylint==2.4.3",
        "numpy==1.17.3",
        "mccabe==0.6.1",
        "matplotlib==3.1.1",
        "lazy-object-proxy==1.4.3",
        "kiwisolver==1.1.0",
        "isort==4.3.21",
        "cycler==0.10.0",
        "astroid==2.3.2",
        "wheel==0.37.1",
        "urllib3==1.26.14",
        "typing-extensions==4.4.0",
        "tqdm==4.64.1",
        "toolz==0.12.0",
        "rpy2==2.9.4",
        "requests==2.28.2",
        "pynvml==11.4.1",
        "pydantic==1.10.4",
        "pyarrow==8.0.0",
        "py-rapl==0.1",
        "pip==22.3.1",
        "pandas==1.3.5",
        "orjson==3.8.5",
        "mxnet==1.9.1",
        "markupsafe==2.1.1",
        "jinja2==3.1.2",
        "idna==3.4",
        "graphviz==0.8.4",
        "gluonts==0.11.8",
        "charset-normalizer==3.0.1",
        "certifi==2022.12.7"
    ],
    "execution_platform": {
        "System": "Linux",
        "Node Name": "ls8ws022",
        "Release": "5.4.0-137-generic",
        "Version": "#154-Ubuntu SMP Thu Jan 5 17:03:22 UTC 2023",
        "Machine": "x86_64",
        "Processor": "Intel(R) Xeon(R) W-2155 CPU @ 3.30GHz"
    },
    "validation_pynvml": {
        "0": {
            "start_unix": 1674595141.377299,
            "end_unix": 1674595143.626891,
            "start_utc": "2023-01-24 21:19:01",
            "end_utc": "2023-01-24 21:19:03",
            "total_duration": 2.249591827392578,
            "nr_measurements": 46,
            "temperature": {
                "min": 22,
                "max": 22,
                "mean": 22.0,
                "std": 0.0
            },
            "util.gpu": {
                "min": 0,
                "max": 0,
                "mean": 0.0,
                "std": 0.0
            },
            "util.memory": {
                "min": 0,
                "max": 0,
                "mean": 0.0,
                "std": 0.0
            },
            "power_usage": {
                "min": 1.196,
                "max": 1.773,
                "mean": 1.5734782608695648,
                "std": 0.13633745524001556
            },
            "memory.used": {
                "min": 16384000,
                "max": 16384000,
                "mean": 16384000.0,
                "std": 0.0
            },
            "memory.free": {
                "min": 16892231680,
                "max": 16892231680,
                "mean": 16892231680.0,
                "std": 0.0
            },
            "total_power_draw": 3.559631004394532
        },
        "total": {
            "start_unix": 1674595141.377299,
            "end_unix": 1674595143.626891,
            "nr_measurements": 46,
            "total_power_draw": 3.559631004394532,
            "start_utc": "2023-01-24 21:19:01",
            "end_utc": "2023-01-24 21:19:03",
            "total_duration": 2.249591827392578
        }
    },
    "validation_pyrapl": {
        "0": {
            "start_unix": 1674595141.369633,
            "end_unix": 1674595143.676062,
            "start_utc": "2023-01-24 21:19:01",
            "end_utc": "2023-01-24 21:19:03",
            "total_duration": 2.306429147720337,
            "nr_measurements": 47,
            "duration": {
                "min": 0.002081,
                "max": 0.050482,
                "mean": 0.049114851063829776,
                "std": 0.006935774484599559
            },
            "package-0": {
                "min": 10.441134070158578,
                "max": 159.4366503643078,
                "mean": 78.93358349195208,
                "std": 30.42563122768682
            },
            "package-0.dram": {
                "min": 2.7347429120615088,
                "max": 7.54438827502148,
                "mean": 6.600839984356097,
                "std": 0.9165727406535105
            },
            "total_power_draw": 185.4037
        },
        "total": {
            "start_unix": 1674595141.369633,
            "end_unix": 1674595143.676062,
            "nr_measurements": 47,
            "total_power_draw": 185.4037,
            "start_utc": "2023-01-24 21:19:01",
            "end_utc": "2023-01-24 21:19:03",
            "total_duration": 2.306429147720337
        }
    },
    "full_log": "mnt_data/results_merged/infer_2023_01_24_21_19_01.tar.gz"
}