{
    "directory_name": "infer_2023_01_26_23_07_08",
    "config": {
        "dataset": "m4_hourly_dataset",
        "model": "transformer",
        "output_dir": "mnt_data/results",
        "epochs": 100,
        "datadir": "mnt_data/data",
        "cpu_monitor_interval": 0.05,
        "gpu_monitor_interval": 0.05,
        "seed": 42,
        "timestamp": "2023_01_26_23_07_08",
        "lag": 210,
        "train_logdir": "mnt_data/results/train_2023_01_26_22_56_28"
    },
    "validation_results": {
        "metrics": {
            "aggregated": {
                "MSE": 4646748.065013711,
                "abs_error": 7387577.693973541,
                "abs_target_sum": 145558863.59960938,
                "abs_target_mean": 7324.822041043146,
                "seasonal_error": 336.9046924038305,
                "MASE": 5.007218475466186,
                "MAPE": 0.15345292335643093,
                "sMAPE": 0.13559567497596264,
                "MSIS": 57.93163439334801,
                "QuantileLoss[0.1]": 3896411.976385307,
                "Coverage[0.1]": 0.4507850241545894,
                "QuantileLoss[0.5]": 7387577.647148609,
                "Coverage[0.5]": 0.7095913848631241,
                "QuantileLoss[0.9]": 3537614.692146682,
                "Coverage[0.9]": 0.8885366344605474,
                "RMSE": 2155.63170903884,
                "NRMSE": 0.29429134209134333,
                "ND": 0.05075319710034729,
                "wQuantileLoss[0.1]": 0.026768634214562277,
                "wQuantileLoss[0.5]": 0.0507531967786566,
                "wQuantileLoss[0.9]": 0.024303670725800967,
                "mean_absolute_QuantileLoss": 4940534.771893532,
                "mean_wQuantileLoss": 0.03394183390633995,
                "MAE_Coverage": 0.19061325818572203,
                "OWA": NaN
            }
        },
        "start": 1674770828.3438807,
        "end": 1674770906.6212819,
        "model": null,
        "data": null
    },
    "requirements": [
        "# 3.7.7 (default, Mar 23 2020, 22:36:06)",
        "# [GCC 7.3.0]",
        "wrapt==1.11.2",
        "typed-ast==1.4.0",
        "six==1.12.0",
        "setuptools==41.6.0",
        "pytz==2019.3",
        "python-dateutil==2.8.0",
        "pyparsing==2.4.2",
        "pylint==2.4.3",
        "numpy==1.17.3",
        "mccabe==0.6.1",
        "matplotlib==3.1.1",
        "lazy-object-proxy==1.4.3",
        "kiwisolver==1.1.0",
        "isort==4.3.21",
        "cycler==0.10.0",
        "astroid==2.3.2",
        "wheel==0.37.1",
        "urllib3==1.26.14",
        "typing-extensions==4.4.0",
        "tqdm==4.64.1",
        "toolz==0.12.0",
        "rpy2==2.9.4",
        "requests==2.28.2",
        "pynvml==11.4.1",
        "pydantic==1.10.4",
        "pyarrow==8.0.0",
        "py-rapl==0.1",
        "pip==22.3.1",
        "pandas==1.3.5",
        "orjson==3.8.5",
        "mxnet==1.9.1",
        "markupsafe==2.1.1",
        "jinja2==3.1.2",
        "idna==3.4",
        "graphviz==0.8.4",
        "gluonts==0.11.8",
        "charset-normalizer==3.0.1",
        "certifi==2022.12.7"
    ],
    "validation_pyrapl": {
        "0": {
            "start_unix": 1674774428.304828,
            "end_unix": 1674774506.654864,
            "start_utc": "2023-01-26 23:07:08",
            "end_utc": "2023-01-26 23:08:26",
            "total_duration": 78.35003614425659,
            "nr_measurements": 1563,
            "duration": {
                "min": 0.002117,
                "max": 0.05059,
                "mean": 0.050129283429302625,
                "std": 0.0012205420167865615
            },
            "package-0": {
                "min": 11.676428908833255,
                "max": 141.3272306187234,
                "mean": 90.92913903423471,
                "std": 14.688676871422503
            },
            "package-0.dram": {
                "min": 2.44307982994804,
                "max": 10.820024741609801,
                "mean": 9.260753205640498,
                "std": 0.921035278758032
            },
            "total_power_draw": 7127.655580999984
        },
        "total": {
            "start_unix": 1674774428.304828,
            "end_unix": 1674774506.654864,
            "nr_measurements": 1563,
            "total_power_draw": 7127.655580999984,
            "start_utc": "2023-01-26 23:07:08",
            "end_utc": "2023-01-26 23:08:26",
            "total_duration": 78.35003614425659
        }
    },
    "validation_pynvml": {
        "0": {
            "start_unix": 1674774428.311613,
            "end_unix": 1674774506.605378,
            "start_utc": "2023-01-26 23:07:08",
            "end_utc": "2023-01-26 23:08:26",
            "total_duration": 78.29376482963562,
            "nr_measurements": 1562,
            "temperature": {
                "min": 22,
                "max": 22,
                "mean": 22.0,
                "std": 0.0
            },
            "util.gpu": {
                "min": 0,
                "max": 0,
                "mean": 0.0,
                "std": 0.0
            },
            "util.memory": {
                "min": 0,
                "max": 0,
                "mean": 0.0,
                "std": 0.0
            },
            "power_usage": {
                "min": 1.006,
                "max": 2.051,
                "mean": 1.2883213828425095,
                "std": 0.1487197363005639
            },
            "memory.used": {
                "min": 16384000,
                "max": 16384000,
                "mean": 16384000.0,
                "std": 0.0
            },
            "memory.free": {
                "min": 16892231680,
                "max": 16892231680,
                "mean": 16892231680.0,
                "std": 0.0
            },
            "total_power_draw": 100.8753854387207
        },
        "total": {
            "start_unix": 1674774428.311613,
            "end_unix": 1674774506.605378,
            "nr_measurements": 1562,
            "total_power_draw": 100.8753854387207,
            "start_utc": "2023-01-26 23:07:08",
            "end_utc": "2023-01-26 23:08:26",
            "total_duration": 78.29376482963562
        }
    },
    "execution_platform": {
        "System": "Linux",
        "Node Name": "ls8ws022",
        "Release": "5.4.0-137-generic",
        "Version": "#154-Ubuntu SMP Thu Jan 5 17:03:22 UTC 2023",
        "Machine": "x86_64",
        "Processor": "Intel(R) Xeon(R) W-2155 CPU @ 3.30GHz"
    },
    "full_log": "mnt_data/results_merged/infer_2023_01_26_23_07_08.tar.gz"
}