{
    "directory_name": "infer_2023_02_21_09_22_04",
    "validation_results": {
        "metrics": {
            "aggregated": {
                "MSE": 18270.111856736254,
                "abs_error": 1625642.9679398537,
                "abs_target_sum": 3009513.9955444336,
                "abs_target_mean": 66.34731030741696,
                "seasonal_error": 21.656788806615936,
                "MASE": 1.151492694713159,
                "MAPE": 0.7395911438931798,
                "sMAPE": 0.4731348248911492,
                "MSIS": 14.073879302922446,
                "QuantileLoss[0.1]": 492335.6195220203,
                "Coverage[0.1]": 0.09023368606701941,
                "QuantileLoss[0.5]": 1625642.9702782556,
                "Coverage[0.5]": 0.4410934744268078,
                "QuantileLoss[0.9]": 1465200.2486744002,
                "Coverage[0.9]": 0.8665564373897708,
                "RMSE": 135.16697768588398,
                "NRMSE": 2.0372638628392696,
                "ND": 0.5401679375296502,
                "wQuantileLoss[0.1]": 0.1635930652759615,
                "wQuantileLoss[0.5]": 0.5401679383066534,
                "wQuantileLoss[0.9]": 0.4868561006340625,
                "mean_absolute_QuantileLoss": 1194392.9461582254,
                "mean_wQuantileLoss": 0.39687236807222587,
                "MAE_Coverage": 0.034038800705467324,
                "OWA": NaN
            }
        },
        "start": 1676967724.4551134,
        "end": 1676967983.4245555,
        "model": null,
        "data": null
    },
    "requirements": [
        "# 3.7.7 (default, Mar 23 2020, 22:36:06)",
        "# [GCC 7.3.0]",
        "wrapt==1.11.2",
        "typed-ast==1.4.0",
        "six==1.12.0",
        "setuptools==41.6.0",
        "pytz==2019.3",
        "python-dateutil==2.8.0",
        "pyparsing==2.4.2",
        "pylint==2.4.3",
        "numpy==1.17.3",
        "mccabe==0.6.1",
        "matplotlib==3.1.1",
        "lazy-object-proxy==1.4.3",
        "kiwisolver==1.1.0",
        "isort==4.3.21",
        "cycler==0.10.0",
        "astroid==2.3.2",
        "wheel==0.37.1",
        "urllib3==1.26.14",
        "typing-extensions==4.4.0",
        "tqdm==4.64.1",
        "toolz==0.12.0",
        "rpy2==2.9.4",
        "requests==2.28.2",
        "pynvml==11.4.1",
        "pydantic==1.10.4",
        "pyarrow==8.0.0",
        "py-rapl==0.1",
        "pip==22.3.1",
        "pandas==1.3.5",
        "orjson==3.8.5",
        "mxnet==1.9.1",
        "markupsafe==2.1.1",
        "jinja2==3.1.2",
        "idna==3.4",
        "graphviz==0.8.4",
        "gluonts==0.11.8",
        "charset-normalizer==3.0.1",
        "certifi==2022.12.7"
    ],
    "execution_platform": {
        "System": "Linux",
        "Node Name": "ls8ws022",
        "Release": "5.4.0-137-generic",
        "Version": "#154-Ubuntu SMP Thu Jan 5 17:03:22 UTC 2023",
        "Machine": "x86_64",
        "Processor": "Intel(R) Xeon(R) W-2155 CPU @ 3.30GHz"
    },
    "config": {
        "dataset": "kdd_cup_2018_dataset_without_missing_values",
        "model": "wavenet",
        "output_dir": "mnt_data/results",
        "epochs": 100,
        "datadir": "mnt_data/data",
        "cpu_monitor_interval": 0.05,
        "gpu_monitor_interval": 0.05,
        "seed": 42,
        "timestamp": "2023_02_21_09_22_04",
        "lag": 210,
        "external_forecast_horizon": 168,
        "train_logdir": "mnt_data/results/train_2023_02_21_08_52_26"
    },
    "validation_pyrapl": {
        "0": {
            "start_unix": 1676971324.415522,
            "end_unix": 1676971583.495539,
            "start_utc": "2023-02-21 09:22:04",
            "end_utc": "2023-02-21 09:26:23",
            "total_duration": 259.08001685142517,
            "nr_measurements": 5170,
            "duration": {
                "min": 0.001869,
                "max": 0.051816,
                "mean": 0.050112530947775624,
                "std": 0.0006736470072930519
            },
            "package-0": {
                "min": 16.773792064687463,
                "max": 132.83422012315415,
                "mean": 114.46744628421389,
                "std": 7.464285977342456
            },
            "package-0.dram": {
                "min": 3.2190138332870903,
                "max": 10.997565161856864,
                "mean": 9.369663391781389,
                "std": 0.6795615418042933
            },
            "total_power_draw": 29660.49603000005
        },
        "total": {
            "start_unix": 1676971324.415522,
            "end_unix": 1676971583.495539,
            "nr_measurements": 5170,
            "total_power_draw": 29660.49603000005,
            "start_utc": "2023-02-21 09:22:04",
            "end_utc": "2023-02-21 09:26:23",
            "total_duration": 259.08001685142517
        }
    },
    "validation_pynvml": {
        "0": {
            "start_unix": 1676971324.413617,
            "end_unix": 1676971583.395195,
            "start_utc": "2023-02-21 09:22:04",
            "end_utc": "2023-02-21 09:26:23",
            "total_duration": 258.98157811164856,
            "nr_measurements": 5168,
            "temperature": {
                "min": 26,
                "max": 26,
                "mean": 26.0,
                "std": 0.0
            },
            "util.gpu": {
                "min": 0,
                "max": 0,
                "mean": 0.0,
                "std": 0.0
            },
            "util.memory": {
                "min": 0,
                "max": 0,
                "mean": 0.0,
                "std": 0.0
            },
            "power_usage": {
                "min": 1.348,
                "max": 2.413,
                "mean": 1.80450386996904,
                "std": 0.16790949547072634
            },
            "memory.used": {
                "min": 16384000,
                "max": 16384000,
                "mean": 16384000.0,
                "std": 0.0
            },
            "memory.free": {
                "min": 16892231680,
                "max": 16892231680,
                "mean": 16892231680.0,
                "std": 0.0
            },
            "total_power_draw": 467.3305517839334
        },
        "total": {
            "start_unix": 1676971324.413617,
            "end_unix": 1676971583.395195,
            "nr_measurements": 5168,
            "total_power_draw": 467.3305517839334,
            "start_utc": "2023-02-21 09:22:04",
            "end_utc": "2023-02-21 09:26:23",
            "total_duration": 258.98157811164856
        }
    },
    "full_log": "mnt_data/results_merged/infer_2023_02_21_09_22_04.tar.gz"
}