{
    "directory_name": "infer_2023_01_24_19_45_39",
    "validation_results": {
        "metrics": {
            "aggregated": {
                "MSE": 68062140.38117968,
                "abs_error": 16546198.328308105,
                "abs_target_sum": 166958474.8984375,
                "abs_target_mean": 19007.112351825763,
                "seasonal_error": 1542.9874709095218,
                "MASE": 1.443236974093822,
                "MAPE": 0.4066535548013525,
                "sMAPE": 0.1830172470087128,
                "MSIS": 11.032820648070654,
                "QuantileLoss[0.1]": 8520436.780308533,
                "Coverage[0.1]": 0.0845856102003643,
                "QuantileLoss[0.5]": 16546198.228603363,
                "Coverage[0.5]": 0.5284608378870674,
                "QuantileLoss[0.9]": 11120341.532940673,
                "Coverage[0.9]": 0.9305555555555557,
                "RMSE": 8249.978204891191,
                "NRMSE": 0.4340469005592385,
                "ND": 0.09910367436198325,
                "wQuantileLoss[0.1]": 0.05103326911372184,
                "wQuantileLoss[0.5]": 0.09910367376480038,
                "wQuantileLoss[0.9]": 0.06660543311566117,
                "mean_absolute_QuantileLoss": 12062325.513950856,
                "mean_wQuantileLoss": 0.0722474586647278,
                "MAE_Coverage": 0.024810261080752936,
                "OWA": NaN
            }
        },
        "start": 1674585940.0077083,
        "end": 1674585951.7763603,
        "model": null,
        "data": null
    },
    "config": {
        "dataset": "tourism_monthly_dataset",
        "model": "wavenet",
        "output_dir": "mnt_data/results",
        "epochs": 100,
        "datadir": "mnt_data/data",
        "cpu_monitor_interval": 0.05,
        "gpu_monitor_interval": 0.05,
        "seed": 42,
        "timestamp": "2023_01_24_19_45_39",
        "lag": 15,
        "train_logdir": "mnt_data/results/train_2023_01_24_19_43_05"
    },
    "requirements": [
        "# 3.7.7 (default, Mar 23 2020, 22:36:06)",
        "# [GCC 7.3.0]",
        "wrapt==1.11.2",
        "typed-ast==1.4.0",
        "six==1.12.0",
        "setuptools==41.6.0",
        "pytz==2019.3",
        "python-dateutil==2.8.0",
        "pyparsing==2.4.2",
        "pylint==2.4.3",
        "numpy==1.17.3",
        "mccabe==0.6.1",
        "matplotlib==3.1.1",
        "lazy-object-proxy==1.4.3",
        "kiwisolver==1.1.0",
        "isort==4.3.21",
        "cycler==0.10.0",
        "astroid==2.3.2",
        "wheel==0.37.1",
        "urllib3==1.26.14",
        "typing-extensions==4.4.0",
        "tqdm==4.64.1",
        "toolz==0.12.0",
        "rpy2==2.9.4",
        "requests==2.28.2",
        "pynvml==11.4.1",
        "pydantic==1.10.4",
        "pyarrow==8.0.0",
        "py-rapl==0.1",
        "pip==22.3.1",
        "pandas==1.3.5",
        "orjson==3.8.5",
        "mxnet==1.9.1",
        "markupsafe==2.1.1",
        "jinja2==3.1.2",
        "idna==3.4",
        "graphviz==0.8.4",
        "gluonts==0.11.8",
        "charset-normalizer==3.0.1",
        "certifi==2022.12.7"
    ],
    "validation_pynvml": {
        "0": {
            "start_unix": 1674589539.97667,
            "end_unix": 1674589551.750777,
            "start_utc": "2023-01-24 19:45:39",
            "end_utc": "2023-01-24 19:45:51",
            "total_duration": 11.774106979370117,
            "nr_measurements": 236,
            "temperature": {
                "min": 22,
                "max": 22,
                "mean": 22.0,
                "std": 0.0
            },
            "util.gpu": {
                "min": 0,
                "max": 0,
                "mean": 0.0,
                "std": 0.0
            },
            "util.memory": {
                "min": 0,
                "max": 0,
                "mean": 0.0,
                "std": 0.0
            },
            "power_usage": {
                "min": 1.071,
                "max": 1.979,
                "mean": 1.5645974576271187,
                "std": 0.14663697186917107
            },
            "memory.used": {
                "min": 16384000,
                "max": 16384000,
                "mean": 16384000.0,
                "std": 0.0
            },
            "memory.free": {
                "min": 16892231680,
                "max": 16892231680,
                "mean": 16892231680.0,
                "std": 0.0
            },
            "total_power_draw": 18.448158777099604
        },
        "total": {
            "start_unix": 1674589539.97667,
            "end_unix": 1674589551.750777,
            "nr_measurements": 236,
            "total_power_draw": 18.448158777099604,
            "start_utc": "2023-01-24 19:45:39",
            "end_utc": "2023-01-24 19:45:51",
            "total_duration": 11.774106979370117
        }
    },
    "validation_pyrapl": {
        "0": {
            "start_unix": 1674589539.96879,
            "end_unix": 1674589551.799423,
            "start_utc": "2023-01-24 19:45:39",
            "end_utc": "2023-01-24 19:45:51",
            "total_duration": 11.83063292503357,
            "nr_measurements": 237,
            "duration": {
                "min": 0.002109,
                "max": 0.050502,
                "mean": 0.049926590717299574,
                "std": 0.003113432972569309
            },
            "package-0": {
                "min": 15.672266244057052,
                "max": 143.5689785976681,
                "mean": 111.07608635563868,
                "std": 19.291707698333113
            },
            "package-0.dram": {
                "min": 2.488383119962067,
                "max": 10.526933439776471,
                "mean": 9.373657989530379,
                "std": 1.0906820333376002
            },
            "total_power_draw": 1318.482282
        },
        "total": {
            "start_unix": 1674589539.96879,
            "end_unix": 1674589551.799423,
            "nr_measurements": 237,
            "total_power_draw": 1318.482282,
            "start_utc": "2023-01-24 19:45:39",
            "end_utc": "2023-01-24 19:45:51",
            "total_duration": 11.83063292503357
        }
    },
    "execution_platform": {
        "System": "Linux",
        "Node Name": "ls8ws022",
        "Release": "5.4.0-137-generic",
        "Version": "#154-Ubuntu SMP Thu Jan 5 17:03:22 UTC 2023",
        "Machine": "x86_64",
        "Processor": "Intel(R) Xeon(R) W-2155 CPU @ 3.30GHz"
    },
    "full_log": "mnt_data/results_merged/infer_2023_01_24_19_45_39.tar.gz"
}