{
    "directory_name": "infer_2023_01_24_19_15_09",
    "validation_results": {
        "metrics": {
            "aggregated": {
                "MSE": 10256305251.656885,
                "abs_error": 30622049.462356567,
                "abs_target_sum": 326374882.828125,
                "abs_target_mean": 95542.99848598507,
                "seasonal_error": 6194.695706995204,
                "MASE": 1.4874095633575017,
                "MAPE": 0.15006073465706035,
                "sMAPE": 0.14459892365409702,
                "MSIS": 59.49638242379485,
                "QuantileLoss[0.1]": 18653836.507555388,
                "Coverage[0.1]": 0.4502341920374707,
                "QuantileLoss[0.5]": 30622049.47320175,
                "Coverage[0.5]": 0.4502341920374707,
                "QuantileLoss[0.9]": 42590262.438848116,
                "Coverage[0.9]": 0.4502341920374707,
                "RMSE": 101273.41828760835,
                "NRMSE": 1.0599773912524197,
                "ND": 0.09382477351507071,
                "wQuantileLoss[0.1]": 0.0571546325682753,
                "wQuantileLoss[0.5]": 0.09382477354829993,
                "wQuantileLoss[0.9]": 0.13049491452832457,
                "mean_absolute_QuantileLoss": 30622049.47320175,
                "mean_wQuantileLoss": 0.09382477354829993,
                "MAE_Coverage": 0.2832552693208431,
                "OWA": NaN
            }
        },
        "start": 1674584110.149115,
        "end": 1674584137.863348,
        "model": null,
        "data": null
    },
    "requirements": [
        "# 3.7.7 (default, Mar 23 2020, 22:36:06)",
        "# [GCC 7.3.0]",
        "wrapt==1.11.2",
        "typed-ast==1.4.0",
        "six==1.12.0",
        "setuptools==41.6.0",
        "pytz==2019.3",
        "python-dateutil==2.8.0",
        "pyparsing==2.4.2",
        "pylint==2.4.3",
        "numpy==1.17.3",
        "mccabe==0.6.1",
        "matplotlib==3.1.1",
        "lazy-object-proxy==1.4.3",
        "kiwisolver==1.1.0",
        "isort==4.3.21",
        "cycler==0.10.0",
        "astroid==2.3.2",
        "wheel==0.37.1",
        "urllib3==1.26.14",
        "typing-extensions==4.4.0",
        "tqdm==4.64.1",
        "toolz==0.12.0",
        "rpy2==2.9.4",
        "requests==2.28.2",
        "pynvml==11.4.1",
        "pydantic==1.10.4",
        "pyarrow==8.0.0",
        "py-rapl==0.1",
        "pip==22.3.1",
        "pandas==1.3.5",
        "orjson==3.8.5",
        "mxnet==1.9.1",
        "markupsafe==2.1.1",
        "jinja2==3.1.2",
        "idna==3.4",
        "graphviz==0.8.4",
        "gluonts==0.11.8",
        "charset-normalizer==3.0.1",
        "certifi==2022.12.7"
    ],
    "validation_pynvml": {
        "0": {
            "start_unix": 1674587710.184548,
            "end_unix": 1674587737.832443,
            "start_utc": "2023-01-24 19:15:10",
            "end_utc": "2023-01-24 19:15:37",
            "total_duration": 27.647895097732544,
            "nr_measurements": 553,
            "temperature": {
                "min": 22,
                "max": 22,
                "mean": 22.0,
                "std": 0.0
            },
            "util.gpu": {
                "min": 0,
                "max": 0,
                "mean": 0.0,
                "std": 0.0
            },
            "util.memory": {
                "min": 0,
                "max": 0,
                "mean": 0.0,
                "std": 0.0
            },
            "power_usage": {
                "min": 1.047,
                "max": 2.297,
                "mean": 1.7846925858951175,
                "std": 0.1779506084815534
            },
            "memory.used": {
                "min": 16384000,
                "max": 16384000,
                "mean": 16384000.0,
                "std": 0.0
            },
            "memory.free": {
                "min": 16892231680,
                "max": 16892231680,
                "mean": 16892231680.0,
                "std": 0.0
            },
            "total_power_draw": 49.380168580810505
        },
        "total": {
            "start_unix": 1674587710.184548,
            "end_unix": 1674587737.832443,
            "nr_measurements": 553,
            "total_power_draw": 49.380168580810505,
            "start_utc": "2023-01-24 19:15:10",
            "end_utc": "2023-01-24 19:15:37",
            "total_duration": 27.647895097732544
        }
    },
    "validation_pyrapl": {
        "0": {
            "start_unix": 1674587710.111539,
            "end_unix": 1674587737.9171603,
            "start_utc": "2023-01-24 19:15:10",
            "end_utc": "2023-01-24 19:15:37",
            "total_duration": 27.80562138557434,
            "nr_measurements": 556,
            "duration": {
                "min": 0.002172,
                "max": 0.050515,
                "mean": 0.05001387589928057,
                "std": 0.0020312822289361506
            },
            "package-0": {
                "min": 13.628913443830571,
                "max": 144.29023177816376,
                "mean": 80.55826267109325,
                "std": 11.599631193378235
            },
            "package-0.dram": {
                "min": 3.113259668508287,
                "max": 7.619922958705067,
                "mean": 7.181123636760417,
                "std": 0.29299822484438226
            },
            "total_power_draw": 2243.2265570000013
        },
        "total": {
            "start_unix": 1674587710.111539,
            "end_unix": 1674587737.9171603,
            "nr_measurements": 556,
            "total_power_draw": 2243.2265570000013,
            "start_utc": "2023-01-24 19:15:10",
            "end_utc": "2023-01-24 19:15:37",
            "total_duration": 27.80562138557434
        }
    },
    "execution_platform": {
        "System": "Linux",
        "Node Name": "ls8ws022",
        "Release": "5.4.0-137-generic",
        "Version": "#154-Ubuntu SMP Thu Jan 5 17:03:22 UTC 2023",
        "Machine": "x86_64",
        "Processor": "Intel(R) Xeon(R) W-2155 CPU @ 3.30GHz"
    },
    "config": {
        "dataset": "tourism_quarterly_dataset",
        "model": "nbeats",
        "output_dir": "mnt_data/results",
        "epochs": 100,
        "datadir": "mnt_data/data",
        "cpu_monitor_interval": 0.05,
        "gpu_monitor_interval": 0.05,
        "seed": 42,
        "timestamp": "2023_01_24_19_15_09",
        "lag": 5,
        "train_logdir": "mnt_data/results/train_2023_01_24_19_06_10"
    },
    "full_log": "mnt_data/results_merged/infer_2023_01_24_19_15_09.tar.gz"
}