{
    "directory_name": "infer_2023_01_27_17_49_22",
    "requirements": [
        "# 3.7.7 (default, Mar 23 2020, 22:36:06)",
        "# [GCC 7.3.0]",
        "wrapt==1.11.2",
        "typed-ast==1.4.0",
        "six==1.12.0",
        "setuptools==41.6.0",
        "pytz==2019.3",
        "python-dateutil==2.8.0",
        "pyparsing==2.4.2",
        "pylint==2.4.3",
        "numpy==1.17.3",
        "mccabe==0.6.1",
        "matplotlib==3.1.1",
        "lazy-object-proxy==1.4.3",
        "kiwisolver==1.1.0",
        "isort==4.3.21",
        "cycler==0.10.0",
        "astroid==2.3.2",
        "wheel==0.37.1",
        "urllib3==1.26.14",
        "typing-extensions==4.4.0",
        "tqdm==4.64.1",
        "toolz==0.12.0",
        "rpy2==2.9.4",
        "requests==2.28.2",
        "pynvml==11.4.1",
        "pydantic==1.10.4",
        "pyarrow==8.0.0",
        "py-rapl==0.1",
        "pip==22.3.1",
        "pandas==1.3.5",
        "orjson==3.8.5",
        "mxnet==1.9.1",
        "markupsafe==2.1.1",
        "jinja2==3.1.2",
        "idna==3.4",
        "graphviz==0.8.4",
        "gluonts==0.11.8",
        "charset-normalizer==3.0.1",
        "certifi==2022.12.7"
    ],
    "validation_results": {
        "metrics": {
            "aggregated": {
                "MSE": 882335.623440664,
                "abs_error": 21241.273178276635,
                "abs_target_sum": 311100.0,
                "abs_target_mean": 10370.0,
                "seasonal_error": 688.9753918064339,
                "MASE": 1.0276744970810376,
                "MAPE": 0.07025904578617,
                "sMAPE": 0.07043335139044873,
                "MSIS": 8.56923055958306,
                "QuantileLoss[0.1]": 10530.26340109942,
                "Coverage[0.1]": 0.16666666666666666,
                "QuantileLoss[0.5]": 21241.273178276635,
                "Coverage[0.5]": 0.36666666666666664,
                "QuantileLoss[0.9]": 12494.295822219972,
                "Coverage[0.9]": 0.8,
                "RMSE": 939.3272185136892,
                "NRMSE": 0.09058121682870678,
                "ND": 0.06827795942872593,
                "wQuantileLoss[0.1]": 0.033848484092251434,
                "wQuantileLoss[0.5]": 0.06827795942872593,
                "wQuantileLoss[0.9]": 0.04016167091681123,
                "mean_absolute_QuantileLoss": 14755.277467198677,
                "mean_wQuantileLoss": 0.047429371479262857,
                "MAE_Coverage": 0.09999999999999999,
                "OWA": NaN
            }
        },
        "start": 1674838162.4946842,
        "end": 1674838165.1265295,
        "model": null,
        "data": null
    },
    "validation_pynvml": {
        "0": {
            "start_unix": 1674841762.463325,
            "end_unix": 1674841765.079775,
            "start_utc": "2023-01-27 17:49:22",
            "end_utc": "2023-01-27 17:49:25",
            "total_duration": 2.616450071334839,
            "nr_measurements": 53,
            "temperature": {
                "min": 23,
                "max": 23,
                "mean": 23.0,
                "std": 0.0
            },
            "util.gpu": {
                "min": 0,
                "max": 0,
                "mean": 0.0,
                "std": 0.0
            },
            "util.memory": {
                "min": 0,
                "max": 0,
                "mean": 0.0,
                "std": 0.0
            },
            "power_usage": {
                "min": 1.118,
                "max": 1.739,
                "mean": 1.3730943396226416,
                "std": 0.11125430059967296
            },
            "memory.used": {
                "min": 16384000,
                "max": 16384000,
                "mean": 16384000.0,
                "std": 0.0
            },
            "memory.free": {
                "min": 16892231680,
                "max": 16892231680,
                "mean": 16892231680.0,
                "std": 0.0
            },
            "total_power_draw": 3.606574015625
        },
        "total": {
            "start_unix": 1674841762.463325,
            "end_unix": 1674841765.079775,
            "nr_measurements": 53,
            "total_power_draw": 3.606574015625,
            "start_utc": "2023-01-27 17:49:22",
            "end_utc": "2023-01-27 17:49:25",
            "total_duration": 2.616450071334839
        }
    },
    "validation_pyrapl": {
        "0": {
            "start_unix": 1674841762.455905,
            "end_unix": 1674841765.129089,
            "start_utc": "2023-01-27 17:49:22",
            "end_utc": "2023-01-27 17:49:25",
            "total_duration": 2.6731841564178467,
            "nr_measurements": 54,
            "duration": {
                "min": 0.002125,
                "max": 0.050502,
                "mean": 0.049544629629629626,
                "std": 0.006514393560065155
            },
            "package-0": {
                "min": 15.752684337731289,
                "max": 50.47554956490713,
                "mean": 42.65712641760634,
                "std": 8.11773227893253
            },
            "package-0.dram": {
                "min": 2.5054117647058822,
                "max": 7.676828905925001,
                "mean": 6.752608539403475,
                "std": 1.0317979560108346
            },
            "total_power_draw": 115.389353
        },
        "total": {
            "start_unix": 1674841762.455905,
            "end_unix": 1674841765.129089,
            "nr_measurements": 54,
            "total_power_draw": 115.389353,
            "start_utc": "2023-01-27 17:49:22",
            "end_utc": "2023-01-27 17:49:25",
            "total_duration": 2.6731841564178467
        }
    },
    "config": {
        "dataset": "us_births_dataset",
        "model": "arima",
        "output_dir": "mnt_data/results",
        "epochs": 100,
        "datadir": "mnt_data/data",
        "cpu_monitor_interval": 0.05,
        "gpu_monitor_interval": 0.05,
        "seed": 42,
        "timestamp": "2023_01_27_17_49_22",
        "lag": 9,
        "external_forecast_horizon": 30,
        "integer_conversion": true,
        "train_logdir": "mnt_data/results/train_2023_01_27_17_49_20"
    },
    "execution_platform": {
        "System": "Linux",
        "Node Name": "ls8ws022",
        "Release": "5.4.0-137-generic",
        "Version": "#154-Ubuntu SMP Thu Jan 5 17:03:22 UTC 2023",
        "Machine": "x86_64",
        "Processor": "Intel(R) Xeon(R) W-2155 CPU @ 3.30GHz"
    },
    "full_log": "mnt_data/results_merged/infer_2023_01_27_17_49_22.tar.gz"
}