{
    "directory_name": "infer_2023_02_24_08_15_24",
    "config": {
        "dataset": "bitcoin_dataset_without_missing_values",
        "model": "nbeats",
        "output_dir": "mnt_data/results",
        "epochs": 100,
        "datadir": "mnt_data/data",
        "cpu_monitor_interval": 0.05,
        "gpu_monitor_interval": 0.05,
        "seed": 42,
        "timestamp": "2023_02_24_08_15_24",
        "lag": 9,
        "external_forecast_horizon": 30,
        "train_logdir": "mnt_data/results/train_2023_02_24_08_06_21"
    },
    "validation_results": {
        "metrics": {
            "aggregated": {
                "MSE": Infinity,
                "abs_error": 7.596932649465127e+20,
                "abs_target_sum": 2.876552342799869e+21,
                "abs_target_mean": 5.326948782962719e+18,
                "seasonal_error": 9.345954925290722e+16,
                "MASE": 24.612508638938458,
                "MAPE": 0.27818890147738984,
                "sMAPE": 0.29001948789313986,
                "MSIS": 984.500367083818,
                "QuantileLoss[0.1]": 1.3179529734220654e+21,
                "Coverage[0.1]": 0.4759259259259259,
                "QuantileLoss[0.5]": 7.596932473543197e+20,
                "Coverage[0.5]": 0.4759259259259259,
                "QuantileLoss[0.9]": 2.014335212865736e+20,
                "Coverage[0.9]": 0.4759259259259259,
                "RMSE": Infinity,
                "NRMSE": Infinity,
                "ND": 0.2640985368641237,
                "wQuantileLoss[0.1]": 0.4581710382294822,
                "wQuantileLoss[0.5]": 0.2640985307484022,
                "wQuantileLoss[0.9]": 0.07002602326732212,
                "mean_absolute_QuantileLoss": 7.596932473543195e+20,
                "mean_wQuantileLoss": 0.26409853074840217,
                "MAE_Coverage": 0.27469135802469136,
                "OWA": NaN
            }
        },
        "start": 1677222924.5910783,
        "end": 1677222926.8386285,
        "model": null,
        "data": null
    },
    "requirements": [
        "# 3.7.7 (default, Mar 23 2020, 22:36:06)",
        "# [GCC 7.3.0]",
        "wrapt==1.11.2",
        "typed-ast==1.4.0",
        "six==1.12.0",
        "setuptools==41.6.0",
        "pytz==2019.3",
        "python-dateutil==2.8.0",
        "pyparsing==2.4.2",
        "pylint==2.4.3",
        "numpy==1.17.3",
        "mccabe==0.6.1",
        "matplotlib==3.1.1",
        "lazy-object-proxy==1.4.3",
        "kiwisolver==1.1.0",
        "isort==4.3.21",
        "cycler==0.10.0",
        "astroid==2.3.2",
        "wheel==0.37.1",
        "urllib3==1.26.14",
        "typing-extensions==4.4.0",
        "tqdm==4.64.1",
        "toolz==0.12.0",
        "rpy2==2.9.4",
        "requests==2.28.2",
        "pynvml==11.4.1",
        "pydantic==1.10.4",
        "pyarrow==8.0.0",
        "py-rapl==0.1",
        "pip==22.3.1",
        "pandas==1.3.5",
        "orjson==3.8.5",
        "mxnet==1.9.1",
        "markupsafe==2.1.1",
        "jinja2==3.1.2",
        "idna==3.4",
        "graphviz==0.8.4",
        "gluonts==0.11.8",
        "charset-normalizer==3.0.1",
        "certifi==2022.12.7"
    ],
    "validation_pynvml": {
        "0": {
            "start_unix": 1677226524.550937,
            "end_unix": 1677226526.799906,
            "start_utc": "2023-02-24 08:15:24",
            "end_utc": "2023-02-24 08:15:26",
            "total_duration": 2.248969078063965,
            "nr_measurements": 46,
            "temperature": {
                "min": 26,
                "max": 26,
                "mean": 26.0,
                "std": 0.0
            },
            "util.gpu": {
                "min": 0,
                "max": 0,
                "mean": 0.0,
                "std": 0.0
            },
            "util.memory": {
                "min": 0,
                "max": 0,
                "mean": 0.0,
                "std": 0.0
            },
            "power_usage": {
                "min": 1.104,
                "max": 1.811,
                "mean": 1.5036956521739129,
                "std": 0.1620462721845908
            },
            "memory.used": {
                "min": 16384000,
                "max": 16384000,
                "mean": 16384000.0,
                "std": 0.0
            },
            "memory.free": {
                "min": 16892231680,
                "max": 16892231680,
                "mean": 16892231680.0,
                "std": 0.0
            },
            "total_power_draw": 3.4042158093261725
        },
        "total": {
            "start_unix": 1677226524.550937,
            "end_unix": 1677226526.799906,
            "nr_measurements": 46,
            "total_power_draw": 3.4042158093261725,
            "start_utc": "2023-02-24 08:15:24",
            "end_utc": "2023-02-24 08:15:26",
            "total_duration": 2.248969078063965
        }
    },
    "validation_pyrapl": {
        "0": {
            "start_unix": 1677226524.55233,
            "end_unix": 1677226526.85816,
            "start_utc": "2023-02-24 08:15:24",
            "end_utc": "2023-02-24 08:15:26",
            "total_duration": 2.3058300018310547,
            "nr_measurements": 47,
            "duration": {
                "min": 0.00205,
                "max": 0.050471,
                "mean": 0.04910221276595745,
                "std": 0.0069382184387396465
            },
            "package-0": {
                "min": 12.385365853658536,
                "max": 84.38609869051422,
                "mean": 72.25917421544169,
                "std": 18.683678886236066
            },
            "package-0.dram": {
                "min": 4.131204470611716,
                "max": 7.4693072838234125,
                "mean": 7.05876220561616,
                "std": 0.5451818418662022
            },
            "total_power_draw": 169.59160600000004
        },
        "total": {
            "start_unix": 1677226524.55233,
            "end_unix": 1677226526.85816,
            "nr_measurements": 47,
            "total_power_draw": 169.59160600000004,
            "start_utc": "2023-02-24 08:15:24",
            "end_utc": "2023-02-24 08:15:26",
            "total_duration": 2.3058300018310547
        }
    },
    "execution_platform": {
        "System": "Linux",
        "Node Name": "ls8ws022",
        "Release": "5.4.0-137-generic",
        "Version": "#154-Ubuntu SMP Thu Jan 5 17:03:22 UTC 2023",
        "Machine": "x86_64",
        "Processor": "Intel(R) Xeon(R) W-2155 CPU @ 3.30GHz"
    },
    "full_log": "mnt_data/results_merged/infer_2023_02_24_08_15_24.tar.gz"
}