{
    "directory_name": "infer_2023_01_27_17_08_29",
    "validation_results": {
        "metrics": {
            "aggregated": {
                "MSE": 126.36319591079894,
                "abs_error": 4661891.74023166,
                "abs_target_sum": 8474135.938394576,
                "abs_target_mean": 9.154972968085131,
                "seasonal_error": 6.557191003376351,
                "MASE": Infinity,
                "MAPE": 0.7100324547809022,
                "sMAPE": 1.6159355589075122,
                "MSIS": Infinity,
                "QuantileLoss[0.1]": 1820626.6678836225,
                "Coverage[0.1]": 0.7237552288598492,
                "QuantileLoss[0.5]": 4661891.740560465,
                "Coverage[0.5]": 0.794282176934246,
                "QuantileLoss[0.9]": 2586083.8324578144,
                "Coverage[0.9]": 0.9362143918965636,
                "RMSE": 11.241138550467161,
                "NRMSE": 1.227872391284447,
                "ND": 0.5501318097942686,
                "wQuantileLoss[0.1]": 0.21484511000522608,
                "wQuantileLoss[0.5]": 0.5501318098330694,
                "wQuantileLoss[0.9]": 0.3051737488350638,
                "mean_absolute_QuantileLoss": 3022867.4136339673,
                "mean_wQuantileLoss": 0.3567168895577864,
                "MAE_Coverage": 0.31808393256355294,
                "OWA": NaN
            }
        },
        "start": 1674835709.2878802,
        "end": 1674837694.7347593,
        "model": null,
        "data": null
    },
    "requirements": [
        "# 3.7.7 (default, Mar 23 2020, 22:36:06)",
        "# [GCC 7.3.0]",
        "wrapt==1.11.2",
        "typed-ast==1.4.0",
        "six==1.12.0",
        "setuptools==41.6.0",
        "pytz==2019.3",
        "python-dateutil==2.8.0",
        "pyparsing==2.4.2",
        "pylint==2.4.3",
        "numpy==1.17.3",
        "mccabe==0.6.1",
        "matplotlib==3.1.1",
        "lazy-object-proxy==1.4.3",
        "kiwisolver==1.1.0",
        "isort==4.3.21",
        "cycler==0.10.0",
        "astroid==2.3.2",
        "wheel==0.37.1",
        "urllib3==1.26.14",
        "typing-extensions==4.4.0",
        "tqdm==4.64.1",
        "toolz==0.12.0",
        "rpy2==2.9.4",
        "requests==2.28.2",
        "pynvml==11.4.1",
        "pydantic==1.10.4",
        "pyarrow==8.0.0",
        "py-rapl==0.1",
        "pip==22.3.1",
        "pandas==1.3.5",
        "orjson==3.8.5",
        "mxnet==1.9.1",
        "markupsafe==2.1.1",
        "jinja2==3.1.2",
        "idna==3.4",
        "graphviz==0.8.4",
        "gluonts==0.11.8",
        "charset-normalizer==3.0.1",
        "certifi==2022.12.7"
    ],
    "validation_pyrapl": {
        "0": {
            "start_unix": 1674839309.249261,
            "end_unix": 1674841294.970692,
            "start_utc": "2023-01-27 17:08:29",
            "end_utc": "2023-01-27 17:41:34",
            "total_duration": 1985.721431016922,
            "nr_measurements": 39620,
            "duration": {
                "min": 0.001987,
                "max": 0.052366,
                "mean": 0.050119216834931854,
                "std": 0.00024977183864961723
            },
            "package-0": {
                "min": 12.993457473578259,
                "max": 162.68688864933924,
                "mean": 115.57904477563237,
                "std": 9.208614232498402
            },
            "package-0.dram": {
                "min": 3.059706814580032,
                "max": 10.179714700674452,
                "mean": 9.22256485839437,
                "std": 0.5330655116150639
            },
            "total_power_draw": 229508.03464999853
        },
        "total": {
            "start_unix": 1674839309.249261,
            "end_unix": 1674841294.970692,
            "nr_measurements": 39620,
            "total_power_draw": 229508.03464999853,
            "start_utc": "2023-01-27 17:08:29",
            "end_utc": "2023-01-27 17:41:34",
            "total_duration": 1985.721431016922
        }
    },
    "validation_pynvml": {
        "0": {
            "start_unix": 1674839309.243228,
            "end_unix": 1674841294.702985,
            "start_utc": "2023-01-27 17:08:29",
            "end_utc": "2023-01-27 17:41:34",
            "total_duration": 1985.4597570896149,
            "nr_measurements": 39615,
            "temperature": {
                "min": 22,
                "max": 23,
                "mean": 22.92467499684463,
                "std": 0.26391503756893786
            },
            "util.gpu": {
                "min": 0,
                "max": 0,
                "mean": 0.0,
                "std": 0.0
            },
            "util.memory": {
                "min": 0,
                "max": 0,
                "mean": 0.0,
                "std": 0.0
            },
            "power_usage": {
                "min": 1.035,
                "max": 3.839,
                "mean": 1.4907664521014767,
                "std": 0.1757008124469141
            },
            "memory.used": {
                "min": 16384000,
                "max": 16384000,
                "mean": 16384000.0,
                "std": 0.0
            },
            "memory.free": {
                "min": 16892231680,
                "max": 16892231680,
                "mean": 16892231680.0,
                "std": 0.0
            },
            "total_power_draw": 2959.741039805906
        },
        "total": {
            "start_unix": 1674839309.243228,
            "end_unix": 1674841294.702985,
            "nr_measurements": 39615,
            "total_power_draw": 2959.741039805906,
            "start_utc": "2023-01-27 17:08:29",
            "end_utc": "2023-01-27 17:41:34",
            "total_duration": 1985.4597570896149
        }
    },
    "execution_platform": {
        "System": "Linux",
        "Node Name": "ls8ws022",
        "Release": "5.4.0-137-generic",
        "Version": "#154-Ubuntu SMP Thu Jan 5 17:03:22 UTC 2023",
        "Machine": "x86_64",
        "Processor": "Intel(R) Xeon(R) W-2155 CPU @ 3.30GHz"
    },
    "config": {
        "dataset": "dominick_dataset",
        "model": "wavenet",
        "output_dir": "mnt_data/results",
        "epochs": 100,
        "datadir": "mnt_data/data",
        "cpu_monitor_interval": 0.05,
        "gpu_monitor_interval": 0.05,
        "seed": 42,
        "timestamp": "2023_01_27_17_08_29",
        "lag": 10,
        "external_forecast_horizon": 8,
        "train_logdir": "mnt_data/results/train_2023_01_27_17_04_55"
    },
    "full_log": "mnt_data/results_merged/infer_2023_01_27_17_08_29.tar.gz"
}