{
    "directory_name": "infer_2023_01_27_02_19_43",
    "requirements": [
        "# 3.7.7 (default, Mar 23 2020, 22:36:06)",
        "# [GCC 7.3.0]",
        "wrapt==1.11.2",
        "typed-ast==1.4.0",
        "six==1.12.0",
        "setuptools==41.6.0",
        "pytz==2019.3",
        "python-dateutil==2.8.0",
        "pyparsing==2.4.2",
        "pylint==2.4.3",
        "numpy==1.17.3",
        "mccabe==0.6.1",
        "matplotlib==3.1.1",
        "lazy-object-proxy==1.4.3",
        "kiwisolver==1.1.0",
        "isort==4.3.21",
        "cycler==0.10.0",
        "astroid==2.3.2",
        "wheel==0.37.1",
        "urllib3==1.26.14",
        "typing-extensions==4.4.0",
        "tqdm==4.64.1",
        "toolz==0.12.0",
        "rpy2==2.9.4",
        "requests==2.28.2",
        "pynvml==11.4.1",
        "pydantic==1.10.4",
        "pyarrow==8.0.0",
        "py-rapl==0.1",
        "pip==22.3.1",
        "pandas==1.3.5",
        "orjson==3.8.5",
        "mxnet==1.9.1",
        "markupsafe==2.1.1",
        "jinja2==3.1.2",
        "idna==3.4",
        "graphviz==0.8.4",
        "gluonts==0.11.8",
        "charset-normalizer==3.0.1",
        "certifi==2022.12.7"
    ],
    "validation_results": {
        "metrics": {
            "aggregated": {
                "MSE": 360339389100.5729,
                "abs_error": 179253660.49904808,
                "abs_target_sum": 937103942.0,
                "abs_target_mean": 364915.8652647975,
                "seasonal_error": 21013.657850679214,
                "MASE": 2.890009859240727,
                "MAPE": 0.15694359010973363,
                "sMAPE": 0.14441857756401139,
                "MSIS": 21.569673622784197,
                "QuantileLoss[0.1]": 62012774.77552978,
                "Coverage[0.1]": 0.3302180685358255,
                "QuantileLoss[0.5]": 179253660.49904808,
                "Coverage[0.5]": 0.6806853582554517,
                "QuantileLoss[0.9]": 68911035.0065619,
                "Coverage[0.9]": 0.8753894080996885,
                "RMSE": 600282.7576239158,
                "NRMSE": 1.6449894750076888,
                "ND": 0.19128471503009437,
                "wQuantileLoss[0.1]": 0.06617491613916376,
                "wQuantileLoss[0.5]": 0.19128471503009437,
                "wQuantileLoss[0.9]": 0.07353617023474425,
                "mean_absolute_QuantileLoss": 103392490.09371324,
                "mean_wQuantileLoss": 0.11033193380133412,
                "MAE_Coverage": 0.14517133956386294,
                "OWA": NaN
            }
        },
        "start": 1674782383.6931503,
        "end": 1674782420.679565,
        "model": null,
        "data": null
    },
    "execution_platform": {
        "System": "Linux",
        "Node Name": "ls8ws022",
        "Release": "5.4.0-137-generic",
        "Version": "#154-Ubuntu SMP Thu Jan 5 17:03:22 UTC 2023",
        "Machine": "x86_64",
        "Processor": "Intel(R) Xeon(R) W-2155 CPU @ 3.30GHz"
    },
    "config": {
        "dataset": "electricity_weekly_dataset",
        "model": "arima",
        "output_dir": "mnt_data/results",
        "epochs": 100,
        "datadir": "mnt_data/data",
        "cpu_monitor_interval": 0.05,
        "gpu_monitor_interval": 0.05,
        "seed": 42,
        "timestamp": "2023_01_27_02_19_43",
        "lag": 65,
        "external_forecast_horizon": 8,
        "integer_conversion": true,
        "train_logdir": "mnt_data/results/train_2023_01_27_02_19_41"
    },
    "validation_pyrapl": {
        "0": {
            "start_unix": 1674785983.655211,
            "end_unix": 1674786020.688986,
            "start_utc": "2023-01-27 02:19:43",
            "end_utc": "2023-01-27 02:20:20",
            "total_duration": 37.033775091171265,
            "nr_measurements": 735,
            "duration": {
                "min": 0.00202,
                "max": 0.050486,
                "mean": 0.05039197278911565,
                "std": 0.0017860573093226146
            },
            "package-0": {
                "min": 15.390009910802773,
                "max": 120.79494393231973,
                "mean": 43.32154215651987,
                "std": 4.957717209359152
            },
            "package-0.dram": {
                "min": 1.6212884043607532,
                "max": 10.70990099009901,
                "mean": 6.906351177066757,
                "std": 0.327559272529273
            },
            "total_power_draw": 1603.983686999999
        },
        "total": {
            "start_unix": 1674785983.655211,
            "end_unix": 1674786020.688986,
            "nr_measurements": 735,
            "total_power_draw": 1603.983686999999,
            "start_utc": "2023-01-27 02:19:43",
            "end_utc": "2023-01-27 02:20:20",
            "total_duration": 37.033775091171265
        }
    },
    "validation_pynvml": {
        "0": {
            "start_unix": 1674785983.659514,
            "end_unix": 1674786020.637368,
            "start_utc": "2023-01-27 02:19:43",
            "end_utc": "2023-01-27 02:20:20",
            "total_duration": 36.97785401344299,
            "nr_measurements": 734,
            "temperature": {
                "min": 22,
                "max": 22,
                "mean": 22.0,
                "std": 0.0
            },
            "util.gpu": {
                "min": 0,
                "max": 0,
                "mean": 0.0,
                "std": 0.0
            },
            "util.memory": {
                "min": 0,
                "max": 0,
                "mean": 0.0,
                "std": 0.0
            },
            "power_usage": {
                "min": 1.173,
                "max": 2.114,
                "mean": 1.5302901907356947,
                "std": 0.15597995220415153
            },
            "memory.used": {
                "min": 16384000,
                "max": 16384000,
                "mean": 16384000.0,
                "std": 0.0
            },
            "memory.free": {
                "min": 16892231680,
                "max": 16892231680,
                "mean": 16892231680.0,
                "std": 0.0
            },
            "total_power_draw": 56.60624878662108
        },
        "total": {
            "start_unix": 1674785983.659514,
            "end_unix": 1674786020.637368,
            "nr_measurements": 734,
            "total_power_draw": 56.60624878662108,
            "start_utc": "2023-01-27 02:19:43",
            "end_utc": "2023-01-27 02:20:20",
            "total_duration": 36.97785401344299
        }
    },
    "full_log": "mnt_data/results_merged/infer_2023_01_27_02_19_43.tar.gz"
}