{
    "directory_name": "infer_2023_01_27_01_37_46",
    "requirements": [
        "# 3.7.7 (default, Mar 23 2020, 22:36:06)",
        "# [GCC 7.3.0]",
        "wrapt==1.11.2",
        "typed-ast==1.4.0",
        "six==1.12.0",
        "setuptools==41.6.0",
        "pytz==2019.3",
        "python-dateutil==2.8.0",
        "pyparsing==2.4.2",
        "pylint==2.4.3",
        "numpy==1.17.3",
        "mccabe==0.6.1",
        "matplotlib==3.1.1",
        "lazy-object-proxy==1.4.3",
        "kiwisolver==1.1.0",
        "isort==4.3.21",
        "cycler==0.10.0",
        "astroid==2.3.2",
        "wheel==0.37.1",
        "urllib3==1.26.14",
        "typing-extensions==4.4.0",
        "tqdm==4.64.1",
        "toolz==0.12.0",
        "rpy2==2.9.4",
        "requests==2.28.2",
        "pynvml==11.4.1",
        "pydantic==1.10.4",
        "pyarrow==8.0.0",
        "py-rapl==0.1",
        "pip==22.3.1",
        "pandas==1.3.5",
        "orjson==3.8.5",
        "mxnet==1.9.1",
        "markupsafe==2.1.1",
        "jinja2==3.1.2",
        "idna==3.4",
        "graphviz==0.8.4",
        "gluonts==0.11.8",
        "charset-normalizer==3.0.1",
        "certifi==2022.12.7"
    ],
    "validation_results": {
        "metrics": {
            "aggregated": {
                "MSE": 424.6567149119334,
                "abs_error": 12920.564628601074,
                "abs_target_sum": 120931.51177978516,
                "abs_target_mean": 136.18413488714543,
                "seasonal_error": 15.985615027752173,
                "MASE": 0.9193744653604904,
                "MAPE": 0.11296709452394967,
                "sMAPE": 0.11315198534646549,
                "MSIS": 6.71947695806679,
                "QuantileLoss[0.1]": 5914.525311279298,
                "Coverage[0.1]": 0.08896396396396396,
                "QuantileLoss[0.5]": 12920.564628601074,
                "Coverage[0.5]": 0.38175675675675674,
                "QuantileLoss[0.9]": 6234.40770111084,
                "Coverage[0.9]": 0.8367117117117117,
                "RMSE": 20.607200559802717,
                "NRMSE": 0.1513186582040538,
                "ND": 0.10684200038885869,
                "wQuantileLoss[0.1]": 0.04890805733124033,
                "wQuantileLoss[0.5]": 0.10684200038885869,
                "wQuantileLoss[0.9]": 0.051553210650865114,
                "mean_absolute_QuantileLoss": 8356.499213663737,
                "mean_wQuantileLoss": 0.06910108945698805,
                "MAE_Coverage": 0.06418918918918921,
                "OWA": NaN
            }
        },
        "start": 1674779867.144404,
        "end": 1674779867.5472684,
        "model": null,
        "data": null
    },
    "validation_pynvml": {
        "0": {
            "start_unix": 1674783467.111983,
            "end_unix": 1674783467.507598,
            "start_utc": "2023-01-27 01:37:47",
            "end_utc": "2023-01-27 01:37:47",
            "total_duration": 0.3956148624420166,
            "nr_measurements": 9,
            "temperature": {
                "min": 22,
                "max": 22,
                "mean": 22.0,
                "std": 0.0
            },
            "util.gpu": {
                "min": 0,
                "max": 0,
                "mean": 0.0,
                "std": 0.0
            },
            "util.memory": {
                "min": 0,
                "max": 0,
                "mean": 0.0,
                "std": 0.0
            },
            "power_usage": {
                "min": 1.183,
                "max": 1.66,
                "mean": 1.4405555555555558,
                "std": 0.16002299217516008
            },
            "memory.used": {
                "min": 16384000,
                "max": 16384000,
                "mean": 16384000.0,
                "std": 0.0
            },
            "memory.free": {
                "min": 16892231680,
                "max": 16892231680,
                "mean": 16892231680.0,
                "std": 0.0
            },
            "total_power_draw": 0.5844599841308594
        },
        "total": {
            "start_unix": 1674783467.111983,
            "end_unix": 1674783467.507598,
            "nr_measurements": 9,
            "total_power_draw": 0.5844599841308594,
            "start_utc": "2023-01-27 01:37:47",
            "end_utc": "2023-01-27 01:37:47",
            "total_duration": 0.3956148624420166
        }
    },
    "validation_pyrapl": {
        "0": {
            "start_unix": 1674783467.104208,
            "end_unix": 1674783467.557422,
            "start_utc": "2023-01-27 01:37:47",
            "end_utc": "2023-01-27 01:37:47",
            "total_duration": 0.4532139301300049,
            "nr_measurements": 10,
            "duration": {
                "min": 0.002164,
                "max": 0.050479,
                "mean": 0.045525899999999994,
                "std": 0.01445485975338398
            },
            "package-0": {
                "min": 8.771719038817004,
                "max": 75.08528222609799,
                "mean": 36.126540926758814,
                "std": 19.315271637858764
            },
            "package-0.dram": {
                "min": 0.0,
                "max": 6.958880764124209,
                "mean": 5.062748431231827,
                "std": 2.081758385225826
            },
            "total_power_draw": 17.766556
        },
        "total": {
            "start_unix": 1674783467.104208,
            "end_unix": 1674783467.557422,
            "nr_measurements": 10,
            "total_power_draw": 17.766556,
            "start_utc": "2023-01-27 01:37:47",
            "end_utc": "2023-01-27 01:37:47",
            "total_duration": 0.4532139301300049
        }
    },
    "execution_platform": {
        "System": "Linux",
        "Node Name": "ls8ws022",
        "Release": "5.4.0-137-generic",
        "Version": "#154-Ubuntu SMP Thu Jan 5 17:03:22 UTC 2023",
        "Machine": "x86_64",
        "Processor": "Intel(R) Xeon(R) W-2155 CPU @ 3.30GHz"
    },
    "config": {
        "dataset": "nn5_weekly_dataset",
        "model": "feed_forward",
        "output_dir": "mnt_data/results",
        "epochs": 100,
        "datadir": "mnt_data/data",
        "cpu_monitor_interval": 0.05,
        "gpu_monitor_interval": 0.05,
        "seed": 42,
        "timestamp": "2023_01_27_01_37_46",
        "lag": 65,
        "external_forecast_horizon": 8,
        "train_logdir": "mnt_data/results/train_2023_01_27_01_37_24"
    },
    "full_log": "mnt_data/results_merged/infer_2023_01_27_01_37_46.tar.gz"
}