{
    "directory_name": "infer_2023_01_29_10_53_07",
    "execution_platform": {
        "System": "Linux",
        "Node Name": "ls8ws022",
        "Release": "5.4.0-137-generic",
        "Version": "#154-Ubuntu SMP Thu Jan 5 17:03:22 UTC 2023",
        "Machine": "x86_64",
        "Processor": "Intel(R) Xeon(R) W-2155 CPU @ 3.30GHz"
    },
    "config": {
        "dataset": "traffic_hourly_dataset",
        "model": "feed_forward",
        "output_dir": "mnt_data/results",
        "epochs": 100,
        "datadir": "mnt_data/data",
        "cpu_monitor_interval": 0.05,
        "gpu_monitor_interval": 0.05,
        "seed": 42,
        "timestamp": "2023_01_29_10_53_07",
        "lag": 30,
        "external_forecast_horizon": 168,
        "train_logdir": "mnt_data/results/train_2023_01_29_10_52_00"
    },
    "validation_results": {
        "metrics": {
            "aggregated": {
                "MSE": 0.0007407477180885776,
                "abs_error": 1878.1897986233234,
                "abs_target_sum": 6186.670924425125,
                "abs_target_mean": 0.04272090738885983,
                "seasonal_error": 0.015477130691604333,
                "MASE": 0.8962992629282617,
                "MAPE": 0.5144208915185003,
                "sMAPE": 0.4467002190406672,
                "MSIS": 10.819110011437145,
                "QuantileLoss[0.1]": 764.5164826562192,
                "Coverage[0.1]": 0.0941332449453099,
                "QuantileLoss[0.5]": 1878.1897922583707,
                "Coverage[0.5]": 0.4357943873605127,
                "QuantileLoss[0.9]": 1482.8760164765713,
                "Coverage[0.9]": 0.7844437078775826,
                "RMSE": 0.027216680879353704,
                "NRMSE": 0.6370810580313399,
                "ND": 0.30358650420667843,
                "wQuantileLoss[0.1]": 0.1235747774522627,
                "wQuantileLoss[0.5]": 0.30358650317786134,
                "wQuantileLoss[0.9]": 0.23968884632640491,
                "mean_absolute_QuantileLoss": 1375.1940971303873,
                "mean_wQuantileLoss": 0.22228337565217635,
                "MAE_Coverage": 0.06187621993886496,
                "OWA": NaN
            }
        },
        "start": 1674985987.7545953,
        "end": 1674985989.517506,
        "model": null,
        "data": null
    },
    "validation_pyrapl": {
        "0": {
            "start_unix": 1674989587.71507,
            "end_unix": 1674989589.522505,
            "start_utc": "2023-01-29 10:53:07",
            "end_utc": "2023-01-29 10:53:09",
            "total_duration": 1.8074350357055664,
            "nr_measurements": 37,
            "duration": {
                "min": 0.002189,
                "max": 0.0505,
                "mean": 0.04891537837837838,
                "std": 0.007789545434301415
            },
            "package-0": {
                "min": 9.117862037460029,
                "max": 146.58194774346794,
                "mean": 81.20587975578105,
                "std": 37.47445234847013
            },
            "package-0.dram": {
                "min": 2.8656920968478756,
                "max": 9.481905826463603,
                "mean": 7.187666376512726,
                "std": 1.2767403082064392
            },
            "total_power_draw": 150.305646
        },
        "total": {
            "start_unix": 1674989587.71507,
            "end_unix": 1674989589.522505,
            "nr_measurements": 37,
            "total_power_draw": 150.305646,
            "start_utc": "2023-01-29 10:53:07",
            "end_utc": "2023-01-29 10:53:09",
            "total_duration": 1.8074350357055664
        }
    },
    "validation_pynvml": {
        "0": {
            "start_unix": 1674989587.7163339,
            "end_unix": 1674989589.473658,
            "start_utc": "2023-01-29 10:53:07",
            "end_utc": "2023-01-29 10:53:09",
            "total_duration": 1.75732421875,
            "nr_measurements": 36,
            "temperature": {
                "min": 21,
                "max": 22,
                "mean": 21.444444444444443,
                "std": 0.49690399499995336
            },
            "util.gpu": {
                "min": 0,
                "max": 0,
                "mean": 0.0,
                "std": 0.0
            },
            "util.memory": {
                "min": 0,
                "max": 0,
                "mean": 0.0,
                "std": 0.0
            },
            "power_usage": {
                "min": 1.196,
                "max": 1.785,
                "mean": 1.443777777777778,
                "std": 0.1517730599559588
            },
            "memory.used": {
                "min": 16384000,
                "max": 16384000,
                "mean": 16384000.0,
                "std": 0.0
            },
            "memory.free": {
                "min": 16892231680,
                "max": 16892231680,
                "mean": 16892231680.0,
                "std": 0.0
            },
            "total_power_draw": 2.549704973144532
        },
        "total": {
            "start_unix": 1674989587.7163339,
            "end_unix": 1674989589.473658,
            "nr_measurements": 36,
            "total_power_draw": 2.549704973144532,
            "start_utc": "2023-01-29 10:53:07",
            "end_utc": "2023-01-29 10:53:09",
            "total_duration": 1.75732421875
        }
    },
    "requirements": [
        "# 3.7.7 (default, Mar 23 2020, 22:36:06)",
        "# [GCC 7.3.0]",
        "wrapt==1.11.2",
        "typed-ast==1.4.0",
        "six==1.12.0",
        "setuptools==41.6.0",
        "pytz==2019.3",
        "python-dateutil==2.8.0",
        "pyparsing==2.4.2",
        "pylint==2.4.3",
        "numpy==1.17.3",
        "mccabe==0.6.1",
        "matplotlib==3.1.1",
        "lazy-object-proxy==1.4.3",
        "kiwisolver==1.1.0",
        "isort==4.3.21",
        "cycler==0.10.0",
        "astroid==2.3.2",
        "wheel==0.37.1",
        "urllib3==1.26.14",
        "typing-extensions==4.4.0",
        "tqdm==4.64.1",
        "toolz==0.12.0",
        "rpy2==2.9.4",
        "requests==2.28.2",
        "pynvml==11.4.1",
        "pydantic==1.10.4",
        "pyarrow==8.0.0",
        "py-rapl==0.1",
        "pip==22.3.1",
        "pandas==1.3.5",
        "orjson==3.8.5",
        "mxnet==1.9.1",
        "markupsafe==2.1.1",
        "jinja2==3.1.2",
        "idna==3.4",
        "graphviz==0.8.4",
        "gluonts==0.11.8",
        "charset-normalizer==3.0.1",
        "certifi==2022.12.7"
    ],
    "full_log": "mnt_data/results_merged/infer_2023_01_29_10_53_07.tar.gz"
}