{
    "directory_name": "infer_2023_02_19_12_39_37",
    "requirements": [
        "# 3.7.7 (default, Mar 23 2020, 22:36:06)",
        "# [GCC 7.3.0]",
        "wrapt==1.11.2",
        "typed-ast==1.4.0",
        "six==1.12.0",
        "setuptools==41.6.0",
        "pytz==2019.3",
        "python-dateutil==2.8.0",
        "pyparsing==2.4.2",
        "pylint==2.4.3",
        "numpy==1.17.3",
        "mccabe==0.6.1",
        "matplotlib==3.1.1",
        "lazy-object-proxy==1.4.3",
        "kiwisolver==1.1.0",
        "isort==4.3.21",
        "cycler==0.10.0",
        "astroid==2.3.2",
        "wheel==0.37.1",
        "urllib3==1.26.14",
        "typing-extensions==4.4.0",
        "tqdm==4.64.1",
        "toolz==0.12.0",
        "rpy2==2.9.4",
        "requests==2.28.2",
        "pynvml==11.4.1",
        "pydantic==1.10.4",
        "pyarrow==8.0.0",
        "py-rapl==0.1",
        "pip==22.3.1",
        "pandas==1.3.5",
        "orjson==3.8.5",
        "mxnet==1.9.1",
        "markupsafe==2.1.1",
        "jinja2==3.1.2",
        "idna==3.4",
        "graphviz==0.8.4",
        "gluonts==0.11.8",
        "charset-normalizer==3.0.1",
        "certifi==2022.12.7"
    ],
    "validation_results": {
        "metrics": {
            "aggregated": {
                "MSE": 58.723701149104386,
                "abs_error": 446300.73974609375,
                "abs_target_sum": 453448.6511230469,
                "abs_target_mean": 3.2835755642672257,
                "seasonal_error": 2.2877838658828167,
                "MASE": 1.427322755003515,
                "MAPE": 1.0142725923844507,
                "sMAPE": 1.9358999097406653,
                "MSIS": 55.12112587284859,
                "QuantileLoss[0.1]": 90475.73200143813,
                "Coverage[0.1]": 0.03593876723438767,
                "QuantileLoss[0.5]": 446300.7449091171,
                "Coverage[0.5]": 0.47872494496582096,
                "QuantileLoss[0.9]": 787444.4934226305,
                "Coverage[0.9]": 0.6379113080755417,
                "RMSE": 7.6631391184751685,
                "NRMSE": 2.333778823873451,
                "ND": 0.9842365582977256,
                "wQuantileLoss[0.1]": 0.1995280651455435,
                "wQuantileLoss[0.5]": 0.9842365696838513,
                "wQuantileLoss[0.9]": 1.7365681681318998,
                "mean_absolute_QuantileLoss": 441406.9901110619,
                "mean_wQuantileLoss": 0.973444267653765,
                "MAE_Coverage": 0.11580832657474988,
                "OWA": NaN
            }
        },
        "start": 1676806777.3004794,
        "end": 1676806789.5679603,
        "model": null,
        "data": null
    },
    "config": {
        "dataset": "solar_10_minutes_dataset",
        "model": "tempfus",
        "output_dir": "mnt_data/results",
        "epochs": 100,
        "datadir": "mnt_data/data",
        "cpu_monitor_interval": 0.05,
        "gpu_monitor_interval": 0.05,
        "seed": 42,
        "timestamp": "2023_02_19_12_39_37",
        "lag": 50,
        "external_forecast_horizon": 1008,
        "train_logdir": "mnt_data/results/train_2023_02_19_09_44_48"
    },
    "execution_platform": {
        "System": "Linux",
        "Node Name": "ls8ws022",
        "Release": "5.4.0-137-generic",
        "Version": "#154-Ubuntu SMP Thu Jan 5 17:03:22 UTC 2023",
        "Machine": "x86_64",
        "Processor": "Intel(R) Xeon(R) W-2155 CPU @ 3.30GHz"
    },
    "validation_pynvml": {
        "0": {
            "start_unix": 1676810377.262802,
            "end_unix": 1676810389.56132,
            "start_utc": "2023-02-19 12:39:37",
            "end_utc": "2023-02-19 12:39:49",
            "total_duration": 12.298518180847168,
            "nr_measurements": 246,
            "temperature": {
                "min": 25,
                "max": 26,
                "mean": 25.934959349593495,
                "std": 0.24659757541631055
            },
            "util.gpu": {
                "min": 0,
                "max": 0,
                "mean": 0.0,
                "std": 0.0
            },
            "util.memory": {
                "min": 0,
                "max": 0,
                "mean": 0.0,
                "std": 0.0
            },
            "power_usage": {
                "min": 1.04,
                "max": 1.795,
                "mean": 1.3892845528455284,
                "std": 0.11338563023372598
            },
            "memory.used": {
                "min": 16384000,
                "max": 16384000,
                "mean": 16384000.0,
                "std": 0.0
            },
            "memory.free": {
                "min": 16892231680,
                "max": 16892231680,
                "mean": 16892231680.0,
                "std": 0.0
            },
            "total_power_draw": 17.10595342993164
        },
        "total": {
            "start_unix": 1676810377.262802,
            "end_unix": 1676810389.56132,
            "nr_measurements": 246,
            "total_power_draw": 17.10595342993164,
            "start_utc": "2023-02-19 12:39:37",
            "end_utc": "2023-02-19 12:39:49",
            "total_duration": 12.298518180847168
        }
    },
    "validation_pyrapl": {
        "0": {
            "start_unix": 1676810377.26123,
            "end_unix": 1676810389.61472,
            "start_utc": "2023-02-19 12:39:37",
            "end_utc": "2023-02-19 12:39:49",
            "total_duration": 12.353490114212036,
            "nr_measurements": 247,
            "duration": {
                "min": 0.002043,
                "max": 0.050479,
                "mean": 0.05002271255060728,
                "std": 0.0030641268344267047
            },
            "package-0": {
                "min": 13.563387175721976,
                "max": 135.68366146051503,
                "mean": 73.07125927875681,
                "std": 25.525052038254742
            },
            "package-0.dram": {
                "min": 3.0851688693098382,
                "max": 12.306105758681907,
                "mean": 7.42771809027918,
                "std": 1.3975205867245553
            },
            "total_power_draw": 904.9955470000002
        },
        "total": {
            "start_unix": 1676810377.26123,
            "end_unix": 1676810389.61472,
            "nr_measurements": 247,
            "total_power_draw": 904.9955470000002,
            "start_utc": "2023-02-19 12:39:37",
            "end_utc": "2023-02-19 12:39:49",
            "total_duration": 12.353490114212036
        }
    },
    "full_log": "mnt_data/results_merged/infer_2023_02_19_12_39_37.tar.gz"
}