{
    "directory_name": "infer_2023_01_24_18_55_29",
    "requirements": [
        "# 3.7.7 (default, Mar 23 2020, 22:36:06)",
        "# [GCC 7.3.0]",
        "wrapt==1.11.2",
        "typed-ast==1.4.0",
        "six==1.12.0",
        "setuptools==41.6.0",
        "pytz==2019.3",
        "python-dateutil==2.8.0",
        "pyparsing==2.4.2",
        "pylint==2.4.3",
        "numpy==1.17.3",
        "mccabe==0.6.1",
        "matplotlib==3.1.1",
        "lazy-object-proxy==1.4.3",
        "kiwisolver==1.1.0",
        "isort==4.3.21",
        "cycler==0.10.0",
        "astroid==2.3.2",
        "wheel==0.37.1",
        "urllib3==1.26.14",
        "typing-extensions==4.4.0",
        "tqdm==4.64.1",
        "toolz==0.12.0",
        "rpy2==2.9.4",
        "requests==2.28.2",
        "pynvml==11.4.1",
        "pydantic==1.10.4",
        "pyarrow==8.0.0",
        "py-rapl==0.1",
        "pip==22.3.1",
        "pandas==1.3.5",
        "orjson==3.8.5",
        "mxnet==1.9.1",
        "markupsafe==2.1.1",
        "jinja2==3.1.2",
        "idna==3.4",
        "graphviz==0.8.4",
        "gluonts==0.11.8",
        "charset-normalizer==3.0.1",
        "certifi==2022.12.7"
    ],
    "validation_results": {
        "metrics": {
            "aggregated": {
                "MSE": 210950856012.5026,
                "abs_error": 159306372.48535672,
                "abs_target_sum": 985133951.055007,
                "abs_target_mean": 475450.7485786713,
                "seasonal_error": 33106.09397154501,
                "MASE": 3.344154795404301,
                "MAPE": 0.35772679789480843,
                "sMAPE": 0.33927874299823435,
                "MSIS": 33.833137866066124,
                "QuantileLoss[0.1]": 73478838.58758049,
                "Coverage[0.1]": 0.10617760617760617,
                "QuantileLoss[0.5]": 159306373.1880907,
                "Coverage[0.5]": 0.612934362934363,
                "QuantileLoss[0.9]": 123486215.16973951,
                "Coverage[0.9]": 0.821911196911197,
                "RMSE": 459293.8667264158,
                "NRMSE": 0.9660177591463355,
                "ND": 0.16171036671180722,
                "wQuantileLoss[0.1]": 0.07458766242792667,
                "wQuantileLoss[0.5]": 0.16171036742514575,
                "wQuantileLoss[0.9]": 0.12534966949164095,
                "mean_absolute_QuantileLoss": 118757142.31513691,
                "mean_wQuantileLoss": 0.12054923311490445,
                "MAE_Coverage": 0.06573359073359074,
                "OWA": NaN
            }
        },
        "start": 1674582929.5176978,
        "end": 1674582930.1261754,
        "model": null,
        "data": null
    },
    "config": {
        "dataset": "tourism_yearly_dataset",
        "model": "feed_forward",
        "output_dir": "mnt_data/results",
        "epochs": 100,
        "datadir": "mnt_data/data",
        "cpu_monitor_interval": 0.05,
        "gpu_monitor_interval": 0.05,
        "seed": 42,
        "timestamp": "2023_01_24_18_55_29",
        "lag": 2,
        "train_logdir": "mnt_data/results/train_2023_01_24_18_55_09"
    },
    "validation_pyrapl": {
        "0": {
            "start_unix": 1674586529.477663,
            "end_unix": 1674586530.131433,
            "start_utc": "2023-01-24 18:55:29",
            "end_utc": "2023-01-24 18:55:30",
            "total_duration": 0.6537699699401855,
            "nr_measurements": 14,
            "duration": {
                "min": 0.001999,
                "max": 0.05052,
                "mean": 0.04682350000000001,
                "std": 0.012433535348001387
            },
            "package-0": {
                "min": 10.900450225112557,
                "max": 151.69314461391042,
                "mean": 62.93928604058971,
                "std": 44.34981669307288
            },
            "package-0.dram": {
                "min": 2.5049528488786748,
                "max": 7.189809731067942,
                "mean": 5.796212610017478,
                "std": 1.5270174090857909
            },
            "total_power_draw": 43.709483000000006
        },
        "total": {
            "start_unix": 1674586529.477663,
            "end_unix": 1674586530.131433,
            "nr_measurements": 14,
            "total_power_draw": 43.709483000000006,
            "start_utc": "2023-01-24 18:55:29",
            "end_utc": "2023-01-24 18:55:30",
            "total_duration": 0.6537699699401855
        }
    },
    "validation_pynvml": {
        "0": {
            "start_unix": 1674586529.486432,
            "end_unix": 1674586530.08239,
            "start_utc": "2023-01-24 18:55:29",
            "end_utc": "2023-01-24 18:55:30",
            "total_duration": 0.5959579944610596,
            "nr_measurements": 13,
            "temperature": {
                "min": 22,
                "max": 22,
                "mean": 22.0,
                "std": 0.0
            },
            "util.gpu": {
                "min": 0,
                "max": 0,
                "mean": 0.0,
                "std": 0.0
            },
            "util.memory": {
                "min": 0,
                "max": 0,
                "mean": 0.0,
                "std": 0.0
            },
            "power_usage": {
                "min": 1.103,
                "max": 1.454,
                "mean": 1.2461538461538462,
                "std": 0.13342289398395335
            },
            "memory.used": {
                "min": 16384000,
                "max": 16384000,
                "mean": 16384000.0,
                "std": 0.0
            },
            "memory.free": {
                "min": 16892231680,
                "max": 16892231680,
                "mean": 16892231680.0,
                "std": 0.0
            },
            "total_power_draw": 0.7506716655273437
        },
        "total": {
            "start_unix": 1674586529.486432,
            "end_unix": 1674586530.08239,
            "nr_measurements": 13,
            "total_power_draw": 0.7506716655273437,
            "start_utc": "2023-01-24 18:55:29",
            "end_utc": "2023-01-24 18:55:30",
            "total_duration": 0.5959579944610596
        }
    },
    "execution_platform": {
        "System": "Linux",
        "Node Name": "ls8ws022",
        "Release": "5.4.0-137-generic",
        "Version": "#154-Ubuntu SMP Thu Jan 5 17:03:22 UTC 2023",
        "Machine": "x86_64",
        "Processor": "Intel(R) Xeon(R) W-2155 CPU @ 3.30GHz"
    },
    "full_log": "mnt_data/results_merged/infer_2023_01_24_18_55_29.tar.gz"
}