{
    "directory_name": "infer_2023_01_24_19_22_12",
    "requirements": [
        "# 3.7.7 (default, Mar 23 2020, 22:36:06)",
        "# [GCC 7.3.0]",
        "wrapt==1.11.2",
        "typed-ast==1.4.0",
        "six==1.12.0",
        "setuptools==41.6.0",
        "pytz==2019.3",
        "python-dateutil==2.8.0",
        "pyparsing==2.4.2",
        "pylint==2.4.3",
        "numpy==1.17.3",
        "mccabe==0.6.1",
        "matplotlib==3.1.1",
        "lazy-object-proxy==1.4.3",
        "kiwisolver==1.1.0",
        "isort==4.3.21",
        "cycler==0.10.0",
        "astroid==2.3.2",
        "wheel==0.37.1",
        "urllib3==1.26.14",
        "typing-extensions==4.4.0",
        "tqdm==4.64.1",
        "toolz==0.12.0",
        "rpy2==2.9.4",
        "requests==2.28.2",
        "pynvml==11.4.1",
        "pydantic==1.10.4",
        "pyarrow==8.0.0",
        "py-rapl==0.1",
        "pip==22.3.1",
        "pandas==1.3.5",
        "orjson==3.8.5",
        "mxnet==1.9.1",
        "markupsafe==2.1.1",
        "jinja2==3.1.2",
        "idna==3.4",
        "graphviz==0.8.4",
        "gluonts==0.11.8",
        "charset-normalizer==3.0.1",
        "certifi==2022.12.7"
    ],
    "validation_results": {
        "metrics": {
            "aggregated": {
                "MSE": 81379418.6656496,
                "abs_error": 17393413.193166185,
                "abs_target_sum": 166958474.8984375,
                "abs_target_mean": 19007.112351825763,
                "seasonal_error": 1542.9874709095218,
                "MASE": 1.4950622929833977,
                "MAPE": 0.21994414824188235,
                "sMAPE": 0.19574689448550212,
                "MSIS": 14.891926858650917,
                "QuantileLoss[0.1]": 8381867.836846216,
                "Coverage[0.1]": 0.12078779599271403,
                "QuantileLoss[0.5]": 17393413.193166185,
                "Coverage[0.5]": 0.489867941712204,
                "QuantileLoss[0.9]": 9850195.124627149,
                "Coverage[0.9]": 0.8191029143897995,
                "RMSE": 9021.05418815615,
                "NRMSE": 0.47461466114233897,
                "ND": 0.10417807903280604,
                "wQuantileLoss[0.1]": 0.05020330858882719,
                "wQuantileLoss[0.5]": 0.10417807903280604,
                "wQuantileLoss[0.9]": 0.05899787435539957,
                "mean_absolute_QuantileLoss": 11875158.718213184,
                "mean_wQuantileLoss": 0.07112642065901094,
                "MAE_Coverage": 0.0372723132969035,
                "OWA": NaN
            }
        },
        "start": 1674584532.2031121,
        "end": 1674584811.2492366,
        "model": null,
        "data": null
    },
    "validation_pyrapl": {
        "0": {
            "start_unix": 1674588132.165472,
            "end_unix": 1674588411.32377,
            "start_utc": "2023-01-24 19:22:12",
            "end_utc": "2023-01-24 19:26:51",
            "total_duration": 279.1582980155945,
            "nr_measurements": 5533,
            "duration": {
                "min": 0.002037,
                "max": 0.050509,
                "mean": 0.050454132116392554,
                "std": 0.0006519382984522228
            },
            "package-0": {
                "min": 15.560256842188709,
                "max": 134.86996625870987,
                "mean": 45.45716008713213,
                "std": 3.0923382079712525
            },
            "package-0.dram": {
                "min": 3.4008799223131656,
                "max": 7.97643593519882,
                "mean": 6.833859640303356,
                "std": 0.1606934479699173
            },
            "total_power_draw": 12689.506820999984
        },
        "total": {
            "start_unix": 1674588132.165472,
            "end_unix": 1674588411.32377,
            "nr_measurements": 5533,
            "total_power_draw": 12689.506820999984,
            "start_utc": "2023-01-24 19:22:12",
            "end_utc": "2023-01-24 19:26:51",
            "total_duration": 279.1582980155945
        }
    },
    "validation_pynvml": {
        "0": {
            "start_unix": 1674588132.170569,
            "end_unix": 1674588411.220946,
            "start_utc": "2023-01-24 19:22:12",
            "end_utc": "2023-01-24 19:26:51",
            "total_duration": 279.0503771305084,
            "nr_measurements": 5531,
            "temperature": {
                "min": 22,
                "max": 22,
                "mean": 22.0,
                "std": 0.0
            },
            "util.gpu": {
                "min": 0,
                "max": 0,
                "mean": 0.0,
                "std": 0.0
            },
            "util.memory": {
                "min": 0,
                "max": 0,
                "mean": 0.0,
                "std": 0.0
            },
            "power_usage": {
                "min": 1.016,
                "max": 2.083,
                "mean": 1.428275357078286,
                "std": 0.15688019422800908
            },
            "memory.used": {
                "min": 16384000,
                "max": 16384000,
                "mean": 16384000.0,
                "std": 0.0
            },
            "memory.free": {
                "min": 16892231680,
                "max": 16892231680,
                "mean": 16892231680.0,
                "std": 0.0
            },
            "total_power_draw": 398.5639553193359
        },
        "total": {
            "start_unix": 1674588132.170569,
            "end_unix": 1674588411.220946,
            "nr_measurements": 5531,
            "total_power_draw": 398.5639553193359,
            "start_utc": "2023-01-24 19:22:12",
            "end_utc": "2023-01-24 19:26:51",
            "total_duration": 279.0503771305084
        }
    },
    "config": {
        "dataset": "tourism_monthly_dataset",
        "model": "arima",
        "output_dir": "mnt_data/results",
        "epochs": 100,
        "datadir": "mnt_data/data",
        "cpu_monitor_interval": 0.05,
        "gpu_monitor_interval": 0.05,
        "seed": 42,
        "timestamp": "2023_01_24_19_22_12",
        "lag": 15,
        "train_logdir": "mnt_data/results/train_2023_01_24_19_22_10"
    },
    "execution_platform": {
        "System": "Linux",
        "Node Name": "ls8ws022",
        "Release": "5.4.0-137-generic",
        "Version": "#154-Ubuntu SMP Thu Jan 5 17:03:22 UTC 2023",
        "Machine": "x86_64",
        "Processor": "Intel(R) Xeon(R) W-2155 CPU @ 3.30GHz"
    },
    "full_log": "mnt_data/results_merged/infer_2023_01_24_19_22_12.tar.gz"
}