{
    "directory_name": "infer_2023_01_27_01_12_20",
    "execution_platform": {
        "System": "Linux",
        "Node Name": "ls8ws022",
        "Release": "5.4.0-137-generic",
        "Version": "#154-Ubuntu SMP Thu Jan 5 17:03:22 UTC 2023",
        "Machine": "x86_64",
        "Processor": "Intel(R) Xeon(R) W-2155 CPU @ 3.30GHz"
    },
    "validation_results": {
        "metrics": {
            "aggregated": {
                "MSE": 798313379.3316134,
                "abs_error": 3988721.505432844,
                "abs_target_sum": 56576717.36915088,
                "abs_target_mean": 44062.863994665786,
                "seasonal_error": 1694.7955323293138,
                "MASE": 0.7048473748343842,
                "MAPE": 0.23813739358675637,
                "sMAPE": 0.10797637197075882,
                "MSIS": 5.752290015706882,
                "QuantileLoss[0.1]": 3776553.065921288,
                "Coverage[0.1]": 0.1277258566978193,
                "QuantileLoss[0.5]": 3988721.3804602064,
                "Coverage[0.5]": 0.529595015576324,
                "QuantileLoss[0.9]": 1127840.5582324758,
                "Coverage[0.9]": 0.9182242990654206,
                "RMSE": 28254.439993240238,
                "NRMSE": 0.6412302204564074,
                "ND": 0.07050111231104655,
                "wQuantileLoss[0.1]": 0.06675101069014121,
                "wQuantileLoss[0.5]": 0.07050111010214077,
                "wQuantileLoss[0.9]": 0.01993471185105278,
                "mean_absolute_QuantileLoss": 2964371.6682046563,
                "mean_wQuantileLoss": 0.05239561088111159,
                "MAE_Coverage": 0.025181723779854632,
                "OWA": NaN
            }
        },
        "start": 1674778340.4871097,
        "end": 1674778341.6325808,
        "model": null,
        "data": null
    },
    "config": {
        "dataset": "fred_md_dataset",
        "model": "transformer",
        "output_dir": "mnt_data/results",
        "epochs": 100,
        "datadir": "mnt_data/data",
        "cpu_monitor_interval": 0.05,
        "gpu_monitor_interval": 0.05,
        "seed": 42,
        "timestamp": "2023_01_27_01_12_20",
        "lag": 15,
        "external_forecast_horizon": 12,
        "train_logdir": "mnt_data/results/train_2023_01_27_01_10_31"
    },
    "validation_pynvml": {
        "0": {
            "start_unix": 1674781940.455475,
            "end_unix": 1674781941.604469,
            "start_utc": "2023-01-27 01:12:20",
            "end_utc": "2023-01-27 01:12:21",
            "total_duration": 1.148993968963623,
            "nr_measurements": 24,
            "temperature": {
                "min": 22,
                "max": 22,
                "mean": 22.0,
                "std": 0.0
            },
            "util.gpu": {
                "min": 0,
                "max": 0,
                "mean": 0.0,
                "std": 0.0
            },
            "util.memory": {
                "min": 0,
                "max": 0,
                "mean": 0.0,
                "std": 0.0
            },
            "power_usage": {
                "min": 1.31,
                "max": 1.952,
                "mean": 1.6241666666666668,
                "std": 0.2102743578174846
            },
            "memory.used": {
                "min": 16384000,
                "max": 16384000,
                "mean": 16384000.0,
                "std": 0.0
            },
            "memory.free": {
                "min": 16892231680,
                "max": 16892231680,
                "mean": 16892231680.0,
                "std": 0.0
            },
            "total_power_draw": 1.8788929885253902
        },
        "total": {
            "start_unix": 1674781940.455475,
            "end_unix": 1674781941.604469,
            "nr_measurements": 24,
            "total_power_draw": 1.8788929885253902,
            "start_utc": "2023-01-27 01:12:20",
            "end_utc": "2023-01-27 01:12:21",
            "total_duration": 1.148993968963623
        }
    },
    "validation_pyrapl": {
        "0": {
            "start_unix": 1674781940.448178,
            "end_unix": 1674781941.653378,
            "start_utc": "2023-01-27 01:12:20",
            "end_utc": "2023-01-27 01:12:21",
            "total_duration": 1.205199956893921,
            "nr_measurements": 25,
            "duration": {
                "min": 0.002141,
                "max": 0.050497,
                "mean": 0.04828592,
                "std": 0.009420738955814455
            },
            "package-0": {
                "min": 15.344903417533432,
                "max": 92.04044154340579,
                "mean": 66.41963453760376,
                "std": 27.03818121562042
            },
            "package-0.dram": {
                "min": 2.5871088276506304,
                "max": 8.084558750174585,
                "mean": 6.726966589043994,
                "std": 1.402590874700881
            },
            "total_power_draw": 82.27499700000001
        },
        "total": {
            "start_unix": 1674781940.448178,
            "end_unix": 1674781941.653378,
            "nr_measurements": 25,
            "total_power_draw": 82.27499700000001,
            "start_utc": "2023-01-27 01:12:20",
            "end_utc": "2023-01-27 01:12:21",
            "total_duration": 1.205199956893921
        }
    },
    "requirements": [
        "# 3.7.7 (default, Mar 23 2020, 22:36:06)",
        "# [GCC 7.3.0]",
        "wrapt==1.11.2",
        "typed-ast==1.4.0",
        "six==1.12.0",
        "setuptools==41.6.0",
        "pytz==2019.3",
        "python-dateutil==2.8.0",
        "pyparsing==2.4.2",
        "pylint==2.4.3",
        "numpy==1.17.3",
        "mccabe==0.6.1",
        "matplotlib==3.1.1",
        "lazy-object-proxy==1.4.3",
        "kiwisolver==1.1.0",
        "isort==4.3.21",
        "cycler==0.10.0",
        "astroid==2.3.2",
        "wheel==0.37.1",
        "urllib3==1.26.14",
        "typing-extensions==4.4.0",
        "tqdm==4.64.1",
        "toolz==0.12.0",
        "rpy2==2.9.4",
        "requests==2.28.2",
        "pynvml==11.4.1",
        "pydantic==1.10.4",
        "pyarrow==8.0.0",
        "py-rapl==0.1",
        "pip==22.3.1",
        "pandas==1.3.5",
        "orjson==3.8.5",
        "mxnet==1.9.1",
        "markupsafe==2.1.1",
        "jinja2==3.1.2",
        "idna==3.4",
        "graphviz==0.8.4",
        "gluonts==0.11.8",
        "charset-normalizer==3.0.1",
        "certifi==2022.12.7"
    ],
    "full_log": "mnt_data/results_merged/infer_2023_01_27_01_12_20.tar.gz"
}