{
    "directory_name": "infer_2023_02_23_16_54_05",
    "validation_results": {
        "metrics": {
            "aggregated": {
                "MSE": 91671.48488817971,
                "abs_error": 127822.0068204125,
                "abs_target_sum": 322962.0,
                "abs_target_mean": 203.8901515151515,
                "seasonal_error": 157.4710620013378,
                "MASE": 0.43610892711780896,
                "MAPE": 2.376749088152781,
                "sMAPE": 0.7856689513923315,
                "MSIS": 8.480450299091357,
                "QuantileLoss[0.1]": 132335.289141806,
                "Coverage[0.1]": 0.011363636363636364,
                "QuantileLoss[0.5]": 127822.0068204125,
                "Coverage[0.5]": 0.42739898989898983,
                "QuantileLoss[0.9]": 148445.42980615183,
                "Coverage[0.9]": 0.9848484848484851,
                "RMSE": 302.77299233613905,
                "NRMSE": 1.4849809570799175,
                "ND": 0.3957803296375812,
                "wQuantileLoss[0.1]": 0.4097549839975167,
                "wQuantileLoss[0.5]": 0.3957803296375812,
                "wQuantileLoss[0.9]": 0.45963744900685477,
                "mean_absolute_QuantileLoss": 136200.90858945678,
                "mean_wQuantileLoss": 0.42172425421398424,
                "MAE_Coverage": 0.08202861952861962,
                "OWA": NaN
            }
        },
        "start": 1677167645.4143429,
        "end": 1677206465.390369,
        "model": null,
        "data": null
    },
    "requirements": [
        "# 3.7.7 (default, Mar 23 2020, 22:36:06)",
        "# [GCC 7.3.0]",
        "wrapt==1.11.2",
        "typed-ast==1.4.0",
        "six==1.12.0",
        "setuptools==41.6.0",
        "pytz==2019.3",
        "python-dateutil==2.8.0",
        "pyparsing==2.4.2",
        "pylint==2.4.3",
        "numpy==1.17.3",
        "mccabe==0.6.1",
        "matplotlib==3.1.1",
        "lazy-object-proxy==1.4.3",
        "kiwisolver==1.1.0",
        "isort==4.3.21",
        "cycler==0.10.0",
        "astroid==2.3.2",
        "wheel==0.37.1",
        "urllib3==1.26.14",
        "typing-extensions==4.4.0",
        "tqdm==4.64.1",
        "toolz==0.12.0",
        "rpy2==2.9.4",
        "requests==2.28.2",
        "pynvml==11.4.1",
        "pydantic==1.10.4",
        "pyarrow==8.0.0",
        "py-rapl==0.1",
        "pip==22.3.1",
        "pandas==1.3.5",
        "orjson==3.8.5",
        "mxnet==1.9.1",
        "markupsafe==2.1.1",
        "jinja2==3.1.2",
        "idna==3.4",
        "graphviz==0.8.4",
        "gluonts==0.11.8",
        "charset-normalizer==3.0.1",
        "certifi==2022.12.7"
    ],
    "execution_platform": {
        "System": "Linux",
        "Node Name": "ls8ws022",
        "Release": "5.4.0-137-generic",
        "Version": "#154-Ubuntu SMP Thu Jan 5 17:03:22 UTC 2023",
        "Machine": "x86_64",
        "Processor": "Intel(R) Xeon(R) W-2155 CPU @ 3.30GHz"
    },
    "config": {
        "dataset": "pedestrian_counts_dataset",
        "model": "arima",
        "output_dir": "mnt_data/results",
        "epochs": 100,
        "datadir": "mnt_data/data",
        "cpu_monitor_interval": 0.05,
        "gpu_monitor_interval": 0.05,
        "seed": 42,
        "timestamp": "2023_02_23_16_54_05",
        "lag": 210,
        "external_forecast_horizon": 24,
        "integer_conversion": true,
        "train_logdir": "mnt_data/results/train_2023_02_23_16_54_01"
    },
    "validation_pyrapl": {
        "0": {
            "start_unix": 1677171245.377133,
            "end_unix": 1677210069.623156,
            "start_utc": "2023-02-23 16:54:05",
            "end_utc": "2023-02-24 03:41:09",
            "total_duration": 38824.2460231781,
            "nr_measurements": 770926,
            "duration": {
                "min": 0.002548,
                "max": 0.05245,
                "mean": 0.050360538657406806,
                "std": 0.00016958886912657526
            },
            "package-0": {
                "min": 10.827315541601257,
                "max": 98.77158941190562,
                "mean": 52.47746526836984,
                "std": 11.210800245524037
            },
            "package-0.dram": {
                "min": 3.7468602825745685,
                "max": 8.272123937634962,
                "mean": 6.606528759873053,
                "std": 0.09868746387650718
            },
            "total_power_draw": 2036636.8897088745
        },
        "total": {
            "start_unix": 1677171245.377133,
            "end_unix": 1677210069.623156,
            "nr_measurements": 770926,
            "total_power_draw": 2036636.8897088745,
            "start_utc": "2023-02-23 16:54:05",
            "end_utc": "2023-02-24 03:41:09",
            "total_duration": 38824.2460231781
        }
    },
    "validation_pynvml": {
        "0": {
            "start_unix": 1677171245.380335,
            "end_unix": 1677210065.3664498,
            "start_utc": "2023-02-23 16:54:05",
            "end_utc": "2023-02-24 03:41:05",
            "total_duration": 38819.98611474037,
            "nr_measurements": 770887,
            "temperature": {
                "min": 25,
                "max": 26,
                "mean": 25.233542659300262,
                "std": 0.42308448989205805
            },
            "util.gpu": {
                "min": 0,
                "max": 0,
                "mean": 0.0,
                "std": 0.0
            },
            "util.memory": {
                "min": 0,
                "max": 0,
                "mean": 0.0,
                "std": 0.0
            },
            "power_usage": {
                "min": 0.824,
                "max": 2.381,
                "mean": 1.3457756545382142,
                "std": 0.1597888521063447
            },
            "memory.used": {
                "min": 16384000,
                "max": 16384000,
                "mean": 16384000.0,
                "std": 0.0
            },
            "memory.free": {
                "min": 16892231680,
                "max": 16892231680,
                "mean": 16892231680.0,
                "std": 0.0
            },
            "total_power_draw": 52242.02217690834
        },
        "total": {
            "start_unix": 1677171245.380335,
            "end_unix": 1677210065.3664498,
            "nr_measurements": 770887,
            "total_power_draw": 52242.02217690834,
            "start_utc": "2023-02-23 16:54:05",
            "end_utc": "2023-02-24 03:41:05",
            "total_duration": 38819.98611474037
        }
    },
    "full_log": "mnt_data/results_merged/infer_2023_02_23_16_54_05.tar.gz"
}