{
    "directory_name": "infer_2023_01_27_19_02_13",
    "config": {
        "dataset": "saugeenday_dataset",
        "model": "nbeats",
        "output_dir": "mnt_data/results",
        "epochs": 100,
        "datadir": "mnt_data/data",
        "cpu_monitor_interval": 0.05,
        "gpu_monitor_interval": 0.05,
        "seed": 42,
        "timestamp": "2023_01_27_19_02_13",
        "lag": 9,
        "external_forecast_horizon": 30,
        "train_logdir": "mnt_data/results/train_2023_01_27_18_52_38"
    },
    "validation_results": {
        "metrics": {
            "aggregated": {
                "MSE": 2531.5778645833334,
                "abs_error": 902.6124877929688,
                "abs_target_sum": 1524.7000732421875,
                "abs_target_mean": 50.82333577473958,
                "seasonal_error": 4.517625738085196,
                "MASE": 6.659932599725438,
                "MAPE": 0.4430177370707194,
                "sMAPE": 0.6429606119791667,
                "MSIS": 266.3973364140973,
                "QuantileLoss[0.1]": 180.52249755859376,
                "Coverage[0.1]": 0.0,
                "QuantileLoss[0.5]": 902.6124877929688,
                "Coverage[0.5]": 0.0,
                "QuantileLoss[0.9]": 1624.702478027344,
                "Coverage[0.9]": 0.0,
                "RMSE": 50.31478773266696,
                "NRMSE": 0.9899938082709363,
                "ND": 0.5919934704755506,
                "wQuantileLoss[0.1]": 0.11839869409511013,
                "wQuantileLoss[0.5]": 0.5919934704755506,
                "wQuantileLoss[0.9]": 1.0655882468559912,
                "mean_absolute_QuantileLoss": 902.6124877929688,
                "mean_wQuantileLoss": 0.5919934704755506,
                "MAE_Coverage": 0.5,
                "OWA": NaN
            }
        },
        "start": 1674842533.7837594,
        "end": 1674842537.7452598,
        "model": null,
        "data": null
    },
    "requirements": [
        "# 3.7.7 (default, Mar 23 2020, 22:36:06)",
        "# [GCC 7.3.0]",
        "wrapt==1.11.2",
        "typed-ast==1.4.0",
        "six==1.12.0",
        "setuptools==41.6.0",
        "pytz==2019.3",
        "python-dateutil==2.8.0",
        "pyparsing==2.4.2",
        "pylint==2.4.3",
        "numpy==1.17.3",
        "mccabe==0.6.1",
        "matplotlib==3.1.1",
        "lazy-object-proxy==1.4.3",
        "kiwisolver==1.1.0",
        "isort==4.3.21",
        "cycler==0.10.0",
        "astroid==2.3.2",
        "wheel==0.37.1",
        "urllib3==1.26.14",
        "typing-extensions==4.4.0",
        "tqdm==4.64.1",
        "toolz==0.12.0",
        "rpy2==2.9.4",
        "requests==2.28.2",
        "pynvml==11.4.1",
        "pydantic==1.10.4",
        "pyarrow==8.0.0",
        "py-rapl==0.1",
        "pip==22.3.1",
        "pandas==1.3.5",
        "orjson==3.8.5",
        "mxnet==1.9.1",
        "markupsafe==2.1.1",
        "jinja2==3.1.2",
        "idna==3.4",
        "graphviz==0.8.4",
        "gluonts==0.11.8",
        "charset-normalizer==3.0.1",
        "certifi==2022.12.7"
    ],
    "execution_platform": {
        "System": "Linux",
        "Node Name": "ls8ws022",
        "Release": "5.4.0-137-generic",
        "Version": "#154-Ubuntu SMP Thu Jan 5 17:03:22 UTC 2023",
        "Machine": "x86_64",
        "Processor": "Intel(R) Xeon(R) W-2155 CPU @ 3.30GHz"
    },
    "validation_pynvml": {
        "0": {
            "start_unix": 1674846133.81259,
            "end_unix": 1674846137.717272,
            "start_utc": "2023-01-27 19:02:13",
            "end_utc": "2023-01-27 19:02:17",
            "total_duration": 3.904682159423828,
            "nr_measurements": 79,
            "temperature": {
                "min": 22,
                "max": 22,
                "mean": 22.0,
                "std": 0.0
            },
            "util.gpu": {
                "min": 0,
                "max": 0,
                "mean": 0.0,
                "std": 0.0
            },
            "util.memory": {
                "min": 0,
                "max": 0,
                "mean": 0.0,
                "std": 0.0
            },
            "power_usage": {
                "min": 1.178,
                "max": 1.824,
                "mean": 1.4914177215189877,
                "std": 0.13233172812378086
            },
            "memory.used": {
                "min": 16384000,
                "max": 16384000,
                "mean": 16384000.0,
                "std": 0.0
            },
            "memory.free": {
                "min": 16892231680,
                "max": 16892231680,
                "mean": 16892231680.0,
                "std": 0.0
            },
            "total_power_draw": 5.840881455810548
        },
        "total": {
            "start_unix": 1674846133.81259,
            "end_unix": 1674846137.717272,
            "nr_measurements": 79,
            "total_power_draw": 5.840881455810548,
            "start_utc": "2023-01-27 19:02:13",
            "end_utc": "2023-01-27 19:02:17",
            "total_duration": 3.904682159423828
        }
    },
    "validation_pyrapl": {
        "0": {
            "start_unix": 1674846133.74566,
            "end_unix": 1674846137.805452,
            "start_utc": "2023-01-27 19:02:13",
            "end_utc": "2023-01-27 19:02:17",
            "total_duration": 4.0597920417785645,
            "nr_measurements": 82,
            "duration": {
                "min": 0.002049,
                "max": 0.05049,
                "mean": 0.04953317073170732,
                "std": 0.005276915328625696
            },
            "package-0": {
                "min": 14.08931185944363,
                "max": 77.20099428982151,
                "mean": 68.4320187066694,
                "std": 15.103334869237997
            },
            "package-0.dram": {
                "min": 3.4646168862859934,
                "max": 7.563926576217079,
                "mean": 6.780230337794786,
                "std": 0.6758700287804077
            },
            "total_power_draw": 280.48237500000005
        },
        "total": {
            "start_unix": 1674846133.74566,
            "end_unix": 1674846137.805452,
            "nr_measurements": 82,
            "total_power_draw": 280.48237500000005,
            "start_utc": "2023-01-27 19:02:13",
            "end_utc": "2023-01-27 19:02:17",
            "total_duration": 4.0597920417785645
        }
    },
    "full_log": "mnt_data/results_merged/infer_2023_01_27_19_02_13.tar.gz"
}