{
    "directory_name": "infer_2023_02_10_03_05_16",
    "execution_platform": {
        "System": "Linux",
        "Node Name": "ls8ws022",
        "Release": "5.4.0-137-generic",
        "Version": "#154-Ubuntu SMP Thu Jan 5 17:03:22 UTC 2023",
        "Machine": "x86_64",
        "Processor": "Intel(R) Xeon(R) W-2155 CPU @ 3.30GHz"
    },
    "validation_results": {
        "metrics": {
            "aggregated": {
                "MSE": 7027716.630183128,
                "abs_error": 28017098.763549805,
                "abs_target_sum": 108163005.0,
                "abs_target_mean": 2005.6928682688028,
                "seasonal_error": 190.8169179446506,
                "MASE": 4.007867511221413,
                "MAPE": 0.30392444801917984,
                "sMAPE": 0.24959522822617317,
                "MSIS": 61.138959163630844,
                "QuantileLoss[0.1]": 29736675.067667328,
                "Coverage[0.1]": 0.4683837709538644,
                "QuantileLoss[0.5]": 28017098.868219413,
                "Coverage[0.5]": 0.8112112446224595,
                "QuantileLoss[0.9]": 8610456.590516517,
                "Coverage[0.9]": 0.9573505414626912,
                "RMSE": 2650.9840871237097,
                "NRMSE": 1.321729826666774,
                "ND": 0.2590266308110597,
                "wQuantileLoss[0.1]": 0.2749246386753708,
                "wQuantileLoss[0.5]": 0.2590266317787622,
                "wQuantileLoss[0.9]": 0.07960629968182298,
                "mean_absolute_QuantileLoss": 22121410.175467752,
                "mean_wQuantileLoss": 0.20451919004531863,
                "MAE_Coverage": 0.24564851901300502,
                "OWA": NaN
            }
        },
        "start": 1675994716.528997,
        "end": 1675994813.8048759,
        "model": null,
        "data": null
    },
    "requirements": [
        "# 3.7.7 (default, Mar 23 2020, 22:36:06)",
        "# [GCC 7.3.0]",
        "wrapt==1.11.2",
        "typed-ast==1.4.0",
        "six==1.12.0",
        "setuptools==41.6.0",
        "pytz==2019.3",
        "python-dateutil==2.8.0",
        "pyparsing==2.4.2",
        "pylint==2.4.3",
        "numpy==1.17.3",
        "mccabe==0.6.1",
        "matplotlib==3.1.1",
        "lazy-object-proxy==1.4.3",
        "kiwisolver==1.1.0",
        "isort==4.3.21",
        "cycler==0.10.0",
        "astroid==2.3.2",
        "wheel==0.37.1",
        "urllib3==1.26.14",
        "typing-extensions==4.4.0",
        "tqdm==4.64.1",
        "toolz==0.12.0",
        "rpy2==2.9.4",
        "requests==2.28.2",
        "pynvml==11.4.1",
        "pydantic==1.10.4",
        "pyarrow==8.0.0",
        "py-rapl==0.1",
        "pip==22.3.1",
        "pandas==1.3.5",
        "orjson==3.8.5",
        "mxnet==1.9.1",
        "markupsafe==2.1.1",
        "jinja2==3.1.2",
        "idna==3.4",
        "graphviz==0.8.4",
        "gluonts==0.11.8",
        "charset-normalizer==3.0.1",
        "certifi==2022.12.7"
    ],
    "config": {
        "dataset": "electricity_hourly_dataset",
        "model": "transformer",
        "output_dir": "mnt_data/results",
        "epochs": 100,
        "datadir": "mnt_data/data",
        "cpu_monitor_interval": 0.05,
        "gpu_monitor_interval": 0.05,
        "seed": 42,
        "timestamp": "2023_02_10_03_05_16",
        "lag": 30,
        "external_forecast_horizon": 168,
        "integer_conversion": true,
        "train_logdir": "mnt_data/results/train_2023_02_10_02_31_14"
    },
    "validation_pyrapl": {
        "0": {
            "start_unix": 1675998316.489832,
            "end_unix": 1675998413.895474,
            "start_utc": "2023-02-10 03:05:16",
            "end_utc": "2023-02-10 03:06:53",
            "total_duration": 97.40564203262329,
            "nr_measurements": 1944,
            "duration": {
                "min": 0.002062,
                "max": 0.051758,
                "mean": 0.050106820987654316,
                "std": 0.0010934868111807225
            },
            "package-0": {
                "min": 11.247817652764306,
                "max": 114.26033849592847,
                "mean": 96.30941488269411,
                "std": 13.068017549396352
            },
            "package-0.dram": {
                "min": 2.329776915615907,
                "max": 10.766432953549518,
                "mean": 9.110611708454572,
                "std": 0.7676927093089252
            },
            "total_power_draw": 9384.194116000013
        },
        "total": {
            "start_unix": 1675998316.489832,
            "end_unix": 1675998413.895474,
            "nr_measurements": 1944,
            "total_power_draw": 9384.194116000013,
            "start_utc": "2023-02-10 03:05:16",
            "end_utc": "2023-02-10 03:06:53",
            "total_duration": 97.40564203262329
        }
    },
    "validation_pynvml": {
        "0": {
            "start_unix": 1675998316.494625,
            "end_unix": 1675998413.79874,
            "start_utc": "2023-02-10 03:05:16",
            "end_utc": "2023-02-10 03:06:53",
            "total_duration": 97.304114818573,
            "nr_measurements": 1942,
            "temperature": {
                "min": 24,
                "max": 25,
                "mean": 24.038105046343976,
                "std": 0.1914498675557097
            },
            "util.gpu": {
                "min": 0,
                "max": 0,
                "mean": 0.0,
                "std": 0.0
            },
            "util.memory": {
                "min": 0,
                "max": 0,
                "mean": 0.0,
                "std": 0.0
            },
            "power_usage": {
                "min": 0.91,
                "max": 1.858,
                "mean": 1.3039181256436663,
                "std": 0.13239622363162093
            },
            "memory.used": {
                "min": 16384000,
                "max": 16384000,
                "mean": 16384000.0,
                "std": 0.0
            },
            "memory.free": {
                "min": 16892231680,
                "max": 16892231680,
                "mean": 16892231680.0,
                "std": 0.0
            },
            "total_power_draw": 126.89599374316411
        },
        "total": {
            "start_unix": 1675998316.494625,
            "end_unix": 1675998413.79874,
            "nr_measurements": 1942,
            "total_power_draw": 126.89599374316411,
            "start_utc": "2023-02-10 03:05:16",
            "end_utc": "2023-02-10 03:06:53",
            "total_duration": 97.304114818573
        }
    },
    "full_log": "mnt_data/results_merged/infer_2023_02_10_03_05_16.tar.gz"
}