{
    "directory_name": "infer_2023_01_27_23_51_15",
    "execution_platform": {
        "System": "Linux",
        "Node Name": "ls8ws022",
        "Release": "5.4.0-137-generic",
        "Version": "#154-Ubuntu SMP Thu Jan 5 17:03:22 UTC 2023",
        "Machine": "x86_64",
        "Processor": "Intel(R) Xeon(R) W-2155 CPU @ 3.30GHz"
    },
    "validation_results": {
        "metrics": {
            "aggregated": {
                "MSE": 20.779230466001007,
                "abs_error": 250146.69761602773,
                "abs_target_sum": 984815.1437503695,
                "abs_target_mean": 10.906037029350713,
                "seasonal_error": 2.6976834574808968,
                "MASE": 1.1842042188962012,
                "MAPE": 1.29968326573646,
                "sMAPE": 0.6411595308924273,
                "MSIS": 10.33540010698982,
                "QuantileLoss[0.1]": 115491.80585977006,
                "Coverage[0.1]": 0.0769545957918051,
                "QuantileLoss[0.5]": 250146.69761602773,
                "Coverage[0.5]": 0.7478626799557032,
                "QuantileLoss[0.9]": 169503.297972798,
                "Coverage[0.9]": 0.9784717607973423,
                "RMSE": 4.558424120899788,
                "NRMSE": 0.41797255122387683,
                "ND": 0.25400370739976635,
                "wQuantileLoss[0.1]": 0.11727257302315089,
                "wQuantileLoss[0.5]": 0.25400370739976635,
                "wQuantileLoss[0.9]": 0.1721168678695335,
                "mean_absolute_QuantileLoss": 178380.60048286524,
                "mean_wQuantileLoss": 0.18113104943081693,
                "MAE_Coverage": 0.11645994832041347,
                "OWA": NaN
            }
        },
        "start": 1674859875.2695248,
        "end": 1674864627.2224994,
        "model": null,
        "data": null
    },
    "requirements": [
        "# 3.7.7 (default, Mar 23 2020, 22:36:06)",
        "# [GCC 7.3.0]",
        "wrapt==1.11.2",
        "typed-ast==1.4.0",
        "six==1.12.0",
        "setuptools==41.6.0",
        "pytz==2019.3",
        "python-dateutil==2.8.0",
        "pyparsing==2.4.2",
        "pylint==2.4.3",
        "numpy==1.17.3",
        "mccabe==0.6.1",
        "matplotlib==3.1.1",
        "lazy-object-proxy==1.4.3",
        "kiwisolver==1.1.0",
        "isort==4.3.21",
        "cycler==0.10.0",
        "astroid==2.3.2",
        "wheel==0.37.1",
        "urllib3==1.26.14",
        "typing-extensions==4.4.0",
        "tqdm==4.64.1",
        "toolz==0.12.0",
        "rpy2==2.9.4",
        "requests==2.28.2",
        "pynvml==11.4.1",
        "pydantic==1.10.4",
        "pyarrow==8.0.0",
        "py-rapl==0.1",
        "pip==22.3.1",
        "pandas==1.3.5",
        "orjson==3.8.5",
        "mxnet==1.9.1",
        "markupsafe==2.1.1",
        "jinja2==3.1.2",
        "idna==3.4",
        "graphviz==0.8.4",
        "gluonts==0.11.8",
        "charset-normalizer==3.0.1",
        "certifi==2022.12.7"
    ],
    "config": {
        "dataset": "weather_dataset",
        "model": "arima",
        "output_dir": "mnt_data/results",
        "epochs": 100,
        "datadir": "mnt_data/data",
        "cpu_monitor_interval": 0.05,
        "gpu_monitor_interval": 0.05,
        "seed": 42,
        "timestamp": "2023_01_27_23_51_15",
        "lag": 9,
        "external_forecast_horizon": 30,
        "train_logdir": "mnt_data/results/train_2023_01_27_23_50_41"
    },
    "validation_pynvml": {
        "0": {
            "start_unix": 1674863475.225187,
            "end_unix": 1674868227.214988,
            "start_utc": "2023-01-27 23:51:15",
            "end_utc": "2023-01-28 01:10:27",
            "total_duration": 4751.989800930023,
            "nr_measurements": 94408,
            "temperature": {
                "min": 22,
                "max": 22,
                "mean": 22.0,
                "std": 0.0
            },
            "util.gpu": {
                "min": 0,
                "max": 0,
                "mean": 0.0,
                "std": 0.0
            },
            "util.memory": {
                "min": 0,
                "max": 0,
                "mean": 0.0,
                "std": 0.0
            },
            "power_usage": {
                "min": 0.998,
                "max": 2.479,
                "mean": 1.5723216782476064,
                "std": 0.17304753609782056
            },
            "memory.used": {
                "min": 16384000,
                "max": 16384000,
                "mean": 16384000.0,
                "std": 0.0
            },
            "memory.free": {
                "min": 16892231680,
                "max": 16892231680,
                "mean": 16892231680.0,
                "std": 0.0
            },
            "total_power_draw": 7471.393963947071
        },
        "total": {
            "start_unix": 1674863475.225187,
            "end_unix": 1674868227.214988,
            "nr_measurements": 94408,
            "total_power_draw": 7471.393963947071,
            "start_utc": "2023-01-27 23:51:15",
            "end_utc": "2023-01-28 01:10:27",
            "total_duration": 4751.989800930023
        }
    },
    "validation_pyrapl": {
        "0": {
            "start_unix": 1674863475.229776,
            "end_unix": 1674868227.880273,
            "start_utc": "2023-01-27 23:51:15",
            "end_utc": "2023-01-28 01:10:27",
            "total_duration": 4752.650497198105,
            "nr_measurements": 94438,
            "duration": {
                "min": 0.001999,
                "max": 0.050711,
                "mean": 0.050325637529384355,
                "std": 0.00024031802531377665
            },
            "package-0": {
                "min": 13.858068222336675,
                "max": 157.45619847907227,
                "mean": 52.95032389497743,
                "std": 13.130848577674357
            },
            "package-0.dram": {
                "min": 2.60629234853588,
                "max": 9.503822278996427,
                "mean": 7.129979254322246,
                "std": 0.2959274937869125
            },
            "total_power_draw": 251521.1755000013
        },
        "total": {
            "start_unix": 1674863475.229776,
            "end_unix": 1674868227.880273,
            "nr_measurements": 94438,
            "total_power_draw": 251521.1755000013,
            "start_utc": "2023-01-27 23:51:15",
            "end_utc": "2023-01-28 01:10:27",
            "total_duration": 4752.650497198105
        }
    },
    "full_log": "mnt_data/results_merged/infer_2023_01_27_23_51_15.tar.gz"
}