{
    "directory_name": "infer_2023_01_24_18_42_56",
    "validation_results": {
        "metrics": {
            "aggregated": {
                "MSE": 216022640571.479,
                "abs_error": 155882829.75527418,
                "abs_target_sum": 985133951.055007,
                "abs_target_mean": 475450.7485786713,
                "seasonal_error": 33106.09397154501,
                "MASE": 3.438389401715487,
                "MAPE": 0.3560418398947164,
                "sMAPE": 0.32154391109655056,
                "MSIS": 47.49205919241447,
                "QuantileLoss[0.1]": 61372392.043708846,
                "Coverage[0.1]": 0.1780888030888031,
                "QuantileLoss[0.5]": 155882829.75527418,
                "Coverage[0.5]": 0.4049227799227799,
                "QuantileLoss[0.9]": 119591887.99198711,
                "Coverage[0.9]": 0.6761583011583011,
                "RMSE": 464782.3582834002,
                "NRMSE": 0.9775615238231014,
                "ND": 0.15823516140960828,
                "wQuantileLoss[0.1]": 0.06229852496504,
                "wQuantileLoss[0.5]": 0.15823516140960828,
                "wQuantileLoss[0.9]": 0.12139657542399475,
                "mean_absolute_QuantileLoss": 112282369.93032338,
                "mean_wQuantileLoss": 0.113976753932881,
                "MAE_Coverage": 0.13233590733590736,
                "OWA": NaN
            }
        },
        "start": 1674582176.5924582,
        "end": 1674582208.225919,
        "model": null,
        "data": null
    },
    "requirements": [
        "# 3.7.7 (default, Mar 23 2020, 22:36:06)",
        "# [GCC 7.3.0]",
        "wrapt==1.11.2",
        "typed-ast==1.4.0",
        "six==1.12.0",
        "setuptools==41.6.0",
        "pytz==2019.3",
        "python-dateutil==2.8.0",
        "pyparsing==2.4.2",
        "pylint==2.4.3",
        "numpy==1.17.3",
        "mccabe==0.6.1",
        "matplotlib==3.1.1",
        "lazy-object-proxy==1.4.3",
        "kiwisolver==1.1.0",
        "isort==4.3.21",
        "cycler==0.10.0",
        "astroid==2.3.2",
        "wheel==0.37.1",
        "urllib3==1.26.14",
        "typing-extensions==4.4.0",
        "tqdm==4.64.1",
        "toolz==0.12.0",
        "rpy2==2.9.4",
        "requests==2.28.2",
        "pynvml==11.4.1",
        "pydantic==1.10.4",
        "pyarrow==8.0.0",
        "py-rapl==0.1",
        "pip==22.3.1",
        "pandas==1.3.5",
        "orjson==3.8.5",
        "mxnet==1.9.1",
        "markupsafe==2.1.1",
        "jinja2==3.1.2",
        "idna==3.4",
        "graphviz==0.8.4",
        "gluonts==0.11.8",
        "charset-normalizer==3.0.1",
        "certifi==2022.12.7"
    ],
    "config": {
        "dataset": "tourism_yearly_dataset",
        "model": "arima",
        "output_dir": "mnt_data/results",
        "epochs": 100,
        "datadir": "mnt_data/data",
        "cpu_monitor_interval": 0.05,
        "gpu_monitor_interval": 0.05,
        "seed": 42,
        "timestamp": "2023_01_24_18_42_56",
        "lag": 2,
        "train_logdir": "mnt_data/results/train_2023_01_24_18_42_54"
    },
    "validation_pynvml": {
        "0": {
            "start_unix": 1674585776.561536,
            "end_unix": 1674585808.19268,
            "start_utc": "2023-01-24 18:42:56",
            "end_utc": "2023-01-24 18:43:28",
            "total_duration": 31.631143808364868,
            "nr_measurements": 628,
            "temperature": {
                "min": 22,
                "max": 22,
                "mean": 22.0,
                "std": 0.0
            },
            "util.gpu": {
                "min": 0,
                "max": 0,
                "mean": 0.0,
                "std": 0.0
            },
            "util.memory": {
                "min": 0,
                "max": 0,
                "mean": 0.0,
                "std": 0.0
            },
            "power_usage": {
                "min": 1.212,
                "max": 2.168,
                "mean": 1.5616671974522291,
                "std": 0.1728975960877133
            },
            "memory.used": {
                "min": 16384000,
                "max": 16384000,
                "mean": 16384000.0,
                "std": 0.0
            },
            "memory.free": {
                "min": 16892231680,
                "max": 16892231680,
                "mean": 16892231680.0,
                "std": 0.0
            },
            "total_power_draw": 49.3946707429199
        },
        "total": {
            "start_unix": 1674585776.561536,
            "end_unix": 1674585808.19268,
            "nr_measurements": 628,
            "total_power_draw": 49.3946707429199,
            "start_utc": "2023-01-24 18:42:56",
            "end_utc": "2023-01-24 18:43:28",
            "total_duration": 31.631143808364868
        }
    },
    "validation_pyrapl": {
        "0": {
            "start_unix": 1674585776.552003,
            "end_unix": 1674585808.239502,
            "start_utc": "2023-01-24 18:42:56",
            "end_utc": "2023-01-24 18:43:28",
            "total_duration": 31.687499046325684,
            "nr_measurements": 629,
            "duration": {
                "min": 0.001987,
                "max": 0.050517,
                "mean": 0.05038047694753577,
                "std": 0.0019317835515010842
            },
            "package-0": {
                "min": 13.730246602918973,
                "max": 148.979554385335,
                "mean": 46.85702139291745,
                "std": 6.907015954254569
            },
            "package-0.dram": {
                "min": 2.7569199798691497,
                "max": 7.723497830695168,
                "mean": 6.930090105516197,
                "std": 0.27231474620277973
            },
            "total_power_draw": 1486.4157499999994
        },
        "total": {
            "start_unix": 1674585776.552003,
            "end_unix": 1674585808.239502,
            "nr_measurements": 629,
            "total_power_draw": 1486.4157499999994,
            "start_utc": "2023-01-24 18:42:56",
            "end_utc": "2023-01-24 18:43:28",
            "total_duration": 31.687499046325684
        }
    },
    "execution_platform": {
        "System": "Linux",
        "Node Name": "ls8ws022",
        "Release": "5.4.0-137-generic",
        "Version": "#154-Ubuntu SMP Thu Jan 5 17:03:22 UTC 2023",
        "Machine": "x86_64",
        "Processor": "Intel(R) Xeon(R) W-2155 CPU @ 3.30GHz"
    },
    "full_log": "mnt_data/results_merged/infer_2023_01_24_18_42_56.tar.gz"
}