{
    "directory_name": "infer_2023_03_01_18_42_15",
    "requirements": [
        "# 3.7.7 (default, Mar 23 2020, 22:36:06)",
        "# [GCC 7.3.0]",
        "wrapt==1.11.2",
        "typed-ast==1.4.0",
        "six==1.12.0",
        "setuptools==41.6.0",
        "pytz==2019.3",
        "python-dateutil==2.8.0",
        "pyparsing==2.4.2",
        "pylint==2.4.3",
        "numpy==1.17.3",
        "mccabe==0.6.1",
        "matplotlib==3.1.1",
        "lazy-object-proxy==1.4.3",
        "kiwisolver==1.1.0",
        "isort==4.3.21",
        "cycler==0.10.0",
        "astroid==2.3.2",
        "zipp==3.14.0",
        "wheel==0.37.1",
        "urllib3==1.26.14",
        "typing-extensions==4.4.0",
        "tqdm==4.64.1",
        "toolz==0.12.0",
        "rpy2==2.9.4",
        "requests==2.28.2",
        "pynvml==11.4.1",
        "pydantic==1.10.4",
        "pyarrow==8.0.0",
        "py-rapl==0.1",
        "py-cpuinfo==9.0.0",
        "psutil==5.9.4",
        "pip==22.3.1",
        "pandas==1.3.5",
        "orjson==3.8.5",
        "mxnet==1.9.1",
        "markupsafe==2.1.1",
        "jinja2==3.1.2",
        "importlib-metadata==6.0.0",
        "idna==3.4",
        "graphviz==0.8.4",
        "gluonts==0.11.8",
        "fuzzywuzzy==0.18.0",
        "codecarbon==2.1.4",
        "click==8.1.3",
        "charset-normalizer==3.0.1",
        "certifi==2022.12.7",
        "arrow==1.2.3"
    ],
    "validation_results": {
        "metrics": {
            "aggregated": {
                "MSE": 185.31688713261747,
                "abs_error": 7005540.319986304,
                "abs_target_sum": 6338863.920570279,
                "abs_target_mean": 6.58815989083965,
                "seasonal_error": 5.035596683611523,
                "MASE": 1.7506147512556516,
                "MAPE": 330.64433524621523,
                "sMAPE": 1.4881877514543287,
                "MSIS": 20.399238535995817,
                "QuantileLoss[0.1]": 2671493.605118713,
                "Coverage[0.1]": 0.09199301571464205,
                "QuantileLoss[0.5]": 7005540.319986304,
                "Coverage[0.5]": 0.8121164879022201,
                "QuantileLoss[0.9]": 4111411.214235368,
                "Coverage[0.9]": 0.9403914109919349,
                "RMSE": 13.613114527271762,
                "NRMSE": 2.0662999612683643,
                "ND": 1.1051728523864648,
                "wQuantileLoss[0.1]": 0.4214467511204075,
                "wQuantileLoss[0.5]": 1.1051728523864648,
                "wQuantileLoss[0.9]": 0.6486037980549492,
                "mean_absolute_QuantileLoss": 4596148.379780129,
                "mean_wQuantileLoss": 0.7250744671872739,
                "MAE_Coverage": 0.12017162772650432,
                "OWA": NaN
            }
        },
        "start": 1677692536.0997024,
        "end": 1677697386.7813349,
        "model": null,
        "data": null
    },
    "validation_psutil": {
        "4143094": {
            "start_unix": 1677696136.068397,
            "end_unix": 1677700987.382298,
            "start_utc": "2023-03-01 18:42:16",
            "end_utc": "2023-03-01 20:03:07",
            "total_duration": 4851.313900947571,
            "nr_measurements": 96288,
            "cpu_num": {
                "min": 1,
                "max": 19,
                "mean": 11.750571203057493,
                "std": 5.82675809389412
            },
            "cpu_percent": {
                "min": 0.0,
                "max": 124.7,
                "mean": 99.46048209538053,
                "std": 10.174743457018382
            },
            "mem_rss": {
                "min": 822108160,
                "max": 1896157184,
                "mean": 1111439174.1894317,
                "std": 220693935.4217124
            },
            "mem_vms": {
                "min": 5283536896,
                "max": 6645227520,
                "mean": 5580392202.379528,
                "std": 225289191.88410372
            },
            "mem_shared": {
                "min": 127320064,
                "max": 133009408,
                "mean": 132497812.46128282,
                "std": 34837.96606224094
            },
            "mem_text": {
                "min": 2330624,
                "max": 2330624,
                "mean": 2330624.0,
                "std": 0.0
            },
            "mem_lib": {
                "min": 0,
                "max": 0,
                "mean": 0.0,
                "std": 0.0
            },
            "mem_data": {
                "min": 4154687488,
                "max": 5270208512,
                "mean": 4448381809.4941845,
                "std": 221189716.05895844
            },
            "mem_uss": {
                "min": 115712000,
                "max": 1622474752,
                "mean": 794223775.9893652,
                "std": 244182716.77328056
            },
            "mem_pss": {
                "min": 201080832,
                "max": 1690688512,
                "mean": 872481400.6726487,
                "std": 237260443.31063953
            },
            "total_power_draw": -1
        },
        "total": {
            "start_unix": 1677696136.068397,
            "end_unix": 1677700987.382298,
            "nr_measurements": 96288,
            "total_power_draw": -1,
            "start_utc": "2023-03-01 18:42:16",
            "end_utc": "2023-03-01 20:03:07",
            "total_duration": 4851.313900947571
        }
    },
    "execution_platform": {
        "System": "Linux",
        "Node Name": "ls8ws022",
        "Release": "5.4.0-137-generic",
        "Version": "#154-Ubuntu SMP Thu Jan 5 17:03:22 UTC 2023",
        "Machine": "x86_64",
        "Processor": "Intel(R) Xeon(R) W-2155 CPU @ 3.30GHz",
        "Physical cores": 10,
        "Total cores": 20,
        "Max Frequency": 4500.0,
        "Min Frequency": 1200.0,
        "Current Frequency": 1203.1261000000002,
        "Total": 67103240192,
        "Available": 64398053376,
        "Used": 1962979328
    },
    "config": {
        "dataset": "temperature_rain_dataset_without_missing_values",
        "model": "arima",
        "output_dir": "mnt_data/results",
        "epochs": 100,
        "datadir": "mnt_data/data",
        "cpu_monitor_interval": 0.05,
        "gpu_monitor_interval": 0.05,
        "seed": 42,
        "timestamp": "2023_03_01_18_42_15",
        "lag": 9,
        "external_forecast_horizon": 30,
        "train_logdir": "mnt_data/results/train_2023_03_01_18_41_45"
    },
    "validation_pyrapl": {
        "0": {
            "start_unix": 1677696136.060947,
            "end_unix": 1677700988.269808,
            "start_utc": "2023-03-01 18:42:16",
            "end_utc": "2023-03-01 20:03:08",
            "total_duration": 4852.208861112595,
            "nr_measurements": 96349,
            "duration": {
                "min": 0.002167,
                "max": 0.059818,
                "mean": 0.0503607813262203,
                "std": 0.0002278025868505991
            },
            "package-0": {
                "min": 14.082602676511305,
                "max": 159.18317365269462,
                "mean": 44.47134813979903,
                "std": 5.121428750013822
            },
            "package-0.dram": {
                "min": 2.6405168435625286,
                "max": 8.152081919437903,
                "mean": 7.109180274050605,
                "std": 0.15264604864720965
            },
            "total_power_draw": 215780.22872900037
        },
        "total": {
            "start_unix": 1677696136.060947,
            "end_unix": 1677700988.269808,
            "nr_measurements": 96349,
            "total_power_draw": 215780.22872900037,
            "start_utc": "2023-03-01 18:42:16",
            "end_utc": "2023-03-01 20:03:08",
            "total_duration": 4852.208861112595
        }
    },
    "validation_pynvml": {
        "0": {
            "start_unix": 1677696136.06273,
            "end_unix": 1677700986.769085,