{
    "directory_name": "infer_2023_01_24_23_26_16",
    "requirements": [
        "# 3.7.7 (default, Mar 23 2020, 22:36:06)",
        "# [GCC 7.3.0]",
        "wrapt==1.11.2",
        "typed-ast==1.4.0",
        "six==1.12.0",
        "setuptools==41.6.0",
        "pytz==2019.3",
        "python-dateutil==2.8.0",
        "pyparsing==2.4.2",
        "pylint==2.4.3",
        "numpy==1.17.3",
        "mccabe==0.6.1",
        "matplotlib==3.1.1",
        "lazy-object-proxy==1.4.3",
        "kiwisolver==1.1.0",
        "isort==4.3.21",
        "cycler==0.10.0",
        "astroid==2.3.2",
        "wheel==0.37.1",
        "urllib3==1.26.14",
        "typing-extensions==4.4.0",
        "tqdm==4.64.1",
        "toolz==0.12.0",
        "rpy2==2.9.4",
        "requests==2.28.2",
        "pynvml==11.4.1",
        "pydantic==1.10.4",
        "pyarrow==8.0.0",
        "py-rapl==0.1",
        "pip==22.3.1",
        "pandas==1.3.5",
        "orjson==3.8.5",
        "mxnet==1.9.1",
        "markupsafe==2.1.1",
        "jinja2==3.1.2",
        "idna==3.4",
        "graphviz==0.8.4",
        "gluonts==0.11.8",
        "charset-normalizer==3.0.1",
        "certifi==2022.12.7"
    ],
    "config": {
        "dataset": "m4_quarterly_dataset",
        "model": "arima",
        "output_dir": "mnt_data/results",
        "epochs": 100,
        "datadir": "mnt_data/data",
        "cpu_monitor_interval": 0.05,
        "gpu_monitor_interval": 0.05,
        "seed": 42,
        "timestamp": "2023_01_24_23_26_16",
        "lag": 5,
        "train_logdir": "mnt_data/results/train_2023_01_24_23_26_08"
    },
    "validation_results": {
        "metrics": {
            "aggregated": {
                "MSE": 2056237.6202559364,
                "abs_error": 111131618.8794316,
                "abs_target_sum": 1147074070.9041748,
                "abs_target_mean": 5974.3441192925775,
                "seasonal_error": 473.43326980952094,
                "MASE": 1.1722724663536321,
                "MAPE": 0.12602296955927547,
                "sMAPE": 0.10591291311843988,
                "MSIS": 11.374640853274245,
                "QuantileLoss[0.1]": 59433577.56902674,
                "Coverage[0.1]": 0.13063541666666667,
                "QuantileLoss[0.5]": 111131618.8794316,
                "Coverage[0.5]": 0.4695052083333333,
                "QuantileLoss[0.9]": 62676886.63603915,
                "Coverage[0.9]": 0.837234375,
                "RMSE": 1433.9587233445516,
                "NRMSE": 0.24001943890609814,
                "ND": 0.096882687612172,
                "wQuantileLoss[0.1]": 0.05181319940584007,
                "wQuantileLoss[0.5]": 0.096882687612172,
                "wQuantileLoss[0.9]": 0.05464066203382528,
                "mean_absolute_QuantileLoss": 77747361.02816583,
                "mean_wQuantileLoss": 0.06777884968394578,
                "MAE_Coverage": 0.04129861111111113,
                "OWA": NaN
            }
        },
        "start": 1674599176.8549364,
        "end": 1674607211.4964004,
        "model": null,
        "data": null
    },
    "execution_platform": {
        "System": "Linux",
        "Node Name": "ls8ws022",
        "Release": "5.4.0-137-generic",
        "Version": "#154-Ubuntu SMP Thu Jan 5 17:03:22 UTC 2023",
        "Machine": "x86_64",
        "Processor": "Intel(R) Xeon(R) W-2155 CPU @ 3.30GHz"
    },
    "validation_pyrapl": {
        "0": {
            "start_unix": 1674602776.814982,
            "end_unix": 1674610812.428568,
            "start_utc": "2023-01-24 23:26:16",
            "end_utc": "2023-01-25 01:40:12",
            "total_duration": 8035.613585948944,
            "nr_measurements": 159278,
            "duration": {
                "min": 0.002108,
                "max": 0.051295,
                "mean": 0.05045025739901305,
                "std": 0.0001324600262966218
            },
            "package-0": {
                "min": 12.56593927893738,
                "max": 162.89240657936762,
                "mean": 45.22106927484786,
                "std": 4.246197621815704
            },
            "package-0.dram": {
                "min": 0.0,
                "max": 8.12885270580778,
                "mean": 6.9271200896447,
                "std": 0.12164087715043212
            },
            "total_power_draw": 363374.663446
        },
        "total": {
            "start_unix": 1674602776.814982,
            "end_unix": 1674610812.428568,
            "nr_measurements": 159278,
            "total_power_draw": 363374.663446,
            "start_utc": "2023-01-24 23:26:16",
            "end_utc": "2023-01-25 01:40:12",
            "total_duration": 8035.613585948944
        }
    },
    "validation_pynvml": {
        "0": {
            "start_unix": 1674602776.824381,
            "end_unix": 1674610811.455283,
            "start_utc": "2023-01-24 23:26:16",
            "end_utc": "2023-01-25 01:40:11",
            "total_duration": 8034.630901813507,
            "nr_measurements": 159250,
            "temperature": {
                "min": 21,
                "max": 22,
                "mean": 21.19273469387755,
                "std": 0.3944464876931695
            },
            "util.gpu": {
                "min": 0,
                "max": 0,
                "mean": 0.0,
                "std": 0.0
            },
            "util.memory": {
                "min": 0,
                "max": 0,
                "mean": 0.0,
                "std": 0.0
            },
            "power_usage": {
                "min": 0.955,
                "max": 2.431,
                "mean": 1.4725093563579283,
                "std": 0.1662619874043062
            },
            "memory.used": {
                "min": 16384000,
                "max": 16384000,
                "mean": 16384000.0,
                "std": 0.0
            },
            "memory.free": {
                "min": 16892231680,
                "max": 16892231680,
                "mean": 16892231680.0,
                "std": 0.0
            },
            "total_power_draw": 11830.837902953917
        },
        "total": {
            "start_unix": 1674602776.824381,
            "end_unix": 1674610811.455283,
            "nr_measurements": 159250,
            "total_power_draw": 11830.837902953917,
            "start_utc": "2023-01-24 23:26:16",
            "end_utc": "2023-01-25 01:40:11",
            "total_duration": 8034.630901813507
        }
    },
    "full_log": "mnt_data/results_merged/infer_2023_01_24_23_26_16.tar.gz"
}