{
    "directory_name": "infer_2023_01_26_09_49_10",
    "validation_results": {
        "metrics": {
            "aggregated": {
                "MSE": 417728.3033509321,
                "abs_error": 1501589.3267211914,
                "abs_target_sum": 25616889.502441406,
                "abs_target_mean": 5488.941397566189,
                "seasonal_error": 216.54813922503874,
                "MASE": 2.7329733312789504,
                "MAPE": 0.07916300907373454,
                "sMAPE": 0.07973375702079266,
                "MSIS": 25.06291534495741,
                "QuantileLoss[0.1]": 742868.1339172364,
                "Coverage[0.1]": 0.06620955646025282,
                "QuantileLoss[0.5]": 1501589.3239364624,
                "Coverage[0.5]": 0.3987572316263125,
                "QuantileLoss[0.9]": 768708.5687393188,
                "Coverage[0.9]": 0.8907220912791942,
                "RMSE": 646.3190414578021,
                "NRMSE": 0.11774930622221283,
                "ND": 0.05861716062670619,
                "wQuantileLoss[0.1]": 0.02899915439953932,
                "wQuantileLoss[0.5]": 0.05861716051799943,
                "wQuantileLoss[0.9]": 0.030007880881324694,
                "mean_absolute_QuantileLoss": 1004388.6755310058,
                "mean_wQuantileLoss": 0.03920806526628782,
                "MAE_Coverage": 0.04810370687808017,
                "OWA": NaN
            }
        },
        "start": 1674722950.2675202,
        "end": 1674722952.9969354,
        "model": null,
        "data": null
    },
    "config": {
        "dataset": "m4_weekly_dataset",
        "model": "deepar",
        "output_dir": "mnt_data/results",
        "epochs": 100,
        "datadir": "mnt_data/data",
        "cpu_monitor_interval": 0.05,
        "gpu_monitor_interval": 0.05,
        "seed": 42,
        "timestamp": "2023_01_26_09_49_10",
        "lag": 65,
        "train_logdir": "mnt_data/results/train_2023_01_26_09_41_41"
    },
    "requirements": [
        "# 3.7.7 (default, Mar 23 2020, 22:36:06)",
        "# [GCC 7.3.0]",
        "wrapt==1.11.2",
        "typed-ast==1.4.0",
        "six==1.12.0",
        "setuptools==41.6.0",
        "pytz==2019.3",
        "python-dateutil==2.8.0",
        "pyparsing==2.4.2",
        "pylint==2.4.3",
        "numpy==1.17.3",
        "mccabe==0.6.1",
        "matplotlib==3.1.1",
        "lazy-object-proxy==1.4.3",
        "kiwisolver==1.1.0",
        "isort==4.3.21",
        "cycler==0.10.0",
        "astroid==2.3.2",
        "wheel==0.37.1",
        "urllib3==1.26.14",
        "typing-extensions==4.4.0",
        "tqdm==4.64.1",
        "toolz==0.12.0",
        "rpy2==2.9.4",
        "requests==2.28.2",
        "pynvml==11.4.1",
        "pydantic==1.10.4",
        "pyarrow==8.0.0",
        "py-rapl==0.1",
        "pip==22.3.1",
        "pandas==1.3.5",
        "orjson==3.8.5",
        "mxnet==1.9.1",
        "markupsafe==2.1.1",
        "jinja2==3.1.2",
        "idna==3.4",
        "graphviz==0.8.4",
        "gluonts==0.11.8",
        "charset-normalizer==3.0.1",
        "certifi==2022.12.7"
    ],
    "validation_pynvml": {
        "0": {
            "start_unix": 1674726550.236251,
            "end_unix": 1674726552.988115,
            "start_utc": "2023-01-26 09:49:10",
            "end_utc": "2023-01-26 09:49:12",
            "total_duration": 2.751863956451416,
            "nr_measurements": 56,
            "temperature": {
                "min": 22,
                "max": 22,
                "mean": 22.0,
                "std": 0.0
            },
            "util.gpu": {
                "min": 0,
                "max": 0,
                "mean": 0.0,
                "std": 0.0
            },
            "util.memory": {
                "min": 0,
                "max": 0,
                "mean": 0.0,
                "std": 0.0
            },
            "power_usage": {
                "min": 1.277,
                "max": 2.24,
                "mean": 1.6215357142857145,
                "std": 0.20186036229866167
            },
            "memory.used": {
                "min": 16384000,
                "max": 16384000,
                "mean": 16384000.0,
                "std": 0.0
            },
            "memory.free": {
                "min": 16892231680,
                "max": 16892231680,
                "mean": 16892231680.0,
                "std": 0.0
            },
            "total_power_draw": 4.475645478759766
        },
        "total": {
            "start_unix": 1674726550.236251,
            "end_unix": 1674726552.988115,
            "nr_measurements": 56,
            "total_power_draw": 4.475645478759766,
            "start_utc": "2023-01-26 09:49:10",
            "end_utc": "2023-01-26 09:49:12",
            "total_duration": 2.751863956451416
        }
    },
    "validation_pyrapl": {
        "0": {
            "start_unix": 1674726550.230256,
            "end_unix": 1674726553.0385,
            "start_utc": "2023-01-26 09:49:10",
            "end_utc": "2023-01-26 09:49:13",
            "total_duration": 2.808243989944458,
            "nr_measurements": 57,
            "duration": {
                "min": 0.002145,
                "max": 0.050489,
                "mean": 0.04930170175438597,
                "std": 0.006303055285224255
            },
            "package-0": {
                "min": 9.503962703962703,
                "max": 135.2397324548268,
                "mean": 72.60031630504363,
                "std": 25.160384875607555
            },
            "package-0.dram": {
                "min": 2.368298368298368,
                "max": 7.319497684076025,
                "mean": 6.562712245879144,
                "std": 0.9155771406818988
            },
            "total_power_draw": 206.9622390000001
        },
        "total": {
            "start_unix": 1674726550.230256,
            "end_unix": 1674726553.0385,
            "nr_measurements": 57,
            "total_power_draw": 206.9622390000001,
            "start_utc": "2023-01-26 09:49:10",
            "end_utc": "2023-01-26 09:49:13",
            "total_duration": 2.808243989944458
        }
    },
    "execution_platform": {
        "System": "Linux",
        "Node Name": "ls8ws022",
        "Release": "5.4.0-137-generic",
        "Version": "#154-Ubuntu SMP Thu Jan 5 17:03:22 UTC 2023",
        "Machine": "x86_64",
        "Processor": "Intel(R) Xeon(R) W-2155 CPU @ 3.30GHz"
    },
    "full_log": "mnt_data/results_merged/infer_2023_01_26_09_49_10.tar.gz"
}