{
    "directory_name": "infer_2023_01_24_23_02_19",
    "validation_results": {
        "metrics": {
            "aggregated": {
                "MSE": 1769832.0417165128,
                "abs_error": 17970339.733276367,
                "abs_target_sum": 136519561.81640625,
                "abs_target_mean": 5311.218558061245,
                "seasonal_error": 756.2819274714382,
                "MASE": 1.023493870356221,
                "MAPE": 0.2242126916183018,
                "sMAPE": 0.15405776258876883,
                "MSIS": 9.637909854696279,
                "QuantileLoss[0.1]": 9143486.477014162,
                "Coverage[0.1]": 0.15908029878618113,
                "QuantileLoss[0.5]": 17970339.703063965,
                "Coverage[0.5]": 0.6219265483971367,
                "QuantileLoss[0.9]": 10086221.768212888,
                "Coverage[0.9]": 0.9009881730469967,
                "RMSE": 1330.350345479157,
                "NRMSE": 0.2504793073258079,
                "ND": 0.13163197635693538,
                "wQuantileLoss[0.1]": 0.06697565063467222,
                "wQuantileLoss[0.5]": 0.13163197613563082,
                "wQuantileLoss[0.9]": 0.07388114665777352,
                "mean_absolute_QuantileLoss": 12400015.982763672,
                "mean_wQuantileLoss": 0.09082959114269218,
                "MAE_Coverage": 0.06066500674343817,
                "OWA": NaN
            }
        },
        "start": 1674597739.7566638,
        "end": 1674597741.0573785,
        "model": null,
        "data": null
    },
    "requirements": [
        "# 3.7.7 (default, Mar 23 2020, 22:36:06)",
        "# [GCC 7.3.0]",
        "wrapt==1.11.2",
        "typed-ast==1.4.0",
        "six==1.12.0",
        "setuptools==41.6.0",
        "pytz==2019.3",
        "python-dateutil==2.8.0",
        "pyparsing==2.4.2",
        "pylint==2.4.3",
        "numpy==1.17.3",
        "mccabe==0.6.1",
        "matplotlib==3.1.1",
        "lazy-object-proxy==1.4.3",
        "kiwisolver==1.1.0",
        "isort==4.3.21",
        "cycler==0.10.0",
        "astroid==2.3.2",
        "wheel==0.37.1",
        "urllib3==1.26.14",
        "typing-extensions==4.4.0",
        "tqdm==4.64.1",
        "toolz==0.12.0",
        "rpy2==2.9.4",
        "requests==2.28.2",
        "pynvml==11.4.1",
        "pydantic==1.10.4",
        "pyarrow==8.0.0",
        "py-rapl==0.1",
        "pip==22.3.1",
        "pandas==1.3.5",
        "orjson==3.8.5",
        "mxnet==1.9.1",
        "markupsafe==2.1.1",
        "jinja2==3.1.2",
        "idna==3.4",
        "graphviz==0.8.4",
        "gluonts==0.11.8",
        "charset-normalizer==3.0.1",
        "certifi==2022.12.7"
    ],
    "validation_pynvml": {
        "0": {
            "start_unix": 1674601339.724904,
            "end_unix": 1674601341.023907,
            "start_utc": "2023-01-24 23:02:19",
            "end_utc": "2023-01-24 23:02:21",
            "total_duration": 1.2990028858184814,
            "nr_measurements": 27,
            "temperature": {
                "min": 21,
                "max": 22,
                "mean": 21.925925925925927,
                "std": 0.2618914004394621
            },
            "util.gpu": {
                "min": 0,
                "max": 0,
                "mean": 0.0,
                "std": 0.0
            },
            "util.memory": {
                "min": 0,
                "max": 0,
                "mean": 0.0,
                "std": 0.0
            },
            "power_usage": {
                "min": 1.097,
                "max": 1.748,
                "mean": 1.515740740740741,
                "std": 0.1398564323637829
            },
            "memory.used": {
                "min": 16384000,
                "max": 16384000,
                "mean": 16384000.0,
                "std": 0.0
            },
            "memory.free": {
                "min": 16892231680,
                "max": 16892231680,
                "mean": 16892231680.0,
                "std": 0.0
            },
            "total_power_draw": 1.9900699482421873
        },
        "total": {
            "start_unix": 1674601339.724904,
            "end_unix": 1674601341.023907,
            "nr_measurements": 27,
            "total_power_draw": 1.9900699482421873,
            "start_utc": "2023-01-24 23:02:19",
            "end_utc": "2023-01-24 23:02:21",
            "total_duration": 1.2990028858184814
        }
    },
    "validation_pyrapl": {
        "0": {
            "start_unix": 1674601339.716686,
            "end_unix": 1674601341.072877,
            "start_utc": "2023-01-24 23:02:19",
            "end_utc": "2023-01-24 23:02:21",
            "total_duration": 1.3561909198760986,
            "nr_measurements": 28,
            "duration": {
                "min": 0.002062,
                "max": 0.050495,
                "mean": 0.04849864285714285,
                "std": 0.008938440356980971
            },
            "package-0": {
                "min": 10.89282250242483,
                "max": 161.7377530243143,
                "mean": 82.4276700827963,
                "std": 48.993555352303794
            },
            "package-0.dram": {
                "min": 2.73811833171678,
                "max": 7.812168150425167,
                "mean": 6.444570503402233,
                "std": 1.1162178710598891
            },
            "total_power_draw": 115.251781
        },
        "total": {
            "start_unix": 1674601339.716686,
            "end_unix": 1674601341.072877,
            "nr_measurements": 28,
            "total_power_draw": 115.251781,
            "start_utc": "2023-01-24 23:02:19",
            "end_utc": "2023-01-24 23:02:21",
            "total_duration": 1.3561909198760986
        }
    },
    "config": {
        "dataset": "m3_monthly_dataset",
        "model": "feed_forward",
        "output_dir": "mnt_data/results",
        "epochs": 100,
        "datadir": "mnt_data/data",
        "cpu_monitor_interval": 0.05,
        "gpu_monitor_interval": 0.05,
        "seed": 42,
        "timestamp": "2023_01_24_23_02_19",
        "lag": 15,
        "train_logdir": "mnt_data/results/train_2023_01_24_23_01_57"
    },
    "execution_platform": {
        "System": "Linux",
        "Node Name": "ls8ws022",
        "Release": "5.4.0-137-generic",
        "Version": "#154-Ubuntu SMP Thu Jan 5 17:03:22 UTC 2023",
        "Machine": "x86_64",
        "Processor": "Intel(R) Xeon(R) W-2155 CPU @ 3.30GHz"
    },
    "full_log": "mnt_data/results_merged/infer_2023_01_24_23_02_19.tar.gz"
}