{
    "directory_name": "infer_2023_01_24_19_30_35",
    "requirements": [
        "# 3.7.7 (default, Mar 23 2020, 22:36:06)",
        "# [GCC 7.3.0]",
        "wrapt==1.11.2",
        "typed-ast==1.4.0",
        "six==1.12.0",
        "setuptools==41.6.0",
        "pytz==2019.3",
        "python-dateutil==2.8.0",
        "pyparsing==2.4.2",
        "pylint==2.4.3",
        "numpy==1.17.3",
        "mccabe==0.6.1",
        "matplotlib==3.1.1",
        "lazy-object-proxy==1.4.3",
        "kiwisolver==1.1.0",
        "isort==4.3.21",
        "cycler==0.10.0",
        "astroid==2.3.2",
        "wheel==0.37.1",
        "urllib3==1.26.14",
        "typing-extensions==4.4.0",
        "tqdm==4.64.1",
        "toolz==0.12.0",
        "rpy2==2.9.4",
        "requests==2.28.2",
        "pynvml==11.4.1",
        "pydantic==1.10.4",
        "pyarrow==8.0.0",
        "py-rapl==0.1",
        "pip==22.3.1",
        "pandas==1.3.5",
        "orjson==3.8.5",
        "mxnet==1.9.1",
        "markupsafe==2.1.1",
        "jinja2==3.1.2",
        "idna==3.4",
        "graphviz==0.8.4",
        "gluonts==0.11.8",
        "charset-normalizer==3.0.1",
        "certifi==2022.12.7"
    ],
    "validation_results": {
        "metrics": {
            "aggregated": {
                "MSE": 355896203.2866557,
                "abs_error": 22158341.264831543,
                "abs_target_sum": 166958474.8984375,
                "abs_target_mean": 19007.112351825763,
                "seasonal_error": 1542.9874709095218,
                "MASE": 1.414355083096793,
                "MAPE": 0.2077604498381715,
                "sMAPE": 0.18227645267608608,
                "MSIS": 10.71704257274881,
                "QuantileLoss[0.1]": 10696318.685078813,
                "Coverage[0.1]": 0.0793488160291439,
                "QuantileLoss[0.5]": 22158341.14445114,
                "Coverage[0.5]": 0.5194672131147541,
                "QuantileLoss[0.9]": 10580372.020037077,
                "Coverage[0.9]": 0.9124544626593808,
                "RMSE": 18865.21145618717,
                "NRMSE": 0.9925343264662209,
                "ND": 0.13271767892172398,
                "wQuantileLoss[0.1]": 0.06406574264400468,
                "wQuantileLoss[0.5]": 0.132717678200704,
                "wQuantileLoss[0.9]": 0.06337127855577995,
                "mean_absolute_QuantileLoss": 14478343.949855678,
                "mean_wQuantileLoss": 0.0867182331334962,
                "MAE_Coverage": 0.01752428658166365,
                "OWA": NaN
            }
        },
        "start": 1674585035.7149158,
        "end": 1674585038.2497559,
        "model": null,
        "data": null
    },
    "config": {
        "dataset": "tourism_monthly_dataset",
        "model": "deepar",
        "output_dir": "mnt_data/results",
        "epochs": 100,
        "datadir": "mnt_data/data",
        "cpu_monitor_interval": 0.05,
        "gpu_monitor_interval": 0.05,
        "seed": 42,
        "timestamp": "2023_01_24_19_30_35",
        "lag": 15,
        "train_logdir": "mnt_data/results/train_2023_01_24_19_26_55"
    },
    "execution_platform": {
        "System": "Linux",
        "Node Name": "ls8ws022",
        "Release": "5.4.0-137-generic",
        "Version": "#154-Ubuntu SMP Thu Jan 5 17:03:22 UTC 2023",
        "Machine": "x86_64",
        "Processor": "Intel(R) Xeon(R) W-2155 CPU @ 3.30GHz"
    },
    "validation_pyrapl": {
        "0": {
            "start_unix": 1674588635.675884,
            "end_unix": 1674588638.283515,
            "start_utc": "2023-01-24 19:30:35",
            "end_utc": "2023-01-24 19:30:38",
            "total_duration": 2.607630968093872,
            "nr_measurements": 53,
            "duration": {
                "min": 0.002131,
                "max": 0.050488,
                "mean": 0.04923830188679246,
                "std": 0.006533808094117178
            },
            "package-0": {
                "min": 11.28484279680901,
                "max": 139.35432347714976,
                "mean": 83.34196854779847,
                "std": 27.672941438136533
            },
            "package-0.dram": {
                "min": 2.5415297982167995,
                "max": 7.379377121181872,
                "mean": 6.575540792350435,
                "std": 0.9840574010540564
            },
            "total_power_draw": 220.8513629999999
        },
        "total": {
            "start_unix": 1674588635.675884,
            "end_unix": 1674588638.283515,
            "nr_measurements": 53,
            "total_power_draw": 220.8513629999999,
            "start_utc": "2023-01-24 19:30:35",
            "end_utc": "2023-01-24 19:30:38",
            "total_duration": 2.607630968093872
        }
    },
    "validation_pynvml": {
        "0": {
            "start_unix": 1674588635.684468,
            "end_unix": 1674588638.233871,
            "start_utc": "2023-01-24 19:30:35",
            "end_utc": "2023-01-24 19:30:38",
            "total_duration": 2.549402952194214,
            "nr_measurements": 52,
            "temperature": {
                "min": 22,
                "max": 22,
                "mean": 22.0,
                "std": 0.0
            },
            "util.gpu": {
                "min": 0,
                "max": 0,
                "mean": 0.0,
                "std": 0.0
            },
            "util.memory": {
                "min": 0,
                "max": 0,
                "mean": 0.0,
                "std": 0.0
            },
            "power_usage": {
                "min": 1.326,
                "max": 2.054,
                "mean": 1.6646153846153844,
                "std": 0.1801463244833268
            },
            "memory.used": {
                "min": 16384000,
                "max": 16384000,
                "mean": 16384000.0,
                "std": 0.0
            },
            "memory.free": {
                "min": 16892231680,
                "max": 16892231680,
                "mean": 16892231680.0,
                "std": 0.0
            },
            "total_power_draw": 4.259785994140625
        },
        "total": {
            "start_unix": 1674588635.684468,
            "end_unix": 1674588638.233871,
            "nr_measurements": 52,
            "total_power_draw": 4.259785994140625,
            "start_utc": "2023-01-24 19:30:35",
            "end_utc": "2023-01-24 19:30:38",
            "total_duration": 2.549402952194214
        }
    },
    "full_log": "mnt_data/results_merged/infer_2023_01_24_19_30_35.tar.gz"
}