{
    "directory_name": "infer_2023_01_26_09_10_56",
    "requirements": [
        "# 3.7.7 (default, Mar 23 2020, 22:36:06)",
        "# [GCC 7.3.0]",
        "wrapt==1.11.2",
        "typed-ast==1.4.0",
        "six==1.12.0",
        "setuptools==41.6.0",
        "pytz==2019.3",
        "python-dateutil==2.8.0",
        "pyparsing==2.4.2",
        "pylint==2.4.3",
        "numpy==1.17.3",
        "mccabe==0.6.1",
        "matplotlib==3.1.1",
        "lazy-object-proxy==1.4.3",
        "kiwisolver==1.1.0",
        "isort==4.3.21",
        "cycler==0.10.0",
        "astroid==2.3.2",
        "wheel==0.37.1",
        "urllib3==1.26.14",
        "typing-extensions==4.4.0",
        "tqdm==4.64.1",
        "toolz==0.12.0",
        "rpy2==2.9.4",
        "requests==2.28.2",
        "pynvml==11.4.1",
        "pydantic==1.10.4",
        "pyarrow==8.0.0",
        "py-rapl==0.1",
        "pip==22.3.1",
        "pandas==1.3.5",
        "orjson==3.8.5",
        "mxnet==1.9.1",
        "markupsafe==2.1.1",
        "jinja2==3.1.2",
        "idna==3.4",
        "graphviz==0.8.4",
        "gluonts==0.11.8",
        "charset-normalizer==3.0.1",
        "certifi==2022.12.7"
    ],
    "validation_results": {
        "metrics": {
            "aggregated": {
                "MSE": 1990878.1292651326,
                "abs_error": 508897103.0044098,
                "abs_target_sum": 4157157295.383667,
                "abs_target_mean": 4811.5246474348,
                "seasonal_error": 616.9975625380409,
                "MASE": 1.0543700781137817,
                "MAPE": 0.1632657776785954,
                "sMAPE": 0.13613855316846943,
                "MSIS": 15.905209944023007,
                "QuantileLoss[0.1]": 364091200.05261153,
                "Coverage[0.1]": 0.31489699074074073,
                "QuantileLoss[0.5]": 508897103.0770416,
                "Coverage[0.5]": 0.5820405092592593,
                "QuantileLoss[0.9]": 391583582.22344357,
                "Coverage[0.9]": 0.767375,
                "RMSE": 1410.984808304162,
                "NRMSE": 0.2932510818699453,
                "ND": 0.1224146855279007,
                "wQuantileLoss[0.1]": 0.08758177143234828,
                "wQuantileLoss[0.5]": 0.12241468554537221,
                "wQuantileLoss[0.9]": 0.09419503627112671,
                "mean_absolute_QuantileLoss": 421523961.7843656,
                "mean_wQuantileLoss": 0.1013971644162824,
                "MAE_Coverage": 0.14318750000000002,
                "OWA": NaN
            }
        },
        "start": 1674720656.1926446,
        "end": 1674720688.1607418,
        "model": null,
        "data": null
    },
    "validation_pynvml": {
        "0": {
            "start_unix": 1674724256.156629,
            "end_unix": 1674724288.144162,
            "start_utc": "2023-01-26 09:10:56",
            "end_utc": "2023-01-26 09:11:28",
            "total_duration": 31.9875328540802,
            "nr_measurements": 639,
            "temperature": {
                "min": 22,
                "max": 22,
                "mean": 22.0,
                "std": 0.0
            },
            "util.gpu": {
                "min": 0,
                "max": 0,
                "mean": 0.0,
                "std": 0.0
            },
            "util.memory": {
                "min": 0,
                "max": 0,
                "mean": 0.0,
                "std": 0.0
            },
            "power_usage": {
                "min": 1.256,
                "max": 2.188,
                "mean": 1.573075117370892,
                "std": 0.16242722889349276
            },
            "memory.used": {
                "min": 16384000,
                "max": 16384000,
                "mean": 16384000.0,
                "std": 0.0
            },
            "memory.free": {
                "min": 16892231680,
                "max": 16892231680,
                "mean": 16892231680.0,
                "std": 0.0
            },
            "total_power_draw": 50.32357637768557
        },
        "total": {
            "start_unix": 1674724256.156629,
            "end_unix": 1674724288.144162,
            "nr_measurements": 639,
            "total_power_draw": 50.32357637768557,
            "start_utc": "2023-01-26 09:10:56",
            "end_utc": "2023-01-26 09:11:28",
            "total_duration": 31.9875328540802
        }
    },
    "validation_pyrapl": {
        "0": {
            "start_unix": 1674724256.153218,
            "end_unix": 1674724288.197697,
            "start_utc": "2023-01-26 09:10:56",
            "end_utc": "2023-01-26 09:11:28",
            "total_duration": 32.04447889328003,
            "nr_measurements": 640,
            "duration": {
                "min": 0.002139,
                "max": 0.051558,
                "mean": 0.05007275625,
                "std": 0.001902773217887759
            },
            "package-0": {
                "min": 11.55633473585788,
                "max": 162.76811131295793,
                "mean": 112.35501856878486,
                "std": 44.3508162583152
            },
            "package-0.dram": {
                "min": 3.047218326320711,
                "max": 8.023397416701604,
                "mean": 7.04347081508416,
                "std": 0.4997552606162189
            },
            "total_power_draw": 3603.1951820000045
        },
        "total": {
            "start_unix": 1674724256.153218,
            "end_unix": 1674724288.197697,
            "nr_measurements": 640,
            "total_power_draw": 3603.1951820000045,
            "start_utc": "2023-01-26 09:10:56",
            "end_utc": "2023-01-26 09:11:28",
            "total_duration": 32.04447889328003
        }
    },
    "config": {
        "dataset": "m4_monthly_dataset",
        "model": "feed_forward",
        "output_dir": "mnt_data/results",
        "epochs": 100,
        "datadir": "mnt_data/data",
        "cpu_monitor_interval": 0.05,
        "gpu_monitor_interval": 0.05,
        "seed": 42,
        "timestamp": "2023_01_26_09_10_56",
        "lag": 15,
        "train_logdir": "mnt_data/results/train_2023_01_26_09_10_16"
    },
    "execution_platform": {
        "System": "Linux",
        "Node Name": "ls8ws022",
        "Release": "5.4.0-137-generic",
        "Version": "#154-Ubuntu SMP Thu Jan 5 17:03:22 UTC 2023",
        "Machine": "x86_64",
        "Processor": "Intel(R) Xeon(R) W-2155 CPU @ 3.30GHz"
    },
    "full_log": "mnt_data/results_merged/infer_2023_01_26_09_10_56.tar.gz"
}