{
    "directory_name": "infer_2023_01_27_00_47_52",
    "config": {
        "dataset": "hospital_dataset",
        "model": "feed_forward",
        "output_dir": "mnt_data/results",
        "epochs": 100,
        "datadir": "mnt_data/data",
        "cpu_monitor_interval": 0.05,
        "gpu_monitor_interval": 0.05,
        "seed": 42,
        "timestamp": "2023_01_27_00_47_52",
        "lag": 15,
        "external_forecast_horizon": 12,
        "integer_conversion": true,
        "train_logdir": "mnt_data/results/train_2023_01_27_00_47_32"
    },
    "requirements": [
        "# 3.7.7 (default, Mar 23 2020, 22:36:06)",
        "# [GCC 7.3.0]",
        "wrapt==1.11.2",
        "typed-ast==1.4.0",
        "six==1.12.0",
        "setuptools==41.6.0",
        "pytz==2019.3",
        "python-dateutil==2.8.0",
        "pyparsing==2.4.2",
        "pylint==2.4.3",
        "numpy==1.17.3",
        "mccabe==0.6.1",
        "matplotlib==3.1.1",
        "lazy-object-proxy==1.4.3",
        "kiwisolver==1.1.0",
        "isort==4.3.21",
        "cycler==0.10.0",
        "astroid==2.3.2",
        "wheel==0.37.1",
        "urllib3==1.26.14",
        "typing-extensions==4.4.0",
        "tqdm==4.64.1",
        "toolz==0.12.0",
        "rpy2==2.9.4",
        "requests==2.28.2",
        "pynvml==11.4.1",
        "pydantic==1.10.4",
        "pyarrow==8.0.0",
        "py-rapl==0.1",
        "pip==22.3.1",
        "pandas==1.3.5",
        "orjson==3.8.5",
        "mxnet==1.9.1",
        "markupsafe==2.1.1",
        "jinja2==3.1.2",
        "idna==3.4",
        "graphviz==0.8.4",
        "gluonts==0.11.8",
        "charset-normalizer==3.0.1",
        "certifi==2022.12.7"
    ],
    "validation_results": {
        "metrics": {
            "aggregated": {
                "MSE": 4106.634126086278,
                "abs_error": 188414.17656898499,
                "abs_target_sum": 2535375.0,
                "abs_target_mean": 275.46447196870923,
                "seasonal_error": 27.851129943502823,
                "MASE": 0.8020300254362935,
                "MAPE": 0.20608640875325726,
                "sMAPE": 0.17935344408460926,
                "MSIS": 6.358026898962094,
                "QuantileLoss[0.1]": 99589.33192886115,
                "Coverage[0.1]": 0.10419382877009994,
                "QuantileLoss[0.5]": 188414.17673778534,
                "Coverage[0.5]": 0.5648631029986962,
                "QuantileLoss[0.9]": 115509.5027908325,
                "Coverage[0.9]": 0.9094958713602781,
                "RMSE": 64.08302525697643,
                "NRMSE": 0.23263626266931364,
                "ND": 0.07431412574825617,
                "wQuantileLoss[0.1]": 0.03927992187698512,
                "wQuantileLoss[0.5]": 0.07431412581483424,
                "wQuantileLoss[0.9]": 0.04555913929530444,
                "mean_absolute_QuantileLoss": 134504.33715249298,
                "mean_wQuantileLoss": 0.05305106232904127,
                "MAE_Coverage": 0.026184267709691417,
                "OWA": NaN
            }
        },
        "start": 1674776872.7759929,
        "end": 1674776873.5894098,
        "model": null,
        "data": null
    },
    "execution_platform": {
        "System": "Linux",
        "Node Name": "ls8ws022",
        "Release": "5.4.0-137-generic",
        "Version": "#154-Ubuntu SMP Thu Jan 5 17:03:22 UTC 2023",
        "Machine": "x86_64",
        "Processor": "Intel(R) Xeon(R) W-2155 CPU @ 3.30GHz"
    },
    "validation_pynvml": {
        "0": {
            "start_unix": 1674780472.74696,
            "end_unix": 1674780473.543874,
            "start_utc": "2023-01-27 00:47:52",
            "end_utc": "2023-01-27 00:47:53",
            "total_duration": 0.7969141006469727,
            "nr_measurements": 17,
            "temperature": {
                "min": 22,
                "max": 22,
                "mean": 22.0,
                "std": 0.0
            },
            "util.gpu": {
                "min": 0,
                "max": 0,
                "mean": 0.0,
                "std": 0.0
            },
            "util.memory": {
                "min": 0,
                "max": 0,
                "mean": 0.0,
                "std": 0.0
            },
            "power_usage": {
                "min": 0.941,
                "max": 1.326,
                "mean": 1.193764705882353,
                "std": 0.12567723805880668
            },
            "memory.used": {
                "min": 16384000,
                "max": 16384000,
                "mean": 16384000.0,
                "std": 0.0
            },
            "memory.free": {
                "min": 16892231680,
                "max": 16892231680,
                "mean": 16892231680.0,
                "std": 0.0
            },
            "total_power_draw": 0.9478692692871094
        },
        "total": {
            "start_unix": 1674780472.74696,
            "end_unix": 1674780473.543874,
            "nr_measurements": 17,
            "total_power_draw": 0.9478692692871094,
            "start_utc": "2023-01-27 00:47:52",
            "end_utc": "2023-01-27 00:47:53",
            "total_duration": 0.7969141006469727
        }
    },
    "validation_pyrapl": {
        "0": {
            "start_unix": 1674780472.737965,
            "end_unix": 1674780473.591943,
            "start_utc": "2023-01-27 00:47:52",
            "end_utc": "2023-01-27 00:47:53",
            "total_duration": 0.8539779186248779,
            "nr_measurements": 18,
            "duration": {
                "min": 0.001852,
                "max": 0.050499,
                "mean": 0.047537166666666665,
                "std": 0.011081714690074915
            },
            "package-0": {
                "min": 11.303995680345572,
                "max": 158.84672203146212,
                "mean": 70.43948560209562,
                "std": 46.730897143492605
            },
            "package-0.dram": {
                "min": 2.8914686825054,
                "max": 7.519433853033358,
                "mean": 6.047170569688005,
                "std": 1.3460701231758414
            },
            "total_power_draw": 63.097556000000004
        },
        "total": {
            "start_unix": 1674780472.737965,
            "end_unix": 1674780473.591943,
            "nr_measurements": 18,
            "total_power_draw": 63.097556000000004,
            "start_utc": "2023-01-27 00:47:52",
            "end_utc": "2023-01-27 00:47:53",
            "total_duration": 0.8539779186248779
        }
    },
    "full_log": "mnt_data/results_merged/infer_2023_01_27_00_47_52.tar.gz"
}