{
    "directory_name": "infer_2023_01_24_18_26_05",
    "validation_results": {
        "metrics": {
            "aggregated": {
                "MSE": 47.12941593675846,
                "abs_error": 29406.125465393066,
                "abs_target_sum": 120931.51168823242,
                "abs_target_mean": 19.454876397720792,
                "seasonal_error": 6.58155905720786,
                "MASE": 0.7453973321695383,
                "MAPE": 0.5373088239478054,
                "sMAPE": 0.2752890805480103,
                "MSIS": 29.815893374851044,
                "QuantileLoss[0.1]": 15548.496767044067,
                "Coverage[0.1]": 0.2701093951093951,
                "QuantileLoss[0.5]": 29406.12561416626,
                "Coverage[0.5]": 0.2701093951093951,
                "QuantileLoss[0.9]": 43263.75446128845,
                "Coverage[0.9]": 0.2701093951093951,
                "RMSE": 6.8650867392013675,
                "NRMSE": 0.3528722875877863,
                "ND": 0.24316346545971865,
                "wQuantileLoss[0.1]": 0.1285727479131236,
                "wQuantileLoss[0.5]": 0.2431634666899455,
                "wQuantileLoss[0.9]": 0.3577541854667674,
                "mean_absolute_QuantileLoss": 29406.12561416626,
                "mean_wQuantileLoss": 0.2431634666899455,
                "MAE_Coverage": 0.3432968682968684,
                "OWA": NaN
            }
        },
        "start": 1674581165.9651835,
        "end": 1674581175.5358315,
        "model": null,
        "data": null
    },
    "requirements": [
        "# 3.7.7 (default, Mar 23 2020, 22:36:06)",
        "# [GCC 7.3.0]",
        "wrapt==1.11.2",
        "typed-ast==1.4.0",
        "six==1.12.0",
        "setuptools==41.6.0",
        "pytz==2019.3",
        "python-dateutil==2.8.0",
        "pyparsing==2.4.2",
        "pylint==2.4.3",
        "numpy==1.17.3",
        "mccabe==0.6.1",
        "matplotlib==3.1.1",
        "lazy-object-proxy==1.4.3",
        "kiwisolver==1.1.0",
        "isort==4.3.21",
        "cycler==0.10.0",
        "astroid==2.3.2",
        "wheel==0.37.1",
        "urllib3==1.26.14",
        "typing-extensions==4.4.0",
        "tqdm==4.64.1",
        "toolz==0.12.0",
        "rpy2==2.9.4",
        "requests==2.28.2",
        "pynvml==11.4.1",
        "pydantic==1.10.4",
        "pyarrow==8.0.0",
        "py-rapl==0.1",
        "pip==22.3.1",
        "pandas==1.3.5",
        "orjson==3.8.5",
        "mxnet==1.9.1",
        "markupsafe==2.1.1",
        "jinja2==3.1.2",
        "idna==3.4",
        "graphviz==0.8.4",
        "gluonts==0.11.8",
        "charset-normalizer==3.0.1",
        "certifi==2022.12.7"
    ],
    "config": {
        "dataset": "nn5_daily_dataset_without_missing_values",
        "model": "nbeats",
        "output_dir": "mnt_data/results",
        "epochs": 100,
        "datadir": "mnt_data/data",
        "cpu_monitor_interval": 0.05,
        "gpu_monitor_interval": 0.05,
        "seed": 42,
        "timestamp": "2023_01_24_18_26_05",
        "lag": 9,
        "train_logdir": "mnt_data/results/train_2023_01_24_18_17_30"
    },
    "execution_platform": {
        "System": "Linux",
        "Node Name": "ls8ws022",
        "Release": "5.4.0-137-generic",
        "Version": "#154-Ubuntu SMP Thu Jan 5 17:03:22 UTC 2023",
        "Machine": "x86_64",
        "Processor": "Intel(R) Xeon(R) W-2155 CPU @ 3.30GHz"
    },
    "validation_pyrapl": {
        "0": {
            "start_unix": 1674584765.925666,
            "end_unix": 1674584775.5460458,
            "start_utc": "2023-01-24 18:26:05",
            "end_utc": "2023-01-24 18:26:15",
            "total_duration": 9.62037968635559,
            "nr_measurements": 193,
            "duration": {
                "min": 0.002069,
                "max": 0.050472,
                "mean": 0.049856704663212424,
                "std": 0.003449504878615891
            },
            "package-0": {
                "min": 9.882551957467376,
                "max": 87.61354199936123,
                "mean": 71.74215331648851,
                "std": 15.508665743161297
            },
            "package-0.dram": {
                "min": 2.8400193330111163,
                "max": 7.868287559941347,
                "mean": 7.106618527957879,
                "std": 0.49221745784020715
            },
            "total_power_draw": 693.232539
        },
        "total": {
            "start_unix": 1674584765.925666,
            "end_unix": 1674584775.5460458,
            "nr_measurements": 193,
            "total_power_draw": 693.232539,
            "start_utc": "2023-01-24 18:26:05",
            "end_utc": "2023-01-24 18:26:15",
            "total_duration": 9.62037968635559
        }
    },
    "validation_pynvml": {
        "0": {
            "start_unix": 1674584765.926884,
            "end_unix": 1674584775.492225,
            "start_utc": "2023-01-24 18:26:05",
            "end_utc": "2023-01-24 18:26:15",
            "total_duration": 9.565340995788574,
            "nr_measurements": 192,
            "temperature": {
                "min": 22,
                "max": 22,
                "mean": 22.0,
                "std": 0.0
            },
            "util.gpu": {
                "min": 0,
                "max": 0,
                "mean": 0.0,
                "std": 0.0
            },
            "util.memory": {
                "min": 0,
                "max": 0,
                "mean": 0.0,
                "std": 0.0
            },
            "power_usage": {
                "min": 1.146,
                "max": 2.054,
                "mean": 1.5414947916666666,
                "std": 0.20222362820948148
            },
            "memory.used": {
                "min": 16384000,
                "max": 16384000,
                "mean": 16384000.0,
                "std": 0.0
            },
            "memory.free": {
                "min": 16892231680,
                "max": 16892231680,
                "mean": 16892231680.0,
                "std": 0.0
            },
            "total_power_draw": 14.754715275634773
        },
        "total": {
            "start_unix": 1674584765.926884,
            "end_unix": 1674584775.492225,
            "nr_measurements": 192,
            "total_power_draw": 14.754715275634773,
            "start_utc": "2023-01-24 18:26:05",
            "end_utc": "2023-01-24 18:26:15",
            "total_duration": 9.565340995788574
        }
    },
    "full_log": "mnt_data/results_merged/infer_2023_01_24_18_26_05.tar.gz"
}