{
    "directory_name": "infer_2023_01_27_23_24_42",
    "config": {
        "dataset": "sunspot_dataset_without_missing_values",
        "model": "tempfus",
        "output_dir": "mnt_data/results",
        "epochs": 100,
        "datadir": "mnt_data/data",
        "cpu_monitor_interval": 0.05,
        "gpu_monitor_interval": 0.05,
        "seed": 42,
        "timestamp": "2023_01_27_23_24_42",
        "lag": 9,
        "external_forecast_horizon": 30,
        "integer_conversion": true,
        "train_logdir": "mnt_data/results/train_2023_01_27_22_35_25"
    },
    "validation_results": {
        "metrics": {
            "aggregated": {
                "MSE": 10.376483154296874,
                "abs_error": 88.12529754638672,
                "abs_target_sum": 2.0,
                "abs_target_mean": 0.06666666666666667,
                "seasonal_error": 14.098967425872546,
                "MASE": 0.20834929463148938,
                "MAPE": 1.6313774585723877,
                "sMAPE": 1.9632830301920572,
                "MSIS": 6.133162949916244,
                "QuantileLoss[0.1]": 101.91070365905762,
                "Coverage[0.1]": 0.0,
                "QuantileLoss[0.5]": 88.12530899047852,
                "Coverage[0.5]": 1.0,
                "QuantileLoss[0.9]": 176.8261249542236,
                "Coverage[0.9]": 1.0,
                "RMSE": 3.2212549036511957,
                "NRMSE": 48.31882355476794,
                "ND": 44.06264877319336,
                "wQuantileLoss[0.1]": 50.95535182952881,
                "wQuantileLoss[0.5]": 44.06265449523926,
                "wQuantileLoss[0.9]": 88.4130624771118,
                "mean_absolute_QuantileLoss": 122.28737920125324,
                "mean_wQuantileLoss": 61.14368960062662,
                "MAE_Coverage": 0.2333333333333333,
                "OWA": NaN
            }
        },
        "start": 1674858282.4988408,
        "end": 1674858282.8626187,
        "model": null,
        "data": null
    },
    "execution_platform": {
        "System": "Linux",
        "Node Name": "ls8ws022",
        "Release": "5.4.0-137-generic",
        "Version": "#154-Ubuntu SMP Thu Jan 5 17:03:22 UTC 2023",
        "Machine": "x86_64",
        "Processor": "Intel(R) Xeon(R) W-2155 CPU @ 3.30GHz"
    },
    "requirements": [
        "# 3.7.7 (default, Mar 23 2020, 22:36:06)",
        "# [GCC 7.3.0]",
        "wrapt==1.11.2",
        "typed-ast==1.4.0",
        "six==1.12.0",
        "setuptools==41.6.0",
        "pytz==2019.3",
        "python-dateutil==2.8.0",
        "pyparsing==2.4.2",
        "pylint==2.4.3",
        "numpy==1.17.3",
        "mccabe==0.6.1",
        "matplotlib==3.1.1",
        "lazy-object-proxy==1.4.3",
        "kiwisolver==1.1.0",
        "isort==4.3.21",
        "cycler==0.10.0",
        "astroid==2.3.2",
        "wheel==0.37.1",
        "urllib3==1.26.14",
        "typing-extensions==4.4.0",
        "tqdm==4.64.1",
        "toolz==0.12.0",
        "rpy2==2.9.4",
        "requests==2.28.2",
        "pynvml==11.4.1",
        "pydantic==1.10.4",
        "pyarrow==8.0.0",
        "py-rapl==0.1",
        "pip==22.3.1",
        "pandas==1.3.5",
        "orjson==3.8.5",
        "mxnet==1.9.1",
        "markupsafe==2.1.1",
        "jinja2==3.1.2",
        "idna==3.4",
        "graphviz==0.8.4",
        "gluonts==0.11.8",
        "charset-normalizer==3.0.1",
        "certifi==2022.12.7"
    ],
    "validation_pyrapl": {
        "0": {
            "start_unix": 1674861882.458624,
            "end_unix": 1674861882.91211,
            "start_utc": "2023-01-27 23:24:42",
            "end_utc": "2023-01-27 23:24:42",
            "total_duration": 0.45348620414733887,
            "nr_measurements": 10,
            "duration": {
                "min": 0.001997,
                "max": 0.050481,
                "mean": 0.0455461,
                "std": 0.014517034831190562
            },
            "package-0": {
                "min": 11.583375062593891,
                "max": 51.15957889728187,
                "mean": 25.986990707709747,
                "std": 11.209482786849401
            },
            "package-0.dram": {
                "min": 2.3304213466452723,
                "max": 7.015583179682388,
                "mean": 4.861723612996244,
                "std": 1.621052859499842
            },
            "total_power_draw": 12.529630999999998
        },
        "total": {
            "start_unix": 1674861882.458624,
            "end_unix": 1674861882.91211,
            "nr_measurements": 10,
            "total_power_draw": 12.529630999999998,
            "start_utc": "2023-01-27 23:24:42",
            "end_utc": "2023-01-27 23:24:42",
            "total_duration": 0.45348620414733887
        }
    },
    "validation_pynvml": {
        "0": {
            "start_unix": 1674861882.457322,
            "end_unix": 1674861882.854633,
            "start_utc": "2023-01-27 23:24:42",
            "end_utc": "2023-01-27 23:24:42",
            "total_duration": 0.3973112106323242,
            "nr_measurements": 9,
            "temperature": {
                "min": 22,
                "max": 22,
                "mean": 22.0,
                "std": 0.0
            },
            "util.gpu": {
                "min": 0,
                "max": 0,
                "mean": 0.0,
                "std": 0.0
            },
            "util.memory": {
                "min": 0,
                "max": 0,
                "mean": 0.0,
                "std": 0.0
            },
            "power_usage": {
                "min": 1.262,
                "max": 1.862,
                "mean": 1.5324444444444445,
                "std": 0.21387748887368582
            },
            "memory.used": {
                "min": 16384000,
                "max": 16384000,
                "mean": 16384000.0,
                "std": 0.0
            },
            "memory.free": {
                "min": 16892231680,
                "max": 16892231680,
                "mean": 16892231680.0,
                "std": 0.0
            },
            "total_power_draw": 0.6239127463378906
        },
        "total": {
            "start_unix": 1674861882.457322,
            "end_unix": 1674861882.854633,
            "nr_measurements": 9,
            "total_power_draw": 0.6239127463378906,
            "start_utc": "2023-01-27 23:24:42",
            "end_utc": "2023-01-27 23:24:42",
            "total_duration": 0.3973112106323242
        }
    },
    "full_log": "mnt_data/results_merged/infer_2023_01_27_23_24_42.tar.gz"
}