{
    "directory_name": "infer_2023_01_24_18_59_29",
    "validation_results": {
        "metrics": {
            "aggregated": {
                "MSE": 10711732306.621931,
                "abs_error": 40617290.59488625,
                "abs_target_sum": 326374882.828125,
                "abs_target_mean": 95542.99848598507,
                "seasonal_error": 6194.695706995204,
                "MASE": 1.5862001556902428,
                "MAPE": 0.16120943598402693,
                "sMAPE": 0.15604406492509945,
                "MSIS": 17.55663806338816,
                "QuantileLoss[0.1]": 27684221.460747387,
                "Coverage[0.1]": 0.13173302107728338,
                "QuantileLoss[0.5]": 40617290.59488625,
                "Coverage[0.5]": 0.4707259953161593,
                "QuantileLoss[0.9]": 21154800.345756996,
                "Coverage[0.9]": 0.7942037470725996,
                "RMSE": 103497.49903558989,
                "NRMSE": 1.0832557139262449,
                "ND": 0.12444980521456384,
                "wQuantileLoss[0.1]": 0.08482338230459482,
                "wQuantileLoss[0.5]": 0.12444980521456384,
                "wQuantileLoss[0.9]": 0.06481748890247017,
                "mean_absolute_QuantileLoss": 29818770.800463542,
                "mean_wQuantileLoss": 0.0913635588072096,
                "MAE_Coverage": 0.055601092896174854,
                "OWA": NaN
            }
        },
        "start": 1674583169.6905468,
        "end": 1674583397.7358003,
        "model": null,
        "data": null
    },
    "config": {
        "dataset": "tourism_quarterly_dataset",
        "model": "arima",
        "output_dir": "mnt_data/results",
        "epochs": 100,
        "datadir": "mnt_data/data",
        "cpu_monitor_interval": 0.05,
        "gpu_monitor_interval": 0.05,
        "seed": 42,
        "timestamp": "2023_01_24_18_59_29",
        "lag": 5,
        "train_logdir": "mnt_data/results/train_2023_01_24_18_59_27"
    },
    "requirements": [
        "# 3.7.7 (default, Mar 23 2020, 22:36:06)",
        "# [GCC 7.3.0]",
        "wrapt==1.11.2",
        "typed-ast==1.4.0",
        "six==1.12.0",
        "setuptools==41.6.0",
        "pytz==2019.3",
        "python-dateutil==2.8.0",
        "pyparsing==2.4.2",
        "pylint==2.4.3",
        "numpy==1.17.3",
        "mccabe==0.6.1",
        "matplotlib==3.1.1",
        "lazy-object-proxy==1.4.3",
        "kiwisolver==1.1.0",
        "isort==4.3.21",
        "cycler==0.10.0",
        "astroid==2.3.2",
        "wheel==0.37.1",
        "urllib3==1.26.14",
        "typing-extensions==4.4.0",
        "tqdm==4.64.1",
        "toolz==0.12.0",
        "rpy2==2.9.4",
        "requests==2.28.2",
        "pynvml==11.4.1",
        "pydantic==1.10.4",
        "pyarrow==8.0.0",
        "py-rapl==0.1",
        "pip==22.3.1",
        "pandas==1.3.5",
        "orjson==3.8.5",
        "mxnet==1.9.1",
        "markupsafe==2.1.1",
        "jinja2==3.1.2",
        "idna==3.4",
        "graphviz==0.8.4",
        "gluonts==0.11.8",
        "charset-normalizer==3.0.1",
        "certifi==2022.12.7"
    ],
    "validation_pynvml": {
        "0": {
            "start_unix": 1674586769.659409,
            "end_unix": 1674586997.694082,
            "start_utc": "2023-01-24 18:59:29",
            "end_utc": "2023-01-24 19:03:17",
            "total_duration": 228.03467297554016,
            "nr_measurements": 4521,
            "temperature": {
                "min": 22,
                "max": 22,
                "mean": 22.0,
                "std": 0.0
            },
            "util.gpu": {
                "min": 0,
                "max": 0,
                "mean": 0.0,
                "std": 0.0
            },
            "util.memory": {
                "min": 0,
                "max": 0,
                "mean": 0.0,
                "std": 0.0
            },
            "power_usage": {
                "min": 1.137,
                "max": 2.15,
                "mean": 1.490051094890511,
                "std": 0.15531023330178495
            },
            "memory.used": {
                "min": 16384000,
                "max": 16384000,
                "mean": 16384000.0,
                "std": 0.0
            },
            "memory.free": {
                "min": 16892231680,
                "max": 16892231680,
                "mean": 16892231680.0,
                "std": 0.0
            },
            "total_power_draw": 339.79214644457903
        },
        "total": {
            "start_unix": 1674586769.659409,
            "end_unix": 1674586997.694082,
            "nr_measurements": 4521,
            "total_power_draw": 339.79214644457903,
            "start_utc": "2023-01-24 18:59:29",
            "end_utc": "2023-01-24 19:03:17",
            "total_duration": 228.03467297554016
        }
    },
    "validation_pyrapl": {
        "0": {
            "start_unix": 1674586769.650789,
            "end_unix": 1674586997.784873,
            "start_utc": "2023-01-24 18:59:29",
            "end_utc": "2023-01-24 19:03:17",
            "total_duration": 228.13408398628235,
            "nr_measurements": 4523,
            "duration": {
                "min": 0.002311,
                "max": 0.0505,
                "mean": 0.05043916648242317,
                "std": 0.0007175197601146097
            },
            "package-0": {
                "min": 15.657390718770424,
                "max": 137.37292128326447,
                "mean": 44.771460159251376,
                "std": 3.2977807481289987
            },
            "package-0.dram": {
                "min": 2.065772392903505,
                "max": 7.853226094019295,
                "mean": 6.826102579338721,
                "std": 0.15813991720468154
            },
            "total_power_draw": 10214.989412999968
        },
        "total": {
            "start_unix": 1674586769.650789,
            "end_unix": 1674586997.784873,
            "nr_measurements": 4523,
            "total_power_draw": 10214.989412999968,
            "start_utc": "2023-01-24 18:59:29",
            "end_utc": "2023-01-24 19:03:17",
            "total_duration": 228.13408398628235
        }
    },
    "execution_platform": {
        "System": "Linux",
        "Node Name": "ls8ws022",
        "Release": "5.4.0-137-generic",
        "Version": "#154-Ubuntu SMP Thu Jan 5 17:03:22 UTC 2023",
        "Machine": "x86_64",
        "Processor": "Intel(R) Xeon(R) W-2155 CPU @ 3.30GHz"
    },
    "full_log": "mnt_data/results_merged/infer_2023_01_24_18_59_29.tar.gz"
}