{
    "directory_name": "infer_2023_01_26_09_01_56",
    "execution_platform": {
        "System": "Linux",
        "Node Name": "ls8ws022",
        "Release": "5.4.0-137-generic",
        "Version": "#154-Ubuntu SMP Thu Jan 5 17:03:22 UTC 2023",
        "Machine": "x86_64",
        "Processor": "Intel(R) Xeon(R) W-2155 CPU @ 3.30GHz"
    },
    "requirements": [
        "# 3.7.7 (default, Mar 23 2020, 22:36:06)",
        "# [GCC 7.3.0]",
        "wrapt==1.11.2",
        "typed-ast==1.4.0",
        "six==1.12.0",
        "setuptools==41.6.0",
        "pytz==2019.3",
        "python-dateutil==2.8.0",
        "pyparsing==2.4.2",
        "pylint==2.4.3",
        "numpy==1.17.3",
        "mccabe==0.6.1",
        "matplotlib==3.1.1",
        "lazy-object-proxy==1.4.3",
        "kiwisolver==1.1.0",
        "isort==4.3.21",
        "cycler==0.10.0",
        "astroid==2.3.2",
        "wheel==0.37.1",
        "urllib3==1.26.14",
        "typing-extensions==4.4.0",
        "tqdm==4.64.1",
        "toolz==0.12.0",
        "rpy2==2.9.4",
        "requests==2.28.2",
        "pynvml==11.4.1",
        "pydantic==1.10.4",
        "pyarrow==8.0.0",
        "py-rapl==0.1",
        "pip==22.3.1",
        "pandas==1.3.5",
        "orjson==3.8.5",
        "mxnet==1.9.1",
        "markupsafe==2.1.1",
        "jinja2==3.1.2",
        "idna==3.4",
        "graphviz==0.8.4",
        "gluonts==0.11.8",
        "charset-normalizer==3.0.1",
        "certifi==2022.12.7"
    ],
    "validation_results": {
        "metrics": {
            "aggregated": {
                "MSE": 2063317.2212334524,
                "abs_error": 565379818.2851868,
                "abs_target_sum": 4157157295.383667,
                "abs_target_mean": 4811.5246474348,
                "seasonal_error": 616.9975625380409,
                "MASE": 1.4606306886660352,
                "MAPE": 0.1862463649844199,
                "sMAPE": 0.15202910397021546,
                "MSIS": 18.0574134490454,
                "QuantileLoss[0.1]": 425756251.23890686,
                "Coverage[0.1]": 0.4287395833333334,
                "QuantileLoss[0.5]": 565379818.1989136,
                "Coverage[0.5]": 0.7240798611111111,
                "QuantileLoss[0.9]": 369676981.14877474,
                "Coverage[0.9]": 0.849869212962963,
                "RMSE": 1436.4251533697995,
                "NRMSE": 0.29853845893434433,
                "ND": 0.13600154579501122,
                "wQuantileLoss[0.1]": 0.10241523738148896,
                "wQuantileLoss[0.5]": 0.1360015457742583,
                "wQuantileLoss[0.9]": 0.08892542544860742,
                "mean_absolute_QuantileLoss": 453604350.19553167,
                "mean_wQuantileLoss": 0.1091140695347849,
                "MAE_Coverage": 0.20098341049382717,
                "OWA": NaN
            }
        },
        "start": 1674720116.6212153,
        "end": 1674720612.2388682,
        "model": null,
        "data": null
    },
    "config": {
        "dataset": "m4_monthly_dataset",
        "model": "transformer",
        "output_dir": "mnt_data/results",
        "epochs": 100,
        "datadir": "mnt_data/data",
        "cpu_monitor_interval": 0.05,
        "gpu_monitor_interval": 0.05,
        "seed": 42,
        "timestamp": "2023_01_26_09_01_56",
        "lag": 15,
        "train_logdir": "mnt_data/results/train_2023_01_26_08_59_50"
    },
    "validation_pynvml": {
        "0": {
            "start_unix": 1674723716.584813,
            "end_unix": 1674724212.193876,
            "start_utc": "2023-01-26 09:01:56",
            "end_utc": "2023-01-26 09:10:12",
            "total_duration": 495.60906291007996,
            "nr_measurements": 9892,
            "temperature": {
                "min": 22,
                "max": 23,
                "mean": 22.000404367165387,
                "std": 0.02010481665128355
            },
            "util.gpu": {
                "min": 0,
                "max": 0,
                "mean": 0.0,
                "std": 0.0
            },
            "util.memory": {
                "min": 0,
                "max": 0,
                "mean": 0.0,
                "std": 0.0
            },
            "power_usage": {
                "min": 1.237,
                "max": 2.65,
                "mean": 1.7057801253538214,
                "std": 0.17897337947109607
            },
            "memory.used": {
                "min": 16384000,
                "max": 16384000,
                "mean": 16384000.0,
                "std": 0.0
            },
            "memory.free": {
                "min": 16892231680,
                "max": 16892231680,
                "mean": 16892231680.0,
                "std": 0.0
            },
            "total_power_draw": 845.3909777316936
        },
        "total": {
            "start_unix": 1674723716.584813,
            "end_unix": 1674724212.193876,
            "nr_measurements": 9892,
            "total_power_draw": 845.3909777316936,
            "start_utc": "2023-01-26 09:01:56",
            "end_utc": "2023-01-26 09:10:12",
            "total_duration": 495.60906291007996
        }
    },
    "validation_pyrapl": {
        "0": {
            "start_unix": 1674723716.583223,
            "end_unix": 1674724212.445475,
            "start_utc": "2023-01-26 09:01:56",
            "end_utc": "2023-01-26 09:10:12",
            "total_duration": 495.862251996994,
            "nr_measurements": 9897,
            "duration": {
                "min": 0.002166,
                "max": 0.051055,
                "mean": 0.05010251247852885,
                "std": 0.00048397321226890965
            },
            "package-0": {
                "min": 9.608956602031395,
                "max": 163.00572934342122,
                "mean": 94.64415828599864,
                "std": 12.434162907684936
            },
            "package-0.dram": {
                "min": 2.373499538319483,
                "max": 8.642195608782435,
                "mean": 7.819955197388619,
                "std": 0.3714852500300947
            },
            "total_power_draw": 46932.79983499977
        },
        "total": {
            "start_unix": 1674723716.583223,
            "end_unix": 1674724212.445475,
            "nr_measurements": 9897,
            "total_power_draw": 46932.79983499977,
            "start_utc": "2023-01-26 09:01:56",
            "end_utc": "2023-01-26 09:10:12",
            "total_duration": 495.862251996994
        }
    },
    "full_log": "mnt_data/results_merged/infer_2023_01_26_09_01_56.tar.gz"
}