{
    "directory_name": "infer_2023_01_24_19_50_18",
    "validation_results": {
        "metrics": {
            "aggregated": {
                "MSE": 1060814066826.5388,
                "abs_error": 131102917.32992773,
                "abs_target_sum": 900047521.4583988,
                "abs_target_mean": 828773.0400169417,
                "seasonal_error": 36837.88075415882,
                "MASE": 3.4388002359089933,
                "MAPE": 0.17310597446180548,
                "sMAPE": 0.1700508139292327,
                "MSIS": 63.08716178181259,
                "QuantileLoss[0.1]": 44336683.76606173,
                "Coverage[0.1]": 0.11418047882136279,
                "QuantileLoss[0.5]": 131102917.32992773,
                "Coverage[0.5]": 0.3351749539594843,
                "QuantileLoss[0.9]": 137976575.19067025,
                "Coverage[0.9]": 0.6482504604051565,
                "RMSE": 1029958.2840224835,
                "NRMSE": 1.2427507101358282,
                "ND": 0.1456622169432722,
                "wQuantileLoss[0.1]": 0.04926038093435383,
                "wQuantileLoss[0.5]": 0.1456622169432722,
                "wQuantileLoss[0.9]": 0.153299211320641,
                "mean_absolute_QuantileLoss": 104472058.7622199,
                "mean_wQuantileLoss": 0.11607393639942236,
                "MAE_Coverage": 0.14358502148557398,
                "OWA": NaN
            }
        },
        "start": 1674586218.8626812,
        "end": 1674586229.8505762,
        "model": null,
        "data": null
    },
    "config": {
        "dataset": "m1_yearly_dataset",
        "model": "arima",
        "output_dir": "mnt_data/results",
        "epochs": 100,
        "datadir": "mnt_data/data",
        "cpu_monitor_interval": 0.05,
        "gpu_monitor_interval": 0.05,
        "seed": 42,
        "timestamp": "2023_01_24_19_50_18",
        "lag": 2,
        "train_logdir": "mnt_data/results/train_2023_01_24_19_50_17"
    },
    "requirements": [
        "# 3.7.7 (default, Mar 23 2020, 22:36:06)",
        "# [GCC 7.3.0]",
        "wrapt==1.11.2",
        "typed-ast==1.4.0",
        "six==1.12.0",
        "setuptools==41.6.0",
        "pytz==2019.3",
        "python-dateutil==2.8.0",
        "pyparsing==2.4.2",
        "pylint==2.4.3",
        "numpy==1.17.3",
        "mccabe==0.6.1",
        "matplotlib==3.1.1",
        "lazy-object-proxy==1.4.3",
        "kiwisolver==1.1.0",
        "isort==4.3.21",
        "cycler==0.10.0",
        "astroid==2.3.2",
        "wheel==0.37.1",
        "urllib3==1.26.14",
        "typing-extensions==4.4.0",
        "tqdm==4.64.1",
        "toolz==0.12.0",
        "rpy2==2.9.4",
        "requests==2.28.2",
        "pynvml==11.4.1",
        "pydantic==1.10.4",
        "pyarrow==8.0.0",
        "py-rapl==0.1",
        "pip==22.3.1",
        "pandas==1.3.5",
        "orjson==3.8.5",
        "mxnet==1.9.1",
        "markupsafe==2.1.1",
        "jinja2==3.1.2",
        "idna==3.4",
        "graphviz==0.8.4",
        "gluonts==0.11.8",
        "charset-normalizer==3.0.1",
        "certifi==2022.12.7"
    ],
    "execution_platform": {
        "System": "Linux",
        "Node Name": "ls8ws022",
        "Release": "5.4.0-137-generic",
        "Version": "#154-Ubuntu SMP Thu Jan 5 17:03:22 UTC 2023",
        "Machine": "x86_64",
        "Processor": "Intel(R) Xeon(R) W-2155 CPU @ 3.30GHz"
    },
    "validation_pynvml": {
        "0": {
            "start_unix": 1674589818.829211,
            "end_unix": 1674589829.821731,
            "start_utc": "2023-01-24 19:50:18",
            "end_utc": "2023-01-24 19:50:29",
            "total_duration": 10.992520093917847,
            "nr_measurements": 219,
            "temperature": {
                "min": 22,
                "max": 22,
                "mean": 22.0,
                "std": 0.0
            },
            "util.gpu": {
                "min": 0,
                "max": 0,
                "mean": 0.0,
                "std": 0.0
            },
            "util.memory": {
                "min": 0,
                "max": 0,
                "mean": 0.0,
                "std": 0.0
            },
            "power_usage": {
                "min": 1.212,
                "max": 2.116,
                "mean": 1.5106164383561647,
                "std": 0.16252659467408953
            },
            "memory.used": {
                "min": 16384000,
                "max": 16384000,
                "mean": 16384000.0,
                "std": 0.0
            },
            "memory.free": {
                "min": 16892231680,
                "max": 16892231680,
                "mean": 16892231680.0,
                "std": 0.0
            },
            "total_power_draw": 16.619514332275386
        },
        "total": {
            "start_unix": 1674589818.829211,
            "end_unix": 1674589829.821731,
            "nr_measurements": 219,
            "total_power_draw": 16.619514332275386,
            "start_utc": "2023-01-24 19:50:18",
            "end_utc": "2023-01-24 19:50:29",
            "total_duration": 10.992520093917847
        }
    },
    "validation_pyrapl": {
        "0": {
            "start_unix": 1674589818.824929,
            "end_unix": 1674589829.871979,
            "start_utc": "2023-01-24 19:50:18",
            "end_utc": "2023-01-24 19:50:29",
            "total_duration": 11.04704999923706,
            "nr_measurements": 220,
            "duration": {
                "min": 0.001914,
                "max": 0.050496,
                "mean": 0.05023306363636364,
                "std": 0.003265766005861614
            },
            "package-0": {
                "min": 14.700626959247648,
                "max": 97.65480130809632,
                "mean": 46.53128285766885,
                "std": 5.700032178687307
            },
            "package-0.dram": {
                "min": 3.410576999286677,
                "max": 8.321839080459771,
                "mean": 6.9207181136355915,
                "std": 0.3807066701166022
            },
            "total_power_draw": 515.7733369999999
        },
        "total": {
            "start_unix": 1674589818.824929,
            "end_unix": 1674589829.871979,
            "nr_measurements": 220,
            "total_power_draw": 515.7733369999999,
            "start_utc": "2023-01-24 19:50:18",
            "end_utc": "2023-01-24 19:50:29",
            "total_duration": 11.04704999923706
        }
    },
    "full_log": "mnt_data/results_merged/infer_2023_01_24_19_50_18.tar.gz"
}