{
    "directory_name": "infer_2023_01_27_00_08_41",
    "requirements": [
        "# 3.7.7 (default, Mar 23 2020, 22:36:06)",
        "# [GCC 7.3.0]",
        "wrapt==1.11.2",
        "typed-ast==1.4.0",
        "six==1.12.0",
        "setuptools==41.6.0",
        "pytz==2019.3",
        "python-dateutil==2.8.0",
        "pyparsing==2.4.2",
        "pylint==2.4.3",
        "numpy==1.17.3",
        "mccabe==0.6.1",
        "matplotlib==3.1.1",
        "lazy-object-proxy==1.4.3",
        "kiwisolver==1.1.0",
        "isort==4.3.21",
        "cycler==0.10.0",
        "astroid==2.3.2",
        "wheel==0.37.1",
        "urllib3==1.26.14",
        "typing-extensions==4.4.0",
        "tqdm==4.64.1",
        "toolz==0.12.0",
        "rpy2==2.9.4",
        "requests==2.28.2",
        "pynvml==11.4.1",
        "pydantic==1.10.4",
        "pyarrow==8.0.0",
        "py-rapl==0.1",
        "pip==22.3.1",
        "pandas==1.3.5",
        "orjson==3.8.5",
        "mxnet==1.9.1",
        "markupsafe==2.1.1",
        "jinja2==3.1.2",
        "idna==3.4",
        "graphviz==0.8.4",
        "gluonts==0.11.8",
        "charset-normalizer==3.0.1",
        "certifi==2022.12.7"
    ],
    "execution_platform": {
        "System": "Linux",
        "Node Name": "ls8ws022",
        "Release": "5.4.0-137-generic",
        "Version": "#154-Ubuntu SMP Thu Jan 5 17:03:22 UTC 2023",
        "Machine": "x86_64",
        "Processor": "Intel(R) Xeon(R) W-2155 CPU @ 3.30GHz"
    },
    "validation_results": {
        "metrics": {
            "aggregated": {
                "MSE": 1.3595499870340617,
                "abs_error": 12563.264124301066,
                "abs_target_sum": 12556.0,
                "abs_target_mean": 0.39129892794814264,
                "seasonal_error": 0.7395495720103049,
                "MASE": Infinity,
                "MAPE": 0.9989073963123699,
                "sMAPE": 1.9987240270378288,
                "MSIS": Infinity,
                "QuantileLoss[0.1]": 2715.6367939974,
                "Coverage[0.1]": 0.0,
                "QuantileLoss[0.5]": 12563.26410607774,
                "Coverage[0.5]": 0.74943904263276,
                "QuantileLoss[0.9]": 21871.38015622322,
                "Coverage[0.9]": 0.7948454250810273,
                "RMSE": 1.165997421538342,
                "NRMSE": 2.9798124611597894,
                "ND": 1.0005785380934267,
                "wQuantileLoss[0.1]": 0.21628200015907934,
                "wQuantileLoss[0.5]": 1.0005785366420628,
                "wQuantileLoss[0.9]": 1.741906670613509,
                "mean_absolute_QuantileLoss": 12383.427018766119,
                "mean_wQuantileLoss": 0.9862557358048836,
                "MAE_Coverage": 0.15153120585057755,
                "OWA": NaN
            }
        },
        "start": 1674774521.4820926,
        "end": 1674774542.5273452,
        "model": null,
        "data": null
    },
    "config": {
        "dataset": "car_parts_dataset_without_missing_values",
        "model": "transformer",
        "output_dir": "mnt_data/results",
        "epochs": 100,
        "datadir": "mnt_data/data",
        "cpu_monitor_interval": 0.05,
        "gpu_monitor_interval": 0.05,
        "seed": 42,
        "timestamp": "2023_01_27_00_08_41",
        "lag": 15,
        "external_forecast_horizon": 12,
        "integer_conversion": true,
        "train_logdir": "mnt_data/results/train_2023_01_27_00_06_59"
    },
    "validation_pyrapl": {
        "0": {
            "start_unix": 1674778121.443428,
            "end_unix": 1674778142.539512,
            "start_utc": "2023-01-27 00:08:41",
            "end_utc": "2023-01-27 00:09:02",
            "total_duration": 21.096083879470825,
            "nr_measurements": 422,
            "duration": {
                "min": 0.00223,
                "max": 0.050488,
                "mean": 0.04999575592417062,
                "std": 0.002328542132778291
            },
            "package-0": {
                "min": 9.4152466367713,
                "max": 160.27900431172148,
                "mean": 91.46054245432627,
                "std": 16.5546506080724
            },
            "package-0.dram": {
                "min": 2.483856502242152,
                "max": 8.185171155724795,
                "mean": 7.578741923069155,
                "std": 0.5184160238254182
            },
            "total_power_draw": 1933.412836
        },
        "total": {
            "start_unix": 1674778121.443428,
            "end_unix": 1674778142.539512,
            "nr_measurements": 422,
            "total_power_draw": 1933.412836,
            "start_utc": "2023-01-27 00:08:41",
            "end_utc": "2023-01-27 00:09:02",
            "total_duration": 21.096083879470825
        }
    },
    "validation_pynvml": {
        "0": {
            "start_unix": 1674778121.452201,
            "end_unix": 1674778142.48973,
            "start_utc": "2023-01-27 00:08:41",
            "end_utc": "2023-01-27 00:09:02",
            "total_duration": 21.03752899169922,
            "nr_measurements": 421,
            "temperature": {
                "min": 22,
                "max": 22,
                "mean": 22.0,
                "std": 0.0
            },
            "util.gpu": {
                "min": 0,
                "max": 0,
                "mean": 0.0,
                "std": 0.0
            },
            "util.memory": {
                "min": 0,
                "max": 0,
                "mean": 0.0,
                "std": 0.0
            },
            "power_usage": {
                "min": 1.084,
                "max": 1.667,
                "mean": 1.3432232779097386,
                "std": 0.12424610674015772
            },
            "memory.used": {
                "min": 16384000,
                "max": 16384000,
                "mean": 16384000.0,
                "std": 0.0
            },
            "memory.free": {
                "min": 16892231680,
                "max": 16892231680,
                "mean": 16892231680.0,
                "std": 0.0
            },
            "total_power_draw": 28.266842806884757
        },
        "total": {
            "start_unix": 1674778121.452201,
            "end_unix": 1674778142.48973,
            "nr_measurements": 421,
            "total_power_draw": 28.266842806884757,
            "start_utc": "2023-01-27 00:08:41",
            "end_utc": "2023-01-27 00:09:02",
            "total_duration": 21.03752899169922
        }
    },
    "full_log": "mnt_data/results_merged/infer_2023_01_27_00_08_41.tar.gz"
}