{
    "directory_name": "infer_2023_01_24_23_11_38",
    "requirements": [
        "# 3.7.7 (default, Mar 23 2020, 22:36:06)",
        "# [GCC 7.3.0]",
        "wrapt==1.11.2",
        "typed-ast==1.4.0",
        "six==1.12.0",
        "setuptools==41.6.0",
        "pytz==2019.3",
        "python-dateutil==2.8.0",
        "pyparsing==2.4.2",
        "pylint==2.4.3",
        "numpy==1.17.3",
        "mccabe==0.6.1",
        "matplotlib==3.1.1",
        "lazy-object-proxy==1.4.3",
        "kiwisolver==1.1.0",
        "isort==4.3.21",
        "cycler==0.10.0",
        "astroid==2.3.2",
        "wheel==0.37.1",
        "urllib3==1.26.14",
        "typing-extensions==4.4.0",
        "tqdm==4.64.1",
        "toolz==0.12.0",
        "rpy2==2.9.4",
        "requests==2.28.2",
        "pynvml==11.4.1",
        "pydantic==1.10.4",
        "pyarrow==8.0.0",
        "py-rapl==0.1",
        "pip==22.3.1",
        "pandas==1.3.5",
        "orjson==3.8.5",
        "mxnet==1.9.1",
        "markupsafe==2.1.1",
        "jinja2==3.1.2",
        "idna==3.4",
        "graphviz==0.8.4",
        "gluonts==0.11.8",
        "charset-normalizer==3.0.1",
        "certifi==2022.12.7"
    ],
    "validation_results": {
        "metrics": {
            "aggregated": {
                "MSE": 334382.39688912756,
                "abs_error": 407830.6923828125,
                "abs_target_sum": 6687265.458984375,
                "abs_target_mean": 4804.0700136382,
                "seasonal_error": 108.35857111710651,
                "MASE": 3.0197453451848806,
                "MAPE": 0.06992641099910626,
                "sMAPE": 0.06187778438612733,
                "MSIS": 25.338524034936412,
                "QuantileLoss[0.1]": 306346.9389160157,
                "Coverage[0.1]": 0.3110632183908046,
                "QuantileLoss[0.5]": 407830.69140625,
                "Coverage[0.5]": 0.8096264367816092,
                "QuantileLoss[0.9]": 174741.17145996093,
                "Coverage[0.9]": 0.9676724137931034,
                "RMSE": 578.2580711837298,
                "NRMSE": 0.12036836880855648,
                "ND": 0.0609861676471793,
                "wQuantileLoss[0.1]": 0.04581049470743486,
                "wQuantileLoss[0.5]": 0.06098616750114614,
                "wQuantileLoss[0.9]": 0.02613043740101498,
                "mean_absolute_QuantileLoss": 296306.2672607422,
                "mean_wQuantileLoss": 0.04430903320319866,
                "MAE_Coverage": 0.19612068965517238,
                "OWA": NaN
            }
        },
        "start": 1674598299.1102672,
        "end": 1674598299.823965,
        "model": null,
        "data": null
    },
    "validation_pyrapl": {
        "0": {
            "start_unix": 1674601899.070553,
            "end_unix": 1674601899.824255,
            "start_utc": "2023-01-24 23:11:39",
            "end_utc": "2023-01-24 23:11:39",
            "total_duration": 0.75370192527771,
            "nr_measurements": 16,
            "duration": {
                "min": 0.001872,
                "max": 0.050481,
                "mean": 0.047207625,
                "std": 0.0117067979817017
            },
            "package-0": {
                "min": 11.248397435897436,
                "max": 95.60945079954483,
                "mean": 61.913869282104386,
                "std": 29.056609214942426
            },
            "package-0.dram": {
                "min": 0.0,
                "max": 7.056010144037407,
                "mean": 5.939066933342346,
                "std": 1.7487295210191016
            },
            "total_power_draw": 49.19183
        },
        "total": {
            "start_unix": 1674601899.070553,
            "end_unix": 1674601899.824255,
            "nr_measurements": 16,
            "total_power_draw": 49.19183,
            "start_utc": "2023-01-24 23:11:39",
            "end_utc": "2023-01-24 23:11:39",
            "total_duration": 0.75370192527771
        }
    },
    "validation_pynvml": {
        "0": {
            "start_unix": 1674601899.079093,
            "end_unix": 1674601899.775952,
            "start_utc": "2023-01-24 23:11:39",
            "end_utc": "2023-01-24 23:11:39",
            "total_duration": 0.6968591213226318,
            "nr_measurements": 15,
            "temperature": {
                "min": 22,
                "max": 22,
                "mean": 22.0,
                "std": 0.0
            },
            "util.gpu": {
                "min": 0,
                "max": 0,
                "mean": 0.0,
                "std": 0.0
            },
            "util.memory": {
                "min": 0,
                "max": 0,
                "mean": 0.0,
                "std": 0.0
            },
            "power_usage": {
                "min": 1.291,
                "max": 1.862,
                "mean": 1.5512666666666668,
                "std": 0.2198995124040878
            },
            "memory.used": {
                "min": 16384000,
                "max": 16384000,
                "mean": 16384000.0,
                "std": 0.0
            },
            "memory.free": {
                "min": 16892231680,
                "max": 16892231680,
                "mean": 16892231680.0,
                "std": 0.0
            },
            "total_power_draw": 1.0956543767089844
        },
        "total": {
            "start_unix": 1674601899.079093,
            "end_unix": 1674601899.775952,
            "nr_measurements": 15,
            "total_power_draw": 1.0956543767089844,
            "start_utc": "2023-01-24 23:11:39",
            "end_utc": "2023-01-24 23:11:39",
            "total_duration": 0.6968591213226318
        }
    },
    "execution_platform": {
        "System": "Linux",
        "Node Name": "ls8ws022",
        "Release": "5.4.0-137-generic",
        "Version": "#154-Ubuntu SMP Thu Jan 5 17:03:22 UTC 2023",
        "Machine": "x86_64",
        "Processor": "Intel(R) Xeon(R) W-2155 CPU @ 3.30GHz"
    },
    "config": {
        "dataset": "m3_other_dataset",
        "model": "deepar",
        "output_dir": "mnt_data/results",
        "epochs": 100,
        "datadir": "mnt_data/data",
        "cpu_monitor_interval": 0.05,
        "gpu_monitor_interval": 0.05,
        "seed": 42,
        "timestamp": "2023_01_24_23_11_38",
        "lag": 2,
        "train_logdir": "mnt_data/results/train_2023_01_24_23_10_07"
    },
    "full_log": "mnt_data/results_merged/infer_2023_01_24_23_11_38.tar.gz"
}