{
    "directory_name": "infer_2023_01_28_01_49_44",
    "execution_platform": {
        "System": "Linux",
        "Node Name": "ls8ws022",
        "Release": "5.4.0-137-generic",
        "Version": "#154-Ubuntu SMP Thu Jan 5 17:03:22 UTC 2023",
        "Machine": "x86_64",
        "Processor": "Intel(R) Xeon(R) W-2155 CPU @ 3.30GHz"
    },
    "config": {
        "dataset": "weather_dataset",
        "model": "transformer",
        "output_dir": "mnt_data/results",
        "epochs": 100,
        "datadir": "mnt_data/data",
        "cpu_monitor_interval": 0.05,
        "gpu_monitor_interval": 0.05,
        "seed": 42,
        "timestamp": "2023_01_28_01_49_44",
        "lag": 9,
        "external_forecast_horizon": 30,
        "train_logdir": "mnt_data/results/train_2023_01_28_01_37_41"
    },
    "validation_results": {
        "metrics": {
            "aggregated": {
                "MSE": 18.083583791292497,
                "abs_error": 191052.91205742955,
                "abs_target_sum": 984815.1437503695,
                "abs_target_mean": 10.906037029350713,
                "seasonal_error": 2.6976834574808968,
                "MASE": 1.0194380954384887,
                "MAPE": 0.536606923243409,
                "sMAPE": 0.714849982263968,
                "MSIS": 12.501009017734425,
                "QuantileLoss[0.1]": 94486.42446734241,
                "Coverage[0.1]": 0.1494019933554817,
                "QuantileLoss[0.5]": 191052.9120541025,
                "Coverage[0.5]": 0.505891472868217,
                "QuantileLoss[0.9]": 121153.01063890512,
                "Coverage[0.9]": 0.8643521594684386,
                "RMSE": 4.252479722619792,
                "NRMSE": 0.3899197949883507,
                "ND": 0.19399875526879343,
                "wQuantileLoss[0.1]": 0.09594330983530527,
                "wQuantileLoss[0.5]": 0.19399875526541505,
                "wQuantileLoss[0.9]": 0.12302106787018999,
                "mean_absolute_QuantileLoss": 135564.11572011668,
                "mean_wQuantileLoss": 0.13765437765697008,
                "MAE_Coverage": 0.030313768918420053,
                "OWA": NaN
            }
        },
        "start": 1674866984.6362677,
        "end": 1674867053.9608483,
        "model": null,
        "data": null
    },
    "requirements": [
        "# 3.7.7 (default, Mar 23 2020, 22:36:06)",
        "# [GCC 7.3.0]",
        "wrapt==1.11.2",
        "typed-ast==1.4.0",
        "six==1.12.0",
        "setuptools==41.6.0",
        "pytz==2019.3",
        "python-dateutil==2.8.0",
        "pyparsing==2.4.2",
        "pylint==2.4.3",
        "numpy==1.17.3",
        "mccabe==0.6.1",
        "matplotlib==3.1.1",
        "lazy-object-proxy==1.4.3",
        "kiwisolver==1.1.0",
        "isort==4.3.21",
        "cycler==0.10.0",
        "astroid==2.3.2",
        "wheel==0.37.1",
        "urllib3==1.26.14",
        "typing-extensions==4.4.0",
        "tqdm==4.64.1",
        "toolz==0.12.0",
        "rpy2==2.9.4",
        "requests==2.28.2",
        "pynvml==11.4.1",
        "pydantic==1.10.4",
        "pyarrow==8.0.0",
        "py-rapl==0.1",
        "pip==22.3.1",
        "pandas==1.3.5",
        "orjson==3.8.5",
        "mxnet==1.9.1",
        "markupsafe==2.1.1",
        "jinja2==3.1.2",
        "idna==3.4",
        "graphviz==0.8.4",
        "gluonts==0.11.8",
        "charset-normalizer==3.0.1",
        "certifi==2022.12.7"
    ],
    "validation_pyrapl": {
        "0": {
            "start_unix": 1674870584.597298,
            "end_unix": 1674870654.015838,
            "start_utc": "2023-01-28 01:49:44",
            "end_utc": "2023-01-28 01:50:54",
            "total_duration": 69.41854000091553,
            "nr_measurements": 1385,
            "duration": {
                "min": 0.001984,
                "max": 0.050498,
                "mean": 0.05012314657039711,
                "std": 0.0013000084524152351
            },
            "package-0": {
                "min": 13.25907258064516,
                "max": 159.02580992873823,
                "mean": 84.34093146793116,
                "std": 18.992889604085885
            },
            "package-0.dram": {
                "min": 2.9093034313337034,
                "max": 9.843254681199346,
                "mean": 7.8516687617363266,
                "std": 0.7482686882456555
            },
            "total_power_draw": 5856.384299999998
        },
        "total": {
            "start_unix": 1674870584.597298,
            "end_unix": 1674870654.015838,
            "nr_measurements": 1385,
            "total_power_draw": 5856.384299999998,
            "start_utc": "2023-01-28 01:49:44",
            "end_utc": "2023-01-28 01:50:54",
            "total_duration": 69.41854000091553
        }
    },
    "validation_pynvml": {
        "0": {
            "start_unix": 1674870584.591948,
            "end_unix": 1674870653.955018,
            "start_utc": "2023-01-28 01:49:44",
            "end_utc": "2023-01-28 01:50:53",
            "total_duration": 69.36307001113892,
            "nr_measurements": 1384,
            "temperature": {
                "min": 22,
                "max": 22,
                "mean": 22.0,
                "std": 0.0
            },
            "util.gpu": {
                "min": 0,
                "max": 0,
                "mean": 0.0,
                "std": 0.0
            },
            "util.memory": {
                "min": 0,
                "max": 0,
                "mean": 0.0,
                "std": 0.0
            },
            "power_usage": {
                "min": 1.18,
                "max": 2.315,
                "mean": 1.6518099710982659,
                "std": 0.17893166225145435
            },
            "memory.used": {
                "min": 16384000,
                "max": 16384000,
                "mean": 16384000.0,
                "std": 0.0
            },
            "memory.free": {
                "min": 16892231680,
                "max": 16892231680,
                "mean": 16892231680.0,
                "std": 0.0
            },
            "total_power_draw": 114.58954317919914
        },
        "total": {
            "start_unix": 1674870584.591948,
            "end_unix": 1674870653.955018,
            "nr_measurements": 1384,
            "total_power_draw": 114.58954317919914,
            "start_utc": "2023-01-28 01:49:44",
            "end_utc": "2023-01-28 01:50:53",
            "total_duration": 69.36307001113892
        }
    },
    "full_log": "mnt_data/results_merged/infer_2023_01_28_01_49_44.tar.gz"
}