{
    "directory_name": "infer_2023_01_27_02_05_17",
    "requirements": [
        "# 3.7.7 (default, Mar 23 2020, 22:36:06)",
        "# [GCC 7.3.0]",
        "wrapt==1.11.2",
        "typed-ast==1.4.0",
        "six==1.12.0",
        "setuptools==41.6.0",
        "pytz==2019.3",
        "python-dateutil==2.8.0",
        "pyparsing==2.4.2",
        "pylint==2.4.3",
        "numpy==1.17.3",
        "mccabe==0.6.1",
        "matplotlib==3.1.1",
        "lazy-object-proxy==1.4.3",
        "kiwisolver==1.1.0",
        "isort==4.3.21",
        "cycler==0.10.0",
        "astroid==2.3.2",
        "wheel==0.37.1",
        "urllib3==1.26.14",
        "typing-extensions==4.4.0",
        "tqdm==4.64.1",
        "toolz==0.12.0",
        "rpy2==2.9.4",
        "requests==2.28.2",
        "pynvml==11.4.1",
        "pydantic==1.10.4",
        "pyarrow==8.0.0",
        "py-rapl==0.1",
        "pip==22.3.1",
        "pandas==1.3.5",
        "orjson==3.8.5",
        "mxnet==1.9.1",
        "markupsafe==2.1.1",
        "jinja2==3.1.2",
        "idna==3.4",
        "graphviz==0.8.4",
        "gluonts==0.11.8",
        "charset-normalizer==3.0.1",
        "certifi==2022.12.7"
    ],
    "config": {
        "dataset": "traffic_weekly_dataset",
        "model": "nbeats",
        "output_dir": "mnt_data/results",
        "epochs": 100,
        "datadir": "mnt_data/data",
        "cpu_monitor_interval": 0.05,
        "gpu_monitor_interval": 0.05,
        "seed": 42,
        "timestamp": "2023_01_27_02_05_17",
        "lag": 65,
        "external_forecast_horizon": 8,
        "train_logdir": "mnt_data/results/train_2023_01_27_01_55_59"
    },
    "validation_results": {
        "metrics": {
            "aggregated": {
                "MSE": 3.5781871578747975,
                "abs_error": 7445.524920701981,
                "abs_target_sum": 66418.92919254303,
                "abs_target_mean": 9.631515254139071,
                "seasonal_error": 0.7282777253634357,
                "MASE": 1.6262511509005901,
                "MAPE": 0.23555807389476685,
                "sMAPE": 0.1208223858005486,
                "MSIS": 65.0500459423759,
                "QuantileLoss[0.1]": 8181.70854024887,
                "Coverage[0.1]": 0.48738399071925753,
                "QuantileLoss[0.5]": 7445.524924755096,
                "Coverage[0.5]": 0.48738399071925753,
                "QuantileLoss[0.9]": 6709.341309261323,
                "Coverage[0.9]": 0.48738399071925753,
                "RMSE": 1.8916096737632733,
                "NRMSE": 0.19639793156641353,
                "ND": 0.11209944230082383,
                "wQuantileLoss[0.1]": 0.12318338521433804,
                "wQuantileLoss[0.5]": 0.11209944236184734,
                "wQuantileLoss[0.9]": 0.10101549950935662,
                "mean_absolute_QuantileLoss": 7445.524924755096,
                "mean_wQuantileLoss": 0.11209944236184732,
                "MAE_Coverage": 0.27087200309358084,
                "OWA": NaN
            }
        },
        "start": 1674781517.9695377,
        "end": 1674781568.5111084,
        "model": null,
        "data": null
    },
    "validation_pynvml": {
        "0": {
            "start_unix": 1674785117.930975,
            "end_unix": 1674785168.472281,
            "start_utc": "2023-01-27 02:05:17",
            "end_utc": "2023-01-27 02:06:08",
            "total_duration": 50.541306018829346,
            "nr_measurements": 1010,
            "temperature": {
                "min": 22,
                "max": 22,
                "mean": 22.0,
                "std": 0.0
            },
            "util.gpu": {
                "min": 0,
                "max": 0,
                "mean": 0.0,
                "std": 0.0
            },
            "util.memory": {
                "min": 0,
                "max": 0,
                "mean": 0.0,
                "std": 0.0
            },
            "power_usage": {
                "min": 1.258,
                "max": 2.559,
                "mean": 1.8651336633663367,
                "std": 0.16094012463727905
            },
            "memory.used": {
                "min": 16384000,
                "max": 16384000,
                "mean": 16384000.0,
                "std": 0.0
            },
            "memory.free": {
                "min": 16892231680,
                "max": 16892231680,
                "mean": 16892231680.0,
                "std": 0.0
            },
            "total_power_draw": 94.29391645288082
        },
        "total": {
            "start_unix": 1674785117.930975,
            "end_unix": 1674785168.472281,
            "nr_measurements": 1010,
            "total_power_draw": 94.29391645288082,
            "start_utc": "2023-01-27 02:05:17",
            "end_utc": "2023-01-27 02:06:08",
            "total_duration": 50.541306018829346
        }
    },
    "validation_pyrapl": {
        "0": {
            "start_unix": 1674785117.930651,
            "end_unix": 1674785168.523543,
            "start_utc": "2023-01-27 02:05:17",
            "end_utc": "2023-01-27 02:06:08",
            "total_duration": 50.59289193153381,
            "nr_measurements": 1011,
            "duration": {
                "min": 0.002092,
                "max": 0.050471,
                "mean": 0.05004436201780416,
                "std": 0.0015091120129918012
            },
            "package-0": {
                "min": 10.38623326959847,
                "max": 160.69697332694457,
                "mean": 84.62650666032293,
                "std": 7.249047187022265
            },
            "package-0.dram": {
                "min": 2.9694072657743784,
                "max": 7.709268429039215,
                "mean": 7.265849556636263,
                "std": 0.22111755652739765
            },
            "total_power_draw": 4285.164262000004
        },
        "total": {
            "start_unix": 1674785117.930651,
            "end_unix": 1674785168.523543,
            "nr_measurements": 1011,
            "total_power_draw": 4285.164262000004,
            "start_utc": "2023-01-27 02:05:17",
            "end_utc": "2023-01-27 02:06:08",
            "total_duration": 50.59289193153381
        }
    },
    "execution_platform": {
        "System": "Linux",
        "Node Name": "ls8ws022",
        "Release": "5.4.0-137-generic",
        "Version": "#154-Ubuntu SMP Thu Jan 5 17:03:22 UTC 2023",
        "Machine": "x86_64",
        "Processor": "Intel(R) Xeon(R) W-2155 CPU @ 3.30GHz"
    },
    "full_log": "mnt_data/results_merged/infer_2023_01_27_02_05_17.tar.gz"
}