{
    "directory_name": "infer_2023_02_19_06_27_05",
    "config": {
        "dataset": "solar_10_minutes_dataset",
        "model": "deepar",
        "output_dir": "mnt_data/results",
        "epochs": 100,
        "datadir": "mnt_data/data",
        "cpu_monitor_interval": 0.05,
        "gpu_monitor_interval": 0.05,
        "seed": 42,
        "timestamp": "2023_02_19_06_27_05",
        "lag": 50,
        "external_forecast_horizon": 1008,
        "train_logdir": "mnt_data/results/train_2023_02_19_04_05_33"
    },
    "validation_results": {
        "metrics": {
            "aggregated": {
                "MSE": 59.87337874614852,
                "abs_error": 453033.26470947266,
                "abs_target_sum": 453448.6511230469,
                "abs_target_mean": 3.2835755642672257,
                "seasonal_error": 2.2877838658828167,
                "MASE": 1.4496414642747968,
                "MAPE": 0.9904251518546259,
                "sMAPE": 1.9877134881557146,
                "MSIS": 56.21857680869406,
                "QuantileLoss[0.1]": 91827.8305987687,
                "Coverage[0.1]": 1.4482678716255357e-05,
                "QuantileLoss[0.5]": 453033.265500761,
                "Coverage[0.5]": 0.07891611632487545,
                "QuantileLoss[0.9]": 805552.9454750498,
                "Coverage[0.9]": 0.5395087475379445,
                "RMSE": 7.737789008893207,
                "NRMSE": 2.3565131538612847,
                "ND": 0.9990839394658129,
                "wQuantileLoss[0.1]": 0.20250987707503512,
                "wQuantileLoss[0.5]": 0.999083941210858,
                "wQuantileLoss[0.9]": 1.7765031243999811,
                "mean_absolute_QuantileLoss": 450138.0138581931,
                "mean_wQuantileLoss": 0.9926989808952914,
                "MAE_Coverage": 0.29385355115282125,
                "OWA": NaN
            }
        },
        "start": 1676784426.0147223,
        "end": 1676784460.3668158,
        "model": null,
        "data": null
    },
    "requirements": [
        "# 3.7.7 (default, Mar 23 2020, 22:36:06)",
        "# [GCC 7.3.0]",
        "wrapt==1.11.2",
        "typed-ast==1.4.0",
        "six==1.12.0",
        "setuptools==41.6.0",
        "pytz==2019.3",
        "python-dateutil==2.8.0",
        "pyparsing==2.4.2",
        "pylint==2.4.3",
        "numpy==1.17.3",
        "mccabe==0.6.1",
        "matplotlib==3.1.1",
        "lazy-object-proxy==1.4.3",
        "kiwisolver==1.1.0",
        "isort==4.3.21",
        "cycler==0.10.0",
        "astroid==2.3.2",
        "wheel==0.37.1",
        "urllib3==1.26.14",
        "typing-extensions==4.4.0",
        "tqdm==4.64.1",
        "toolz==0.12.0",
        "rpy2==2.9.4",
        "requests==2.28.2",
        "pynvml==11.4.1",
        "pydantic==1.10.4",
        "pyarrow==8.0.0",
        "py-rapl==0.1",
        "pip==22.3.1",
        "pandas==1.3.5",
        "orjson==3.8.5",
        "mxnet==1.9.1",
        "markupsafe==2.1.1",
        "jinja2==3.1.2",
        "idna==3.4",
        "graphviz==0.8.4",
        "gluonts==0.11.8",
        "charset-normalizer==3.0.1",
        "certifi==2022.12.7"
    ],
    "execution_platform": {
        "System": "Linux",
        "Node Name": "ls8ws022",
        "Release": "5.4.0-137-generic",
        "Version": "#154-Ubuntu SMP Thu Jan 5 17:03:22 UTC 2023",
        "Machine": "x86_64",
        "Processor": "Intel(R) Xeon(R) W-2155 CPU @ 3.30GHz"
    },
    "validation_pyrapl": {
        "0": {
            "start_unix": 1676788025.97519,
            "end_unix": 1676788060.434262,
            "start_utc": "2023-02-19 06:27:05",
            "end_utc": "2023-02-19 06:27:40",
            "total_duration": 34.45907211303711,
            "nr_measurements": 688,
            "duration": {
                "min": 0.002005,
                "max": 0.050495,
                "mean": 0.05008878488372093,
                "std": 0.0018388575763998492
            },
            "package-0": {
                "min": 16.681795511221946,
                "max": 111.0745154400463,
                "mean": 93.83967610241051,
                "std": 21.090290666108064
            },
            "package-0.dram": {
                "min": 0.0,
                "max": 8.79385178990961,
                "mean": 7.778573625290413,
                "std": 0.7452355033404772
            },
            "total_power_draw": 3236.073503000001
        },
        "total": {
            "start_unix": 1676788025.97519,
            "end_unix": 1676788060.434262,
            "nr_measurements": 688,
            "total_power_draw": 3236.073503000001,
            "start_utc": "2023-02-19 06:27:05",
            "end_utc": "2023-02-19 06:27:40",
            "total_duration": 34.45907211303711
        }
    },
    "validation_pynvml": {
        "0": {
            "start_unix": 1676788025.96777,
            "end_unix": 1676788060.368461,
            "start_utc": "2023-02-19 06:27:05",
            "end_utc": "2023-02-19 06:27:40",
            "total_duration": 34.40069079399109,
            "nr_measurements": 687,
            "temperature": {
                "min": 25,
                "max": 25,
                "mean": 25.0,
                "std": 0.0
            },
            "util.gpu": {
                "min": 0,
                "max": 0,
                "mean": 0.0,
                "std": 0.0
            },
            "util.memory": {
                "min": 0,
                "max": 0,
                "mean": 0.0,
                "std": 0.0
            },
            "power_usage": {
                "min": 1.025,
                "max": 2.19,
                "mean": 1.6434366812227073,
                "std": 0.19398664022950168
            },
            "memory.used": {
                "min": 16384000,
                "max": 16384000,
                "mean": 16384000.0,
                "std": 0.0
            },
            "memory.free": {
                "min": 16892231680,
                "max": 16892231680,
                "mean": 16892231680.0,
                "std": 0.0
            },
            "total_power_draw": 56.535075012695266
        },
        "total": {
            "start_unix": 1676788025.96777,
            "end_unix": 1676788060.368461,
            "nr_measurements": 687,
            "total_power_draw": 56.535075012695266,
            "start_utc": "2023-02-19 06:27:05",
            "end_utc": "2023-02-19 06:27:40",
            "total_duration": 34.40069079399109
        }
    },
    "full_log": "mnt_data/results_merged/infer_2023_02_19_06_27_05.tar.gz"
}