{
    "directory_name": "infer_2023_01_27_09_45_57",
    "execution_platform": {
        "System": "Linux",
        "Node Name": "ls8ws022",
        "Release": "5.4.0-137-generic",
        "Version": "#154-Ubuntu SMP Thu Jan 5 17:03:22 UTC 2023",
        "Machine": "x86_64",
        "Processor": "Intel(R) Xeon(R) W-2155 CPU @ 3.30GHz"
    },
    "config": {
        "dataset": "kaggle_web_traffic_weekly_dataset",
        "model": "transformer",
        "output_dir": "mnt_data/results",
        "epochs": 100,
        "datadir": "mnt_data/data",
        "cpu_monitor_interval": 0.05,
        "gpu_monitor_interval": 0.05,
        "seed": 42,
        "timestamp": "2023_01_27_09_45_57",
        "lag": 10,
        "external_forecast_horizon": 8,
        "integer_conversion": true,
        "train_logdir": "mnt_data/results/train_2023_01_27_09_43_33"
    },
    "validation_results": {
        "metrics": {
            "aggregated": {
                "MSE": 31104308811.206337,
                "abs_error": 2989505417.9607253,
                "abs_target_sum": 8146529314.0,
                "abs_target_mean": 7019.820107470548,
                "seasonal_error": 2523.4895236650873,
                "MASE": Infinity,
                "MAPE": 0.6125794834098669,
                "sMAPE": 0.3600179417231899,
                "MSIS": Infinity,
                "QuantileLoss[0.1]": 919276949.5393866,
                "Coverage[0.1]": 0.06401615160309658,
                "QuantileLoss[0.5]": 2989505400.2454658,
                "Coverage[0.5]": 0.5574198796385019,
                "QuantileLoss[0.9]": 3076581569.6339483,
                "Coverage[0.9]": 0.8652042560818403,
                "RMSE": 176364.13697576482,
                "NRMSE": 25.12374024913783,
                "ND": 0.3669667539062544,
                "wQuantileLoss[0.1]": 0.11284277194701649,
                "wQuantileLoss[0.5]": 0.36696675173167687,
                "wQuantileLoss[0.9]": 0.3776554961076211,
                "mean_absolute_QuantileLoss": 2328454639.806267,
                "mean_wQuantileLoss": 0.28582167326210484,
                "MAE_Coverage": 0.04273315731785504,
                "OWA": NaN
            }
        },
        "start": 1674809157.3213038,
        "end": 1674809838.1716127,
        "model": null,
        "data": null
    },
    "requirements": [
        "# 3.7.7 (default, Mar 23 2020, 22:36:06)",
        "# [GCC 7.3.0]",
        "wrapt==1.11.2",
        "typed-ast==1.4.0",
        "six==1.12.0",
        "setuptools==41.6.0",
        "pytz==2019.3",
        "python-dateutil==2.8.0",
        "pyparsing==2.4.2",
        "pylint==2.4.3",
        "numpy==1.17.3",
        "mccabe==0.6.1",
        "matplotlib==3.1.1",
        "lazy-object-proxy==1.4.3",
        "kiwisolver==1.1.0",
        "isort==4.3.21",
        "cycler==0.10.0",
        "astroid==2.3.2",
        "wheel==0.37.1",
        "urllib3==1.26.14",
        "typing-extensions==4.4.0",
        "tqdm==4.64.1",
        "toolz==0.12.0",
        "rpy2==2.9.4",
        "requests==2.28.2",
        "pynvml==11.4.1",
        "pydantic==1.10.4",
        "pyarrow==8.0.0",
        "py-rapl==0.1",
        "pip==22.3.1",
        "pandas==1.3.5",
        "orjson==3.8.5",
        "mxnet==1.9.1",
        "markupsafe==2.1.1",
        "jinja2==3.1.2",
        "idna==3.4",
        "graphviz==0.8.4",
        "gluonts==0.11.8",
        "charset-normalizer==3.0.1",
        "certifi==2022.12.7"
    ],
    "validation_pyrapl": {
        "0": {
            "start_unix": 1674812757.282565,
            "end_unix": 1674813438.43542,
            "start_utc": "2023-01-27 09:45:57",
            "end_utc": "2023-01-27 09:57:18",
            "total_duration": 681.1528549194336,
            "nr_measurements": 13594,
            "duration": {
                "min": 0.002045,
                "max": 0.052225,
                "mean": 0.05010702743857585,
                "std": 0.00041903347271472655
            },
            "package-0": {
                "min": 13.371149144254279,
                "max": 162.81158668050784,
                "mean": 92.44907631382247,
                "std": 16.45030484933413
            },
            "package-0.dram": {
                "min": 2.2419632776754415,
                "max": 8.562280421590545,
                "mean": 7.242210459146766,
                "std": 0.1912251885798372
            },
            "total_power_draw": 62971.19285899988
        },
        "total": {
            "start_unix": 1674812757.282565,
            "end_unix": 1674813438.43542,
            "nr_measurements": 13594,
            "total_power_draw": 62971.19285899988,
            "start_utc": "2023-01-27 09:45:57",
            "end_utc": "2023-01-27 09:57:18",
            "total_duration": 681.1528549194336
        }
    },
    "validation_pynvml": {
        "0": {
            "start_unix": 1674812757.278461,
            "end_unix": 1674813438.123076,
            "start_utc": "2023-01-27 09:45:57",
            "end_utc": "2023-01-27 09:57:18",
            "total_duration": 680.844614982605,
            "nr_measurements": 13589,
            "temperature": {
                "min": 22,
                "max": 23,
                "mean": 22.966590624770035,
                "std": 0.17970305750517654
            },
            "util.gpu": {
                "min": 0,
                "max": 0,
                "mean": 0.0,
                "std": 0.0
            },
            "util.memory": {
                "min": 0,
                "max": 0,
                "mean": 0.0,
                "std": 0.0
            },
            "power_usage": {
                "min": 0.998,
                "max": 2.213,
                "mean": 1.5009706380160426,
                "std": 0.15779256830457689
            },
            "memory.used": {
                "min": 16384000,
                "max": 16384000,
                "mean": 16384000.0,
                "std": 0.0
            },
            "memory.free": {
                "min": 16892231680,
                "max": 16892231680,
                "mean": 16892231680.0,
                "std": 0.0
            },
            "total_power_draw": 1021.9262562973605
        },
        "total": {
            "start_unix": 1674812757.278461,
            "end_unix": 1674813438.123076,
            "nr_measurements": 13589,
            "total_power_draw": 1021.9262562973605,
            "start_utc": "2023-01-27 09:45:57",
            "end_utc": "2023-01-27 09:57:18",
            "total_duration": 680.844614982605
        }
    },
    "full_log": "mnt_data/results_merged/infer_2023_01_27_09_45_57.tar.gz"
}