{
    "directory_name": "infer_2023_01_27_03_06_13",
    "execution_platform": {
        "System": "Linux",
        "Node Name": "ls8ws022",
        "Release": "5.4.0-137-generic",
        "Version": "#154-Ubuntu SMP Thu Jan 5 17:03:22 UTC 2023",
        "Machine": "x86_64",
        "Processor": "Intel(R) Xeon(R) W-2155 CPU @ 3.30GHz"
    },
    "config": {
        "dataset": "solar_weekly_dataset",
        "model": "wavenet",
        "output_dir": "mnt_data/results",
        "epochs": 100,
        "datadir": "mnt_data/data",
        "cpu_monitor_interval": 0.05,
        "gpu_monitor_interval": 0.05,
        "seed": 42,
        "timestamp": "2023_01_27_03_06_13",
        "lag": 6,
        "external_forecast_horizon": 5,
        "train_logdir": "mnt_data/results/train_2023_01_27_03_03_37"
    },
    "validation_results": {
        "metrics": {
            "aggregated": {
                "MSE": 8690748.90310219,
                "abs_error": 1332243.2569580078,
                "abs_target_sum": 3113778.9106445312,
                "abs_target_mean": 4545.662643276689,
                "seasonal_error": 986.3204547539473,
                "MASE": 1.9969414519114075,
                "MAPE": 0.4829593654966702,
                "sMAPE": 0.36158180924227634,
                "MSIS": 35.81002849005083,
                "QuantileLoss[0.1]": 1235834.0412719727,
                "Coverage[0.1]": 0.7722627737226277,
                "QuantileLoss[0.5]": 1332243.2567749023,
                "Coverage[0.5]": 0.9503649635036495,
                "QuantileLoss[0.9]": 619534.095031738,
                "Coverage[0.9]": 1.0,
                "RMSE": 2948.0076158487427,
                "NRMSE": 0.6485319847061297,
                "ND": 0.4278541589461284,
                "wQuantileLoss[0.1]": 0.3968920327153746,
                "wQuantileLoss[0.5]": 0.4278541588873235,
                "wQuantileLoss[0.9]": 0.1989653449427142,
                "mean_absolute_QuantileLoss": 1062537.1310262044,
                "mean_wQuantileLoss": 0.34123717884847077,
                "MAE_Coverage": 0.40754257907542585,
                "OWA": NaN
            }
        },
        "start": 1674785173.278634,
        "end": 1674785175.4726286,
        "model": null,
        "data": null
    },
    "requirements": [
        "# 3.7.7 (default, Mar 23 2020, 22:36:06)",
        "# [GCC 7.3.0]",
        "wrapt==1.11.2",
        "typed-ast==1.4.0",
        "six==1.12.0",
        "setuptools==41.6.0",
        "pytz==2019.3",
        "python-dateutil==2.8.0",
        "pyparsing==2.4.2",
        "pylint==2.4.3",
        "numpy==1.17.3",
        "mccabe==0.6.1",
        "matplotlib==3.1.1",
        "lazy-object-proxy==1.4.3",
        "kiwisolver==1.1.0",
        "isort==4.3.21",
        "cycler==0.10.0",
        "astroid==2.3.2",
        "wheel==0.37.1",
        "urllib3==1.26.14",
        "typing-extensions==4.4.0",
        "tqdm==4.64.1",
        "toolz==0.12.0",
        "rpy2==2.9.4",
        "requests==2.28.2",
        "pynvml==11.4.1",
        "pydantic==1.10.4",
        "pyarrow==8.0.0",
        "py-rapl==0.1",
        "pip==22.3.1",
        "pandas==1.3.5",
        "orjson==3.8.5",
        "mxnet==1.9.1",
        "markupsafe==2.1.1",
        "jinja2==3.1.2",
        "idna==3.4",
        "graphviz==0.8.4",
        "gluonts==0.11.8",
        "charset-normalizer==3.0.1",
        "certifi==2022.12.7"
    ],
    "validation_pynvml": {
        "0": {
            "start_unix": 1674788773.24768,
            "end_unix": 1674788775.447705,
            "start_utc": "2023-01-27 03:06:13",
            "end_utc": "2023-01-27 03:06:15",
            "total_duration": 2.2000250816345215,
            "nr_measurements": 45,
            "temperature": {
                "min": 22,
                "max": 22,
                "mean": 22.0,
                "std": 0.0
            },
            "util.gpu": {
                "min": 0,
                "max": 0,
                "mean": 0.0,
                "std": 0.0
            },
            "util.memory": {
                "min": 0,
                "max": 0,
                "mean": 0.0,
                "std": 0.0
            },
            "power_usage": {
                "min": 1.179,
                "max": 1.851,
                "mean": 1.4792666666666665,
                "std": 0.12034956492558573
            },
            "memory.used": {
                "min": 16384000,
                "max": 16384000,
                "mean": 16384000.0,
                "std": 0.0
            },
            "memory.free": {
                "min": 16892231680,
                "max": 16892231680,
                "mean": 16892231680.0,
                "std": 0.0
            },
            "total_power_draw": 3.2693800402832034
        },
        "total": {
            "start_unix": 1674788773.24768,
            "end_unix": 1674788775.447705,
            "nr_measurements": 45,
            "total_power_draw": 3.2693800402832034,
            "start_utc": "2023-01-27 03:06:13",
            "end_utc": "2023-01-27 03:06:15",
            "total_duration": 2.2000250816345215
        }
    },
    "validation_pyrapl": {
        "0": {
            "start_unix": 1674788773.239844,
            "end_unix": 1674788775.498104,
            "start_utc": "2023-01-27 03:06:13",
            "end_utc": "2023-01-27 03:06:15",
            "total_duration": 2.2582600116729736,
            "nr_measurements": 46,
            "duration": {
                "min": 0.002238,
                "max": 0.05048,
                "mean": 0.049139652173913036,
                "std": 0.006993000202741221
            },
            "package-0": {
                "min": 9.899910634495084,
                "max": 117.15703650480012,
                "mean": 87.24346631980625,
                "std": 33.10568346203459
            },
            "package-0.dram": {
                "min": 2.3655049151027705,
                "max": 10.002914055327132,
                "mean": 8.025119264683125,
                "std": 1.7792376708688664
            },
            "total_power_draw": 200.80722500000002
        },
        "total": {
            "start_unix": 1674788773.239844,
            "end_unix": 1674788775.498104,
            "nr_measurements": 46,
            "total_power_draw": 200.80722500000002,
            "start_utc": "2023-01-27 03:06:13",
            "end_utc": "2023-01-27 03:06:15",
            "total_duration": 2.2582600116729736
        }
    },
    "full_log": "mnt_data/results_merged/infer_2023_01_27_03_06_13.tar.gz"
}