{
    "directory_name": "infer_2023_01_27_00_53_51",
    "config": {
        "dataset": "hospital_dataset",
        "model": "tempfus",
        "output_dir": "mnt_data/results",
        "epochs": 100,
        "datadir": "mnt_data/data",
        "cpu_monitor_interval": 0.05,
        "gpu_monitor_interval": 0.05,
        "seed": 42,
        "timestamp": "2023_01_27_00_53_51",
        "lag": 15,
        "external_forecast_horizon": 12,
        "integer_conversion": true,
        "train_logdir": "mnt_data/results/train_2023_01_27_00_50_09"
    },
    "validation_results": {
        "metrics": {
            "aggregated": {
                "MSE": 4123.1803533200955,
                "abs_error": 188206.8992137909,
                "abs_target_sum": 2535375.0,
                "abs_target_mean": 275.46447196870923,
                "seasonal_error": 27.851129943502823,
                "MASE": 0.8275033797074746,
                "MAPE": 0.21628917215544988,
                "sMAPE": 0.18507578030636598,
                "MSIS": 5.57053602159763,
                "QuantileLoss[0.1]": 83406.97043757439,
                "Coverage[0.1]": 0.1478704910908301,
                "QuantileLoss[0.5]": 188206.899040699,
                "Coverage[0.5]": 0.5920252064319862,
                "QuantileLoss[0.9]": 89034.2231575012,
                "Coverage[0.9]": 0.931116905693177,
                "RMSE": 64.21199540054876,
                "NRMSE": 0.233104454239176,
                "ND": 0.07423237162699439,
                "wQuantileLoss[0.1]": 0.032897291500300505,
                "wQuantileLoss[0.5]": 0.07423237155872366,
                "wQuantileLoss[0.9]": 0.03511678673076022,
                "mean_absolute_QuantileLoss": 120216.03087859153,
                "mean_wQuantileLoss": 0.047415483263261456,
                "MAE_Coverage": 0.05700420107199774,
                "OWA": NaN
            }
        },
        "start": 1674777232.0524995,
        "end": 1674777233.4484484,
        "model": null,
        "data": null
    },
    "execution_platform": {
        "System": "Linux",
        "Node Name": "ls8ws022",
        "Release": "5.4.0-137-generic",
        "Version": "#154-Ubuntu SMP Thu Jan 5 17:03:22 UTC 2023",
        "Machine": "x86_64",
        "Processor": "Intel(R) Xeon(R) W-2155 CPU @ 3.30GHz"
    },
    "requirements": [
        "# 3.7.7 (default, Mar 23 2020, 22:36:06)",
        "# [GCC 7.3.0]",
        "wrapt==1.11.2",
        "typed-ast==1.4.0",
        "six==1.12.0",
        "setuptools==41.6.0",
        "pytz==2019.3",
        "python-dateutil==2.8.0",
        "pyparsing==2.4.2",
        "pylint==2.4.3",
        "numpy==1.17.3",
        "mccabe==0.6.1",
        "matplotlib==3.1.1",
        "lazy-object-proxy==1.4.3",
        "kiwisolver==1.1.0",
        "isort==4.3.21",
        "cycler==0.10.0",
        "astroid==2.3.2",
        "wheel==0.37.1",
        "urllib3==1.26.14",
        "typing-extensions==4.4.0",
        "tqdm==4.64.1",
        "toolz==0.12.0",
        "rpy2==2.9.4",
        "requests==2.28.2",
        "pynvml==11.4.1",
        "pydantic==1.10.4",
        "pyarrow==8.0.0",
        "py-rapl==0.1",
        "pip==22.3.1",
        "pandas==1.3.5",
        "orjson==3.8.5",
        "mxnet==1.9.1",
        "markupsafe==2.1.1",
        "jinja2==3.1.2",
        "idna==3.4",
        "graphviz==0.8.4",
        "gluonts==0.11.8",
        "charset-normalizer==3.0.1",
        "certifi==2022.12.7"
    ],
    "validation_pynvml": {
        "0": {
            "start_unix": 1674780832.019709,
            "end_unix": 1674780833.417918,
            "start_utc": "2023-01-27 00:53:52",
            "end_utc": "2023-01-27 00:53:53",
            "total_duration": 1.3982088565826416,
            "nr_measurements": 29,
            "temperature": {
                "min": 22,
                "max": 22,
                "mean": 22.0,
                "std": 0.0
            },
            "util.gpu": {
                "min": 0,
                "max": 0,
                "mean": 0.0,
                "std": 0.0
            },
            "util.memory": {
                "min": 0,
                "max": 0,
                "mean": 0.0,
                "std": 0.0
            },
            "power_usage": {
                "min": 1.035,
                "max": 1.588,
                "mean": 1.293896551724138,
                "std": 0.1668057604288513
            },
            "memory.used": {
                "min": 16384000,
                "max": 16384000,
                "mean": 16384000.0,
                "std": 0.0
            },
            "memory.free": {
                "min": 16892231680,
                "max": 16892231680,
                "mean": 16892231680.0,
                "std": 0.0
            },
            "total_power_draw": 1.8228621538085936
        },
        "total": {
            "start_unix": 1674780832.019709,
            "end_unix": 1674780833.417918,
            "nr_measurements": 29,
            "total_power_draw": 1.8228621538085936,
            "start_utc": "2023-01-27 00:53:52",
            "end_utc": "2023-01-27 00:53:53",
            "total_duration": 1.3982088565826416
        }
    },
    "validation_pyrapl": {
        "0": {
            "start_unix": 1674780832.013555,
            "end_unix": 1674780833.468276,
            "start_utc": "2023-01-27 00:53:52",
            "end_utc": "2023-01-27 00:53:53",
            "total_duration": 1.4547209739685059,
            "nr_measurements": 30,
            "duration": {
                "min": 0.002144,
                "max": 0.05049,
                "mean": 0.048558033333333334,
                "std": 0.008620172463407499
            },
            "package-0": {
                "min": 10.162779850746269,
                "max": 162.22382606612362,
                "mean": 72.95049764320045,
                "std": 38.83532559114527
            },
            "package-0.dram": {
                "min": 2.5550373134328357,
                "max": 7.946012857884439,
                "mean": 6.24605623914948,
                "std": 1.1709887127553626
            },
            "total_power_draw": 109.201258
        },
        "total": {
            "start_unix": 1674780832.013555,
            "end_unix": 1674780833.468276,
            "nr_measurements": 30,
            "total_power_draw": 109.201258,
            "start_utc": "2023-01-27 00:53:52",
            "end_utc": "2023-01-27 00:53:53",
            "total_duration": 1.4547209739685059
        }
    },
    "full_log": "mnt_data/results_merged/infer_2023_01_27_00_53_51.tar.gz"
}