{
    "directory_name": "infer_2023_01_24_20_20_29",
    "requirements": [
        "# 3.7.7 (default, Mar 23 2020, 22:36:06)",
        "# [GCC 7.3.0]",
        "wrapt==1.11.2",
        "typed-ast==1.4.0",
        "six==1.12.0",
        "setuptools==41.6.0",
        "pytz==2019.3",
        "python-dateutil==2.8.0",
        "pyparsing==2.4.2",
        "pylint==2.4.3",
        "numpy==1.17.3",
        "mccabe==0.6.1",
        "matplotlib==3.1.1",
        "lazy-object-proxy==1.4.3",
        "kiwisolver==1.1.0",
        "isort==4.3.21",
        "cycler==0.10.0",
        "astroid==2.3.2",
        "wheel==0.37.1",
        "urllib3==1.26.14",
        "typing-extensions==4.4.0",
        "tqdm==4.64.1",
        "toolz==0.12.0",
        "rpy2==2.9.4",
        "requests==2.28.2",
        "pynvml==11.4.1",
        "pydantic==1.10.4",
        "pyarrow==8.0.0",
        "py-rapl==0.1",
        "pip==22.3.1",
        "pandas==1.3.5",
        "orjson==3.8.5",
        "mxnet==1.9.1",
        "markupsafe==2.1.1",
        "jinja2==3.1.2",
        "idna==3.4",
        "graphviz==0.8.4",
        "gluonts==0.11.8",
        "charset-normalizer==3.0.1",
        "certifi==2022.12.7"
    ],
    "validation_results": {
        "metrics": {
            "aggregated": {
                "MSE": 56306649.80804537,
                "abs_error": 2654677.5039856434,
                "abs_target_sum": 29823687.84240532,
                "abs_target_mean": 18364.33980443677,
                "seasonal_error": 2105.4609837661837,
                "MASE": 1.9036585831118344,
                "MAPE": 0.19351255793234545,
                "sMAPE": 0.16486504175264408,
                "MSIS": 23.764046760759594,
                "QuantileLoss[0.1]": 1638176.244097078,
                "Coverage[0.1]": 0.1810344827586207,
                "QuantileLoss[0.5]": 2654677.5279057026,
                "Coverage[0.5]": 0.5461822660098522,
                "QuantileLoss[0.9]": 1451216.4909182666,
                "Coverage[0.9]": 0.8362068965517241,
                "RMSE": 7503.77570347391,
                "NRMSE": 0.40860579707096356,
                "ND": 0.08901238230541848,
                "wQuantileLoss[0.1]": 0.05492869469240518,
                "wQuantileLoss[0.5]": 0.08901238310746748,
                "wQuantileLoss[0.9]": 0.0486598605305555,
                "mean_absolute_QuantileLoss": 1914690.087640349,
                "mean_wQuantileLoss": 0.06420031277680939,
                "MAE_Coverage": 0.06366995073891628,
                "OWA": NaN
            }
        },
        "start": 1674588029.397331,
        "end": 1674588029.8350325,
        "model": null,
        "data": null
    },
    "validation_pyrapl": {
        "0": {
            "start_unix": 1674591629.359102,
            "end_unix": 1674591629.86305,
            "start_utc": "2023-01-24 20:20:29",
            "end_utc": "2023-01-24 20:20:29",
            "total_duration": 0.5039479732513428,
            "nr_measurements": 11,
            "duration": {
                "min": 0.001776,
                "max": 0.050491,
                "mean": 0.04594363636363637,
                "std": 0.013967951169293532
            },
            "package-0": {
                "min": 12.406531531531533,
                "max": 98.20919034597551,
                "mean": 43.74721963535967,
                "std": 26.353888301507272
            },
            "package-0.dram": {
                "min": 3.0760135135135136,
                "max": 6.863763404626455,
                "mean": 5.557906453975824,
                "std": 1.3875992974936655
            },
            "total_power_draw": 23.647766999999998
        },
        "total": {
            "start_unix": 1674591629.359102,
            "end_unix": 1674591629.86305,
            "nr_measurements": 11,
            "total_power_draw": 23.647766999999998,
            "start_utc": "2023-01-24 20:20:29",
            "end_utc": "2023-01-24 20:20:29",
            "total_duration": 0.5039479732513428
        }
    },
    "validation_pynvml": {
        "0": {
            "start_unix": 1674591629.366891,
            "end_unix": 1674591629.8130953,
            "start_utc": "2023-01-24 20:20:29",
            "end_utc": "2023-01-24 20:20:29",
            "total_duration": 0.44620442390441895,
            "nr_measurements": 10,
            "temperature": {
                "min": 22,
                "max": 22,
                "mean": 22.0,
                "std": 0.0
            },
            "util.gpu": {
                "min": 0,
                "max": 0,
                "mean": 0.0,
                "std": 0.0
            },
            "util.memory": {
                "min": 0,
                "max": 0,
                "mean": 0.0,
                "std": 0.0
            },
            "power_usage": {
                "min": 1.112,
                "max": 1.783,
                "mean": 1.3704,
                "std": 0.2485901043887306
            },
            "memory.used": {
                "min": 16384000,
                "max": 16384000,
                "mean": 16384000.0,
                "std": 0.0
            },
            "memory.free": {
                "min": 16892231680,
                "max": 16892231680,
                "mean": 16892231680.0,
                "std": 0.0
            },
            "total_power_draw": 0.6260102209472657
        },
        "total": {
            "start_unix": 1674591629.366891,
            "end_unix": 1674591629.8130953,
            "nr_measurements": 10,
            "total_power_draw": 0.6260102209472657,
            "start_utc": "2023-01-24 20:20:29",
            "end_utc": "2023-01-24 20:20:29",
            "total_duration": 0.44620442390441895
        }
    },
    "execution_platform": {
        "System": "Linux",
        "Node Name": "ls8ws022",
        "Release": "5.4.0-137-generic",
        "Version": "#154-Ubuntu SMP Thu Jan 5 17:03:22 UTC 2023",
        "Machine": "x86_64",
        "Processor": "Intel(R) Xeon(R) W-2155 CPU @ 3.30GHz"
    },
    "config": {
        "dataset": "m1_quarterly_dataset",
        "model": "feed_forward",
        "output_dir": "mnt_data/results",
        "epochs": 100,
        "datadir": "mnt_data/data",
        "cpu_monitor_interval": 0.05,
        "gpu_monitor_interval": 0.05,
        "seed": 42,
        "timestamp": "2023_01_24_20_20_29",
        "lag": 5,
        "train_logdir": "mnt_data/results/train_2023_01_24_20_20_10"
    },
    "full_log": "mnt_data/results_merged/infer_2023_01_24_20_20_29.tar.gz"
}