{
    "directory_name": "infer_2023_01_26_23_15_36",
    "requirements": [
        "# 3.7.7 (default, Mar 23 2020, 22:36:06)",
        "# [GCC 7.3.0]",
        "wrapt==1.11.2",
        "typed-ast==1.4.0",
        "six==1.12.0",
        "setuptools==41.6.0",
        "pytz==2019.3",
        "python-dateutil==2.8.0",
        "pyparsing==2.4.2",
        "pylint==2.4.3",
        "numpy==1.17.3",
        "mccabe==0.6.1",
        "matplotlib==3.1.1",
        "lazy-object-proxy==1.4.3",
        "kiwisolver==1.1.0",
        "isort==4.3.21",
        "cycler==0.10.0",
        "astroid==2.3.2",
        "wheel==0.37.1",
        "urllib3==1.26.14",
        "typing-extensions==4.4.0",
        "tqdm==4.64.1",
        "toolz==0.12.0",
        "rpy2==2.9.4",
        "requests==2.28.2",
        "pynvml==11.4.1",
        "pydantic==1.10.4",
        "pyarrow==8.0.0",
        "py-rapl==0.1",
        "pip==22.3.1",
        "pandas==1.3.5",
        "orjson==3.8.5",
        "mxnet==1.9.1",
        "markupsafe==2.1.1",
        "jinja2==3.1.2",
        "idna==3.4",
        "graphviz==0.8.4",
        "gluonts==0.11.8",
        "charset-normalizer==3.0.1",
        "certifi==2022.12.7"
    ],
    "execution_platform": {
        "System": "Linux",
        "Node Name": "ls8ws022",
        "Release": "5.4.0-137-generic",
        "Version": "#154-Ubuntu SMP Thu Jan 5 17:03:22 UTC 2023",
        "Machine": "x86_64",
        "Processor": "Intel(R) Xeon(R) W-2155 CPU @ 3.30GHz"
    },
    "validation_results": {
        "metrics": {
            "aggregated": {
                "MSE": 7423920.880617477,
                "abs_error": 9162724.767479897,
                "abs_target_sum": 145558863.59960938,
                "abs_target_mean": 7324.822041043146,
                "seasonal_error": 336.9046924038305,
                "MASE": 2.1965454050357707,
                "MAPE": 0.1727028972035853,
                "sMAPE": 0.13885030281488545,
                "MSIS": 17.457561242369493,
                "QuantileLoss[0.1]": 3638059.579626179,
                "Coverage[0.1]": 0.10401570048309179,
                "QuantileLoss[0.5]": 9162724.722669601,
                "Coverage[0.5]": 0.6438204508856682,
                "QuantileLoss[0.9]": 4342572.830210303,
                "Coverage[0.9]": 0.9295994363929145,
                "RMSE": 2724.6872996029247,
                "NRMSE": 0.3719799995598112,
                "ND": 0.06294858685269707,
                "wQuantileLoss[0.1]": 0.024993734422339514,
                "wQuantileLoss[0.5]": 0.06294858654484707,
                "wQuantileLoss[0.9]": 0.029833791792683084,
                "mean_absolute_QuantileLoss": 5714452.377502028,
                "mean_wQuantileLoss": 0.03925870425328989,
                "MAE_Coverage": 0.05914519592055817,
                "OWA": NaN
            }
        },
        "start": 1674771336.9485757,
        "end": 1674771449.0661576,
        "model": null,
        "data": null
    },
    "validation_pyrapl": {
        "0": {
            "start_unix": 1674774936.90933,
            "end_unix": 1674775049.128881,
            "start_utc": "2023-01-26 23:15:36",
            "end_utc": "2023-01-26 23:17:29",
            "total_duration": 112.21955108642578,
            "nr_measurements": 2240,
            "duration": {
                "min": 0.001984,
                "max": 0.05048,
                "mean": 0.050098881250000005,
                "std": 0.0010179890559535963
            },
            "package-0": {
                "min": 12.705141129032258,
                "max": 144.30086446125895,
                "mean": 115.28040215960475,
                "std": 8.162606840970943
            },
            "package-0.dram": {
                "min": 2.7681451612903225,
                "max": 10.810518344327308,
                "mean": 9.488314735544616,
                "std": 0.6468934746207162
            },
            "total_power_draw": 12941.719432000009
        },
        "total": {
            "start_unix": 1674774936.90933,
            "end_unix": 1674775049.128881,
            "nr_measurements": 2240,
            "total_power_draw": 12941.719432000009,
            "start_utc": "2023-01-26 23:15:36",
            "end_utc": "2023-01-26 23:17:29",
            "total_duration": 112.21955108642578
        }
    },
    "validation_pynvml": {
        "0": {
            "start_unix": 1674774936.909571,
            "end_unix": 1674775049.02821,
            "start_utc": "2023-01-26 23:15:36",
            "end_utc": "2023-01-26 23:17:29",
            "total_duration": 112.11863899230957,
            "nr_measurements": 2238,
            "temperature": {
                "min": 22,
                "max": 22,
                "mean": 22.0,
                "std": 0.0
            },
            "util.gpu": {
                "min": 0,
                "max": 0,
                "mean": 0.0,
                "std": 0.0
            },
            "util.memory": {
                "min": 0,
                "max": 0,
                "mean": 0.0,
                "std": 0.0
            },
            "power_usage": {
                "min": 0.938,
                "max": 1.887,
                "mean": 1.2706045576407505,
                "std": 0.1443866863914743
            },
            "memory.used": {
                "min": 16384000,
                "max": 16384000,
                "mean": 16384000.0,
                "std": 0.0
            },
            "memory.free": {
                "min": 16892231680,
                "max": 16892231680,
                "mean": 16892231680.0,
                "std": 0.0
            },
            "total_power_draw": 142.46477534155267
        },
        "total": {
            "start_unix": 1674774936.909571,
            "end_unix": 1674775049.02821,
            "nr_measurements": 2238,
            "total_power_draw": 142.46477534155267,
            "start_utc": "2023-01-26 23:15:36",
            "end_utc": "2023-01-26 23:17:29",
            "total_duration": 112.11863899230957
        }
    },
    "config": {
        "dataset": "m4_hourly_dataset",
        "model": "wavenet",
        "output_dir": "mnt_data/results",
        "epochs": 100,
        "datadir": "mnt_data/data",
        "cpu_monitor_interval": 0.05,
        "gpu_monitor_interval": 0.05,
        "seed": 42,
        "timestamp": "2023_01_26_23_15_36",
        "lag": 210,
        "train_logdir": "mnt_data/results/train_2023_01_26_23_09_02"
    },
    "full_log": "mnt_data/results_merged/infer_2023_01_26_23_15_36.tar.gz"
}