{
    "directory_name": "infer_2023_01_27_02_08_48",
    "config": {
        "dataset": "traffic_weekly_dataset",
        "model": "transformer",
        "output_dir": "mnt_data/results",
        "epochs": 100,
        "datadir": "mnt_data/data",
        "cpu_monitor_interval": 0.05,
        "gpu_monitor_interval": 0.05,
        "seed": 42,
        "timestamp": "2023_01_27_02_08_48",
        "lag": 65,
        "external_forecast_horizon": 8,
        "train_logdir": "mnt_data/results/train_2023_01_27_02_06_12"
    },
    "requirements": [
        "# 3.7.7 (default, Mar 23 2020, 22:36:06)",
        "# [GCC 7.3.0]",
        "wrapt==1.11.2",
        "typed-ast==1.4.0",
        "six==1.12.0",
        "setuptools==41.6.0",
        "pytz==2019.3",
        "python-dateutil==2.8.0",
        "pyparsing==2.4.2",
        "pylint==2.4.3",
        "numpy==1.17.3",
        "mccabe==0.6.1",
        "matplotlib==3.1.1",
        "lazy-object-proxy==1.4.3",
        "kiwisolver==1.1.0",
        "isort==4.3.21",
        "cycler==0.10.0",
        "astroid==2.3.2",
        "wheel==0.37.1",
        "urllib3==1.26.14",
        "typing-extensions==4.4.0",
        "tqdm==4.64.1",
        "toolz==0.12.0",
        "rpy2==2.9.4",
        "requests==2.28.2",
        "pynvml==11.4.1",
        "pydantic==1.10.4",
        "pyarrow==8.0.0",
        "py-rapl==0.1",
        "pip==22.3.1",
        "pandas==1.3.5",
        "orjson==3.8.5",
        "mxnet==1.9.1",
        "markupsafe==2.1.1",
        "jinja2==3.1.2",
        "idna==3.4",
        "graphviz==0.8.4",
        "gluonts==0.11.8",
        "charset-normalizer==3.0.1",
        "certifi==2022.12.7"
    ],
    "validation_results": {
        "metrics": {
            "aggregated": {
                "MSE": 16.634686529247432,
                "abs_error": 18703.969114542007,
                "abs_target_sum": 66418.92919254303,
                "abs_target_mean": 9.631515254139071,
                "seasonal_error": 0.7282777253634357,
                "MASE": 4.547929556391529,
                "MAPE": 0.48046276876119476,
                "sMAPE": 0.2544661381188996,
                "MSIS": 32.97057634169993,
                "QuantileLoss[0.1]": 9709.621310567858,
                "Coverage[0.1]": 0.45751160092807425,
                "QuantileLoss[0.5]": 18703.96907746792,
                "Coverage[0.5]": 0.9282192575406032,
                "QuantileLoss[0.9]": 8719.125573515892,
                "Coverage[0.9]": 0.9872389791183295,
                "RMSE": 4.078564273031311,
                "NRMSE": 0.4234602931536218,
                "ND": 0.28160600211305326,
                "wQuantileLoss[0.1]": 0.14618756171784195,
                "wQuantileLoss[0.5]": 0.28160600155486765,
                "wQuantileLoss[0.9]": 0.13127470857351317,
                "mean_absolute_QuantileLoss": 12377.57198718389,
                "mean_wQuantileLoss": 0.1863560906154076,
                "MAE_Coverage": 0.2909899458623356,
                "OWA": NaN
            }
        },
        "start": 1674781728.81691,
        "end": 1674781737.6498172,
        "model": null,
        "data": null
    },
    "execution_platform": {
        "System": "Linux",
        "Node Name": "ls8ws022",
        "Release": "5.4.0-137-generic",
        "Version": "#154-Ubuntu SMP Thu Jan 5 17:03:22 UTC 2023",
        "Machine": "x86_64",
        "Processor": "Intel(R) Xeon(R) W-2155 CPU @ 3.30GHz"
    },
    "validation_pyrapl": {
        "0": {
            "start_unix": 1674785328.778137,
            "end_unix": 1674785337.652365,
            "start_utc": "2023-01-27 02:08:48",
            "end_utc": "2023-01-27 02:08:57",
            "total_duration": 8.87422800064087,
            "nr_measurements": 178,
            "duration": {
                "min": 0.002207,
                "max": 0.050483,
                "mean": 0.049868685393258436,
                "std": 0.0035834507538847218
            },
            "package-0": {
                "min": 9.458087902129586,
                "max": 159.79148783263133,
                "mean": 93.80825023424796,
                "std": 17.5351423258377
            },
            "package-0.dram": {
                "min": 2.4472134118713185,
                "max": 10.296382031889205,
                "mean": 9.0033826624707,
                "std": 1.100780084191517
            },
            "total_power_draw": 836.6290219999994
        },
        "total": {
            "start_unix": 1674785328.778137,
            "end_unix": 1674785337.652365,
            "nr_measurements": 178,
            "total_power_draw": 836.6290219999994,
            "start_utc": "2023-01-27 02:08:48",
            "end_utc": "2023-01-27 02:08:57",
            "total_duration": 8.87422800064087
        }
    },
    "validation_pynvml": {
        "0": {
            "start_unix": 1674785328.785886,
            "end_unix": 1674785337.603643,
            "start_utc": "2023-01-27 02:08:48",
            "end_utc": "2023-01-27 02:08:57",
            "total_duration": 8.81775689125061,
            "nr_measurements": 177,
            "temperature": {
                "min": 22,
                "max": 22,
                "mean": 22.0,
                "std": 0.0
            },
            "util.gpu": {
                "min": 0,
                "max": 0,
                "mean": 0.0,
                "std": 0.0
            },
            "util.memory": {
                "min": 0,
                "max": 0,
                "mean": 0.0,
                "std": 0.0
            },
            "power_usage": {
                "min": 1.161,
                "max": 2.02,
                "mean": 1.4595819209039549,
                "std": 0.18666851888932084
            },
            "memory.used": {
                "min": 16384000,
                "max": 16384000,
                "mean": 16384000.0,
                "std": 0.0
            },
            "memory.free": {
                "min": 16892231680,
                "max": 16892231680,
                "mean": 16892231680.0,
                "std": 0.0
            },
            "total_power_draw": 12.881835679199222
        },
        "total": {
            "start_unix": 1674785328.785886,
            "end_unix": 1674785337.603643,
            "nr_measurements": 177,
            "total_power_draw": 12.881835679199222,
            "start_utc": "2023-01-27 02:08:48",
            "end_utc": "2023-01-27 02:08:57",
            "total_duration": 8.81775689125061
        }
    },
    "full_log": "mnt_data/results_merged/infer_2023_01_27_02_08_48.tar.gz"
}