{
    "directory_name": "infer_2023_01_27_02_36_25",
    "execution_platform": {
        "System": "Linux",
        "Node Name": "ls8ws022",
        "Release": "5.4.0-137-generic",
        "Version": "#154-Ubuntu SMP Thu Jan 5 17:03:22 UTC 2023",
        "Machine": "x86_64",
        "Processor": "Intel(R) Xeon(R) W-2155 CPU @ 3.30GHz"
    },
    "requirements": [
        "# 3.7.7 (default, Mar 23 2020, 22:36:06)",
        "# [GCC 7.3.0]",
        "wrapt==1.11.2",
        "typed-ast==1.4.0",
        "six==1.12.0",
        "setuptools==41.6.0",
        "pytz==2019.3",
        "python-dateutil==2.8.0",
        "pyparsing==2.4.2",
        "pylint==2.4.3",
        "numpy==1.17.3",
        "mccabe==0.6.1",
        "matplotlib==3.1.1",
        "lazy-object-proxy==1.4.3",
        "kiwisolver==1.1.0",
        "isort==4.3.21",
        "cycler==0.10.0",
        "astroid==2.3.2",
        "wheel==0.37.1",
        "urllib3==1.26.14",
        "typing-extensions==4.4.0",
        "tqdm==4.64.1",
        "toolz==0.12.0",
        "rpy2==2.9.4",
        "requests==2.28.2",
        "pynvml==11.4.1",
        "pydantic==1.10.4",
        "pyarrow==8.0.0",
        "py-rapl==0.1",
        "pip==22.3.1",
        "pandas==1.3.5",
        "orjson==3.8.5",
        "mxnet==1.9.1",
        "markupsafe==2.1.1",
        "jinja2==3.1.2",
        "idna==3.4",
        "graphviz==0.8.4",
        "gluonts==0.11.8",
        "charset-normalizer==3.0.1",
        "certifi==2022.12.7"
    ],
    "validation_results": {
        "metrics": {
            "aggregated": {
                "MSE": 40484586089.12721,
                "abs_error": 70836998.82667542,
                "abs_target_sum": 937103942.0,
                "abs_target_mean": 364915.8652647975,
                "seasonal_error": 21013.657850679214,
                "MASE": 1.6438732061931212,
                "MAPE": 0.09729677206021733,
                "sMAPE": 0.09873966381209105,
                "MSIS": 65.75492812333327,
                "QuantileLoss[0.1]": 101523322.17165697,
                "Coverage[0.1]": 0.4914330218068536,
                "QuantileLoss[0.5]": 70836998.82496727,
                "Coverage[0.5]": 0.4914330218068536,
                "QuantileLoss[0.9]": 40150675.478277564,
                "Coverage[0.9]": 0.4914330218068536,
                "RMSE": 201207.81816104267,
                "NRMSE": 0.5513813931193106,
                "ND": 0.07559139989902573,
                "wQuantileLoss[0.1]": 0.10833731203283847,
                "wQuantileLoss[0.5]": 0.07559139989720294,
                "wQuantileLoss[0.9]": 0.042845487761567394,
                "mean_absolute_QuantileLoss": 70836998.82496727,
                "mean_wQuantileLoss": 0.07559139989720293,
                "MAE_Coverage": 0.26952232606438215,
                "OWA": NaN
            }
        },
        "start": 1674783385.9411008,
        "end": 1674783406.794941,
        "model": null,
        "data": null
    },
    "config": {
        "dataset": "electricity_weekly_dataset",
        "model": "nbeats",
        "output_dir": "mnt_data/results",
        "epochs": 100,
        "datadir": "mnt_data/data",
        "cpu_monitor_interval": 0.05,
        "gpu_monitor_interval": 0.05,
        "seed": 42,
        "timestamp": "2023_01_27_02_36_25",
        "lag": 65,
        "external_forecast_horizon": 8,
        "integer_conversion": true,
        "train_logdir": "mnt_data/results/train_2023_01_27_02_26_58"
    },
    "validation_pynvml": {
        "0": {
            "start_unix": 1674786985.901176,
            "end_unix": 1674787006.786563,
            "start_utc": "2023-01-27 02:36:25",
            "end_utc": "2023-01-27 02:36:46",
            "total_duration": 20.88538694381714,
            "nr_measurements": 418,
            "temperature": {
                "min": 22,
                "max": 22,
                "mean": 22.0,
                "std": 0.0
            },
            "util.gpu": {
                "min": 0,
                "max": 0,
                "mean": 0.0,
                "std": 0.0
            },
            "util.memory": {
                "min": 0,
                "max": 0,
                "mean": 0.0,
                "std": 0.0
            },
            "power_usage": {
                "min": 1.473,
                "max": 2.787,
                "mean": 2.0977727272727273,
                "std": 0.19185817260402102
            },
            "memory.used": {
                "min": 16384000,
                "max": 16384000,
                "mean": 16384000.0,
                "std": 0.0
            },
            "memory.free": {
                "min": 16892231680,
                "max": 16892231680,
                "mean": 16892231680.0,
                "std": 0.0
            },
            "total_power_draw": 43.84592819628908
        },
        "total": {
            "start_unix": 1674786985.901176,
            "end_unix": 1674787006.786563,
            "nr_measurements": 418,
            "total_power_draw": 43.84592819628908,
            "start_utc": "2023-01-27 02:36:25",
            "end_utc": "2023-01-27 02:36:46",
            "total_duration": 20.88538694381714
        }
    },
    "validation_pyrapl": {
        "0": {
            "start_unix": 1674786985.902183,
            "end_unix": 1674787006.843091,
            "start_utc": "2023-01-27 02:36:25",
            "end_utc": "2023-01-27 02:36:46",
            "total_duration": 20.940907955169678,
            "nr_measurements": 419,
            "duration": {
                "min": 0.001912,
                "max": 0.050473,
                "mean": 0.04998267541766109,
                "std": 0.0023516963530882144
            },
            "package-0": {
                "min": 13.47071129707113,
                "max": 127.89456766954821,
                "mean": 82.83998574287943,
                "std": 8.5527968679624
            },
            "package-0.dram": {
                "min": 3.2008368200836816,
                "max": 7.486605717023315,
                "mean": 7.273641205843759,
                "std": 0.3362806598070592
            },
            "total_power_draw": 1738.1444760000006
        },
        "total": {
            "start_unix": 1674786985.902183,
            "end_unix": 1674787006.843091,
            "nr_measurements": 419,
            "total_power_draw": 1738.1444760000006,
            "start_utc": "2023-01-27 02:36:25",
            "end_utc": "2023-01-27 02:36:46",
            "total_duration": 20.940907955169678
        }
    },
    "full_log": "mnt_data/results_merged/infer_2023_01_27_02_36_25.tar.gz"
}