{
    "directory_name": "infer_2023_01_25_02_29_13",
    "validation_results": {
        "metrics": {
            "aggregated": {
                "MSE": 1904419.6626831577,
                "abs_error": 492010244.1021761,
                "abs_target_sum": 4157157295.383667,
                "abs_target_mean": 4811.5246474348,
                "seasonal_error": 616.9975625380409,
                "MASE": 0.93908030877754,
                "MAPE": 0.16396443953718826,
                "sMAPE": 0.13687931859233574,
                "MSIS": 8.931691927253423,
                "QuantileLoss[0.1]": 240092002.08044195,
                "Coverage[0.1]": 0.11292824074074075,
                "QuantileLoss[0.5]": 492010244.1021761,
                "Coverage[0.5]": 0.5236504629629629,
                "QuantileLoss[0.9]": 287243348.20436096,
                "Coverage[0.9]": 0.8878912037037038,
                "RMSE": 1380.0071241421754,
                "NRMSE": 0.2868128556460597,
                "ND": 0.11835256862869513,
                "wQuantileLoss[0.1]": 0.05775388926155215,
                "wQuantileLoss[0.5]": 0.11835256862869513,
                "wQuantileLoss[0.9]": 0.06909609807724416,
                "mean_absolute_QuantileLoss": 339781864.79565966,
                "mean_wQuantileLoss": 0.08173418532249715,
                "MAE_Coverage": 0.01622916666666663,
                "OWA": NaN
            }
        },
        "start": 1674610153.277457,
        "end": 1674716191.7096107,
        "model": null,
        "data": null
    },
    "requirements": [
        "# 3.7.7 (default, Mar 23 2020, 22:36:06)",
        "# [GCC 7.3.0]",
        "wrapt==1.11.2",
        "typed-ast==1.4.0",
        "six==1.12.0",
        "setuptools==41.6.0",
        "pytz==2019.3",
        "python-dateutil==2.8.0",
        "pyparsing==2.4.2",
        "pylint==2.4.3",
        "numpy==1.17.3",
        "mccabe==0.6.1",
        "matplotlib==3.1.1",
        "lazy-object-proxy==1.4.3",
        "kiwisolver==1.1.0",
        "isort==4.3.21",
        "cycler==0.10.0",
        "astroid==2.3.2",
        "wheel==0.37.1",
        "urllib3==1.26.14",
        "typing-extensions==4.4.0",
        "tqdm==4.64.1",
        "toolz==0.12.0",
        "rpy2==2.9.4",
        "requests==2.28.2",
        "pynvml==11.4.1",
        "pydantic==1.10.4",
        "pyarrow==8.0.0",
        "py-rapl==0.1",
        "pip==22.3.1",
        "pandas==1.3.5",
        "orjson==3.8.5",
        "mxnet==1.9.1",
        "markupsafe==2.1.1",
        "jinja2==3.1.2",
        "idna==3.4",
        "graphviz==0.8.4",
        "gluonts==0.11.8",
        "charset-normalizer==3.0.1",
        "certifi==2022.12.7"
    ],
    "validation_pyrapl": {
        "0": {
            "start_unix": 1674613753.23768,
            "end_unix": 1674719801.620738,
            "start_utc": "2023-01-25 02:29:13",
            "end_utc": "2023-01-26 07:56:41",
            "total_duration": 106048.38305807114,
            "nr_measurements": 2101666,
            "duration": {
                "min": 0.002101,
                "max": 0.05168,
                "mean": 0.05045919998563048,
                "std": 5.861285211478444e-05
            },
            "package-0": {
                "min": 13.848564692830399,
                "max": 162.84650856389987,
                "mean": 46.98438746713211,
                "std": 2.4370781096376275
            },
            "package-0.dram": {
                "min": 2.430631772886661,
                "max": 8.518829778799653,
                "mean": 6.827512899666219,
                "std": 0.12595626630702983
            },
            "total_power_draw": 4982605.534102226
        },
        "total": {
            "start_unix": 1674613753.23768,
            "end_unix": 1674719801.620738,
            "nr_measurements": 2101666,
            "total_power_draw": 4982605.534102226,
            "start_utc": "2023-01-25 02:29:13",
            "end_utc": "2023-01-26 07:56:41",
            "total_duration": 106048.38305807114
        }
    },
    "validation_pynvml": {
        "0": {
            "start_unix": 1674613753.245767,
            "end_unix": 1674719791.6709847,
            "start_utc": "2023-01-25 02:29:13",
            "end_utc": "2023-01-26 07:56:31",
            "total_duration": 106038.42521762848,
            "nr_measurements": 2101444,
            "temperature": {
                "min": 21,
                "max": 22,
                "mean": 21.670961967104525,
                "std": 0.4698638162316299
            },
            "util.gpu": {
                "min": 0,
                "max": 0,
                "mean": 0.0,
                "std": 0.0
            },
            "util.memory": {
                "min": 0,
                "max": 0,
                "mean": 0.0,
                "std": 0.0
            },
            "power_usage": {
                "min": 0.767,
                "max": 2.475,
                "mean": 1.4241965538934187,
                "std": 0.176980396435689
            },
            "memory.used": {
                "min": 16384000,
                "max": 16384000,
                "mean": 16384000.0,
                "std": 0.0
            },
            "memory.free": {
                "min": 16892231680,
                "max": 16892231680,
                "mean": 16892231680.0,
                "std": 0.0
            },
            "total_power_draw": 151016.6631552236
        },
        "total": {
            "start_unix": 1674613753.245767,
            "end_unix": 1674719791.6709847,
            "nr_measurements": 2101444,
            "total_power_draw": 151016.6631552236,
            "start_utc": "2023-01-25 02:29:13",
            "end_utc": "2023-01-26 07:56:31",
            "total_duration": 106038.42521762848
        }
    },
    "execution_platform": {
        "System": "Linux",
        "Node Name": "ls8ws022",
        "Release": "5.4.0-137-generic",
        "Version": "#154-Ubuntu SMP Thu Jan 5 17:03:22 UTC 2023",
        "Machine": "x86_64",
        "Processor": "Intel(R) Xeon(R) W-2155 CPU @ 3.30GHz"
    },
    "config": {
        "dataset": "m4_monthly_dataset",
        "model": "arima",
        "output_dir": "mnt_data/results",
        "epochs": 100,
        "datadir": "mnt_data/data",
        "cpu_monitor_interval": 0.05,
        "gpu_monitor_interval": 0.05,
        "seed": 42,
        "timestamp": "2023_01_25_02_29_13",
        "lag": 15,
        "train_logdir": "mnt_data/results/train_2023_01_25_02_28_55"
    },
    "full_log": "mnt_data/results_merged/infer_2023_01_25_02_29_13.tar.gz"
}