{
    "directory_name": "infer_2023_01_24_18_44_45",
    "validation_results": {
        "metrics": {
            "aggregated": {
                "MSE": 147281884182.5845,
                "abs_error": 150741663.06649214,
                "abs_target_sum": 985133951.055007,
                "abs_target_mean": 475450.7485786713,
                "seasonal_error": 33106.09397154501,
                "MASE": 3.1685731347600568,
                "MAPE": 0.3301040901691009,
                "sMAPE": 0.3167954905436853,
                "MSIS": 44.37594088742069,
                "QuantileLoss[0.1]": 56070145.35615414,
                "Coverage[0.1]": 0.1336872586872587,
                "QuantileLoss[0.5]": 150741662.4102784,
                "Coverage[0.5]": 0.583976833976834,
                "QuantileLoss[0.9]": 130073710.81927994,
                "Coverage[0.9]": 0.806949806949807,
                "RMSE": 383773.2197308516,
                "NRMSE": 0.8071776537908845,
                "ND": 0.15301641254476994,
                "wQuantileLoss[0.1]": 0.05691626534250198,
                "wQuantileLoss[0.5]": 0.1530164118786537,
                "wQuantileLoss[0.9]": 0.13203657297566532,
                "mean_absolute_QuantileLoss": 112295172.86190416,
                "mean_wQuantileLoss": 0.113989750065607,
                "MAE_Coverage": 0.07023809523809522,
                "OWA": NaN
            }
        },
        "start": 1674582285.9505947,
        "end": 1674582287.240942,
        "model": null,
        "data": null
    },
    "requirements": [
        "# 3.7.7 (default, Mar 23 2020, 22:36:06)",
        "# [GCC 7.3.0]",
        "wrapt==1.11.2",
        "typed-ast==1.4.0",
        "six==1.12.0",
        "setuptools==41.6.0",
        "pytz==2019.3",
        "python-dateutil==2.8.0",
        "pyparsing==2.4.2",
        "pylint==2.4.3",
        "numpy==1.17.3",
        "mccabe==0.6.1",
        "matplotlib==3.1.1",
        "lazy-object-proxy==1.4.3",
        "kiwisolver==1.1.0",
        "isort==4.3.21",
        "cycler==0.10.0",
        "astroid==2.3.2",
        "wheel==0.37.1",
        "urllib3==1.26.14",
        "typing-extensions==4.4.0",
        "tqdm==4.64.1",
        "toolz==0.12.0",
        "rpy2==2.9.4",
        "requests==2.28.2",
        "pynvml==11.4.1",
        "pydantic==1.10.4",
        "pyarrow==8.0.0",
        "py-rapl==0.1",
        "pip==22.3.1",
        "pandas==1.3.5",
        "orjson==3.8.5",
        "mxnet==1.9.1",
        "markupsafe==2.1.1",
        "jinja2==3.1.2",
        "idna==3.4",
        "graphviz==0.8.4",
        "gluonts==0.11.8",
        "charset-normalizer==3.0.1",
        "certifi==2022.12.7"
    ],
    "validation_pyrapl": {
        "0": {
            "start_unix": 1674585885.912698,
            "end_unix": 1674585887.268081,
            "start_utc": "2023-01-24 18:44:45",
            "end_utc": "2023-01-24 18:44:47",
            "total_duration": 1.3553829193115234,
            "nr_measurements": 28,
            "duration": {
                "min": 0.002169,
                "max": 0.050578,
                "mean": 0.04849635714285715,
                "std": 0.008917347957029304
            },
            "package-0": {
                "min": 14.663259241649827,
                "max": 143.53600447186122,
                "mean": 74.35085251174507,
                "std": 35.86400414348903
            },
            "package-0.dram": {
                "min": 2.168390189785649,
                "max": 11.498522836154583,
                "mean": 6.634494658464542,
                "std": 1.7189023381869246
            },
            "total_power_draw": 102.990886
        },
        "total": {
            "start_unix": 1674585885.912698,
            "end_unix": 1674585887.268081,
            "nr_measurements": 28,
            "total_power_draw": 102.990886,
            "start_utc": "2023-01-24 18:44:45",
            "end_utc": "2023-01-24 18:44:47",
            "total_duration": 1.3553829193115234
        }
    },
    "validation_pynvml": {
        "0": {
            "start_unix": 1674585885.920093,
            "end_unix": 1674585887.217912,
            "start_utc": "2023-01-24 18:44:45",
            "end_utc": "2023-01-24 18:44:47",
            "total_duration": 1.297818899154663,
            "nr_measurements": 27,
            "temperature": {
                "min": 22,
                "max": 22,
                "mean": 22.0,
                "std": 0.0
            },
            "util.gpu": {
                "min": 0,
                "max": 0,
                "mean": 0.0,
                "std": 0.0
            },
            "util.memory": {
                "min": 0,
                "max": 0,
                "mean": 0.0,
                "std": 0.0
            },
            "power_usage": {
                "min": 1.439,
                "max": 1.959,
                "mean": 1.6311851851851857,
                "std": 0.15956098034039504
            },
            "memory.used": {
                "min": 16384000,
                "max": 16384000,
                "mean": 16384000.0,
                "std": 0.0
            },
            "memory.free": {
                "min": 16892231680,
                "max": 16892231680,
                "mean": 16892231680.0,
                "std": 0.0
            },
            "total_power_draw": 2.127320188720703
        },
        "total": {
            "start_unix": 1674585885.920093,
            "end_unix": 1674585887.217912,
            "nr_measurements": 27,
            "total_power_draw": 2.127320188720703,
            "start_utc": "2023-01-24 18:44:45",
            "end_utc": "2023-01-24 18:44:47",
            "total_duration": 1.297818899154663
        }
    },
    "config": {
        "dataset": "tourism_yearly_dataset",
        "model": "deepar",
        "output_dir": "mnt_data/results",
        "epochs": 100,
        "datadir": "mnt_data/data",
        "cpu_monitor_interval": 0.05,
        "gpu_monitor_interval": 0.05,
        "seed": 42,
        "timestamp": "2023_01_24_18_44_45",
        "lag": 2,
        "train_logdir": "mnt_data/results/train_2023_01_24_18_43_31"
    },
    "execution_platform": {
        "System": "Linux",
        "Node Name": "ls8ws022",
        "Release": "5.4.0-137-generic",
        "Version": "#154-Ubuntu SMP Thu Jan 5 17:03:22 UTC 2023",
        "Machine": "x86_64",
        "Processor": "Intel(R) Xeon(R) W-2155 CPU @ 3.30GHz"
    },
    "full_log": "mnt_data/results_merged/infer_2023_01_24_18_44_45.tar.gz"
}