{
    "directory_name": "infer_2023_01_24_21_28_11",
    "validation_results": {
        "metrics": {
            "aggregated": {
                "MSE": 1014720.0770100588,
                "abs_error": 3670315.0197753906,
                "abs_target_sum": 35016401.7890625,
                "abs_target_mean": 5789.748973059276,
                "seasonal_error": 437.66133766946297,
                "MASE": 1.8241728826507515,
                "MAPE": 0.14512818499539717,
                "sMAPE": 0.11196347185664332,
                "MSIS": 14.789431356243998,
                "QuantileLoss[0.1]": 1716764.7130615234,
                "Coverage[0.1]": 0.19857804232804233,
                "QuantileLoss[0.5]": 3670315.0188293457,
                "Coverage[0.5]": 0.7571097883597884,
                "QuantileLoss[0.9]": 1991410.2245727535,
                "Coverage[0.9]": 0.9360119047619048,
                "RMSE": 1007.3331509535755,
                "NRMSE": 0.17398563489382257,
                "ND": 0.10481702380173816,
                "wQuantileLoss[0.1]": 0.0490274450071498,
                "wQuantileLoss[0.5]": 0.10481702377472096,
                "wQuantileLoss[0.9]": 0.056870784056252684,
                "mean_absolute_QuantileLoss": 2459496.652154541,
                "mean_wQuantileLoss": 0.07023841761270781,
                "MAE_Coverage": 0.13056657848324515,
                "OWA": NaN
            }
        },
        "start": 1674592091.6305313,
        "end": 1674592093.8095846,
        "model": null,
        "data": null
    },
    "requirements": [
        "# 3.7.7 (default, Mar 23 2020, 22:36:06)",
        "# [GCC 7.3.0]",
        "wrapt==1.11.2",
        "typed-ast==1.4.0",
        "six==1.12.0",
        "setuptools==41.6.0",
        "pytz==2019.3",
        "python-dateutil==2.8.0",
        "pyparsing==2.4.2",
        "pylint==2.4.3",
        "numpy==1.17.3",
        "mccabe==0.6.1",
        "matplotlib==3.1.1",
        "lazy-object-proxy==1.4.3",
        "kiwisolver==1.1.0",
        "isort==4.3.21",
        "cycler==0.10.0",
        "astroid==2.3.2",
        "wheel==0.37.1",
        "urllib3==1.26.14",
        "typing-extensions==4.4.0",
        "tqdm==4.64.1",
        "toolz==0.12.0",
        "rpy2==2.9.4",
        "requests==2.28.2",
        "pynvml==11.4.1",
        "pydantic==1.10.4",
        "pyarrow==8.0.0",
        "py-rapl==0.1",
        "pip==22.3.1",
        "pandas==1.3.5",
        "orjson==3.8.5",
        "mxnet==1.9.1",
        "markupsafe==2.1.1",
        "jinja2==3.1.2",
        "idna==3.4",
        "graphviz==0.8.4",
        "gluonts==0.11.8",
        "charset-normalizer==3.0.1",
        "certifi==2022.12.7"
    ],
    "execution_platform": {
        "System": "Linux",
        "Node Name": "ls8ws022",
        "Release": "5.4.0-137-generic",
        "Version": "#154-Ubuntu SMP Thu Jan 5 17:03:22 UTC 2023",
        "Machine": "x86_64",
        "Processor": "Intel(R) Xeon(R) W-2155 CPU @ 3.30GHz"
    },
    "config": {
        "dataset": "m3_quarterly_dataset",
        "model": "deepar",
        "output_dir": "mnt_data/results",
        "epochs": 100,
        "datadir": "mnt_data/data",
        "cpu_monitor_interval": 0.05,
        "gpu_monitor_interval": 0.05,
        "seed": 42,
        "timestamp": "2023_01_24_21_28_11",
        "lag": 5,
        "train_logdir": "mnt_data/results/train_2023_01_24_21_25_58"
    },
    "validation_pynvml": {
        "0": {
            "start_unix": 1674595691.599099,
            "end_unix": 1674595693.798913,
            "start_utc": "2023-01-24 21:28:11",
            "end_utc": "2023-01-24 21:28:13",
            "total_duration": 2.1998140811920166,
            "nr_measurements": 45,
            "temperature": {
                "min": 22,
                "max": 22,
                "mean": 22.0,
                "std": 0.0
            },
            "util.gpu": {
                "min": 0,
                "max": 0,
                "mean": 0.0,
                "std": 0.0
            },
            "util.memory": {
                "min": 0,
                "max": 0,
                "mean": 0.0,
                "std": 0.0
            },
            "power_usage": {
                "min": 1.169,
                "max": 2.047,
                "mean": 1.5754888888888887,
                "std": 0.16677018414868908
            },
            "memory.used": {
                "min": 16384000,
                "max": 16384000,
                "mean": 16384000.0,
                "std": 0.0
            },
            "memory.free": {
                "min": 16892231680,
                "max": 16892231680,
                "mean": 16892231680.0,
                "std": 0.0
            },
            "total_power_draw": 3.48815964038086
        },
        "total": {
            "start_unix": 1674595691.599099,
            "end_unix": 1674595693.798913,
            "nr_measurements": 45,
            "total_power_draw": 3.48815964038086,
            "start_utc": "2023-01-24 21:28:11",
            "end_utc": "2023-01-24 21:28:13",
            "total_duration": 2.1998140811920166
        }
    },
    "validation_pyrapl": {
        "0": {
            "start_unix": 1674595691.593035,
            "end_unix": 1674595693.85064,
            "start_utc": "2023-01-24 21:28:11",
            "end_utc": "2023-01-24 21:28:13",
            "total_duration": 2.2576050758361816,
            "nr_measurements": 46,
            "duration": {
                "min": 0.003561,
                "max": 0.050482,
                "mean": 0.04915134782608695,
                "std": 0.006797791218052699
            },
            "package-0": {
                "min": 15.424983162315282,
                "max": 158.10538819348787,
                "mean": 82.40968523696752,
                "std": 31.870557453695547
            },
            "package-0.dram": {
                "min": 1.443695591126088,
                "max": 7.7210077658661245,
                "mean": 6.573737463935279,
                "std": 1.0611017820768174
            },
            "total_power_draw": 189.18072899999999
        },
        "total": {
            "start_unix": 1674595691.593035,
            "end_unix": 1674595693.85064,
            "nr_measurements": 46,
            "total_power_draw": 189.18072899999999,
            "start_utc": "2023-01-24 21:28:11",
            "end_utc": "2023-01-24 21:28:13",
            "total_duration": 2.2576050758361816
        }
    },
    "full_log": "mnt_data/results_merged/infer_2023_01_24_21_28_11.tar.gz"
}