{
    "directory_name": "infer_2023_01_26_22_45_46",
    "validation_results": {
        "metrics": {
            "aggregated": {
                "MSE": 5366605.73248311,
                "abs_error": 6176418.017009735,
                "abs_target_sum": 145558863.59960938,
                "abs_target_mean": 7324.822041043146,
                "seasonal_error": 336.9046924038305,
                "MASE": 1.786993243478743,
                "MAPE": 0.13976804001838714,
                "sMAPE": 0.12563794508768356,
                "MSIS": 13.497803289411165,
                "QuantileLoss[0.1]": 2529084.6245126724,
                "Coverage[0.1]": 0.12897544283413848,
                "QuantileLoss[0.5]": 6176418.040524483,
                "Coverage[0.5]": 0.4993961352657005,
                "QuantileLoss[0.9]": 3800058.0301891323,
                "Coverage[0.9]": 0.8641304347826086,
                "RMSE": 2316.5935622122215,
                "NRMSE": 0.31626619039092857,
                "ND": 0.04243244186076697,
                "wQuantileLoss[0.1]": 0.01737499566820924,
                "wQuantileLoss[0.5]": 0.042432442022315005,
                "wQuantileLoss[0.9]": 0.026106675582752557,
                "mean_absolute_QuantileLoss": 4168520.2317420957,
                "mean_wQuantileLoss": 0.028638037757758934,
                "MAE_Coverage": 0.02181629092860979,
                "OWA": NaN
            }
        },
        "start": 1674769546.3071673,
        "end": 1674769555.4631956,
        "model": null,
        "data": null
    },
    "config": {
        "dataset": "m4_hourly_dataset",
        "model": "deepar",
        "output_dir": "mnt_data/results",
        "epochs": 100,
        "datadir": "mnt_data/data",
        "cpu_monitor_interval": 0.05,
        "gpu_monitor_interval": 0.05,
        "seed": 42,
        "timestamp": "2023_01_26_22_45_46",
        "lag": 210,
        "train_logdir": "mnt_data/results/train_2023_01_26_22_25_01"
    },
    "execution_platform": {
        "System": "Linux",
        "Node Name": "ls8ws022",
        "Release": "5.4.0-137-generic",
        "Version": "#154-Ubuntu SMP Thu Jan 5 17:03:22 UTC 2023",
        "Machine": "x86_64",
        "Processor": "Intel(R) Xeon(R) W-2155 CPU @ 3.30GHz"
    },
    "requirements": [
        "# 3.7.7 (default, Mar 23 2020, 22:36:06)",
        "# [GCC 7.3.0]",
        "wrapt==1.11.2",
        "typed-ast==1.4.0",
        "six==1.12.0",
        "setuptools==41.6.0",
        "pytz==2019.3",
        "python-dateutil==2.8.0",
        "pyparsing==2.4.2",
        "pylint==2.4.3",
        "numpy==1.17.3",
        "mccabe==0.6.1",
        "matplotlib==3.1.1",
        "lazy-object-proxy==1.4.3",
        "kiwisolver==1.1.0",
        "isort==4.3.21",
        "cycler==0.10.0",
        "astroid==2.3.2",
        "wheel==0.37.1",
        "urllib3==1.26.14",
        "typing-extensions==4.4.0",
        "tqdm==4.64.1",
        "toolz==0.12.0",
        "rpy2==2.9.4",
        "requests==2.28.2",
        "pynvml==11.4.1",
        "pydantic==1.10.4",
        "pyarrow==8.0.0",
        "py-rapl==0.1",
        "pip==22.3.1",
        "pandas==1.3.5",
        "orjson==3.8.5",
        "mxnet==1.9.1",
        "markupsafe==2.1.1",
        "jinja2==3.1.2",
        "idna==3.4",
        "graphviz==0.8.4",
        "gluonts==0.11.8",
        "charset-normalizer==3.0.1",
        "certifi==2022.12.7"
    ],
    "validation_pynvml": {
        "0": {
            "start_unix": 1674773146.267652,
            "end_unix": 1674773155.439707,
            "start_utc": "2023-01-26 22:45:46",
            "end_utc": "2023-01-26 22:45:55",
            "total_duration": 9.172055006027222,
            "nr_measurements": 184,
            "temperature": {
                "min": 22,
                "max": 22,
                "mean": 22.0,
                "std": 0.0
            },
            "util.gpu": {
                "min": 0,
                "max": 0,
                "mean": 0.0,
                "std": 0.0
            },
            "util.memory": {
                "min": 0,
                "max": 0,
                "mean": 0.0,
                "std": 0.0
            },
            "power_usage": {
                "min": 0.93,
                "max": 1.835,
                "mean": 1.288483695652174,
                "std": 0.17704890553618102
            },
            "memory.used": {
                "min": 16384000,
                "max": 16384000,
                "mean": 16384000.0,
                "std": 0.0
            },
            "memory.free": {
                "min": 16892231680,
                "max": 16892231680,
                "mean": 16892231680.0,
                "std": 0.0
            },
            "total_power_draw": 11.839195386718748
        },
        "total": {
            "start_unix": 1674773146.267652,
            "end_unix": 1674773155.439707,
            "nr_measurements": 184,
            "total_power_draw": 11.839195386718748,
            "start_utc": "2023-01-26 22:45:46",
            "end_utc": "2023-01-26 22:45:55",
            "total_duration": 9.172055006027222
        }
    },
    "validation_pyrapl": {
        "0": {
            "start_unix": 1674773146.267847,
            "end_unix": 1674773155.488443,
            "start_utc": "2023-01-26 22:45:46",
            "end_utc": "2023-01-26 22:45:55",
            "total_duration": 9.220595836639404,
            "nr_measurements": 185,
            "duration": {
                "min": 0.00191,
                "max": 0.050507,
                "mean": 0.0498503135135135,
                "std": 0.0035354640857614816
            },
            "package-0": {
                "min": 13.19738219895288,
                "max": 132.92194985627594,
                "mean": 86.02132833178202,
                "std": 19.794615339986265
            },
            "package-0.dram": {
                "min": 2.755497382198953,
                "max": 7.894457417719497,
                "mean": 7.141014945560314,
                "std": 0.6503278165123653
            },
            "total_power_draw": 796.7471659999998
        },
        "total": {
            "start_unix": 1674773146.267847,
            "end_unix": 1674773155.488443,
            "nr_measurements": 185,
            "total_power_draw": 796.7471659999998,
            "start_utc": "2023-01-26 22:45:46",
            "end_utc": "2023-01-26 22:45:55",
            "total_duration": 9.220595836639404
        }
    },
    "full_log": "mnt_data/results_merged/infer_2023_01_26_22_45_46.tar.gz"
}