{
    "directory_name": "infer_2023_01_28_02_05_24",
    "execution_platform": {
        "System": "Linux",
        "Node Name": "ls8ws022",
        "Release": "5.4.0-137-generic",
        "Version": "#154-Ubuntu SMP Thu Jan 5 17:03:22 UTC 2023",
        "Machine": "x86_64",
        "Processor": "Intel(R) Xeon(R) W-2155 CPU @ 3.30GHz"
    },
    "requirements": [
        "# 3.7.7 (default, Mar 23 2020, 22:36:06)",
        "# [GCC 7.3.0]",
        "wrapt==1.11.2",
        "typed-ast==1.4.0",
        "six==1.12.0",
        "setuptools==41.6.0",
        "pytz==2019.3",
        "python-dateutil==2.8.0",
        "pyparsing==2.4.2",
        "pylint==2.4.3",
        "numpy==1.17.3",
        "mccabe==0.6.1",
        "matplotlib==3.1.1",
        "lazy-object-proxy==1.4.3",
        "kiwisolver==1.1.0",
        "isort==4.3.21",
        "cycler==0.10.0",
        "astroid==2.3.2",
        "wheel==0.37.1",
        "urllib3==1.26.14",
        "typing-extensions==4.4.0",
        "tqdm==4.64.1",
        "toolz==0.12.0",
        "rpy2==2.9.4",
        "requests==2.28.2",
        "pynvml==11.4.1",
        "pydantic==1.10.4",
        "pyarrow==8.0.0",
        "py-rapl==0.1",
        "pip==22.3.1",
        "pandas==1.3.5",
        "orjson==3.8.5",
        "mxnet==1.9.1",
        "markupsafe==2.1.1",
        "jinja2==3.1.2",
        "idna==3.4",
        "graphviz==0.8.4",
        "gluonts==0.11.8",
        "charset-normalizer==3.0.1",
        "certifi==2022.12.7"
    ],
    "validation_results": {
        "metrics": {
            "aggregated": {
                "MSE": 17.49900295527514,
                "abs_error": 184623.76707699592,
                "abs_target_sum": 984815.1437503695,
                "abs_target_mean": 10.906037029350713,
                "seasonal_error": 2.6976834574808968,
                "MASE": 0.9169154053870812,
                "MAPE": 0.6893491990086626,
                "sMAPE": 0.6696209503820831,
                "MSIS": 9.45355482777762,
                "QuantileLoss[0.1]": 84967.86585851124,
                "Coverage[0.1]": 0.2584606866002215,
                "QuantileLoss[0.5]": 184623.76781389394,
                "Coverage[0.5]": 0.5640310077519379,
                "QuantileLoss[0.9]": 99476.90865506427,
                "Coverage[0.9]": 0.9465337763012182,
                "RMSE": 4.183180961334943,
                "NRMSE": 0.3835656297587307,
                "ND": 0.18747047935708253,
                "wQuantileLoss[0.1]": 0.08627798465297448,
                "wQuantileLoss[0.5]": 0.18747048010534278,
                "wQuantileLoss[0.9]": 0.10101074225588841,
                "mean_absolute_QuantileLoss": 123022.84744248982,
                "mean_wQuantileLoss": 0.1249197356714019,
                "MAE_Coverage": 0.08967515688445919,
                "OWA": NaN
            }
        },
        "start": 1674867925.176183,
        "end": 1674868052.5945818,
        "model": null,
        "data": null
    },
    "validation_pyrapl": {
        "0": {
            "start_unix": 1674871525.136922,
            "end_unix": 1674871652.631386,
            "start_utc": "2023-01-28 02:05:25",
            "end_utc": "2023-01-28 02:07:32",
            "total_duration": 127.49446415901184,
            "nr_measurements": 2543,
            "duration": {
                "min": 0.001964,
                "max": 0.050494,
                "mean": 0.05013617538340543,
                "std": 0.0009608959591697744
            },
            "package-0": {
                "min": 15.009674134419553,
                "max": 159.8969000139729,
                "mean": 108.8520957177634,
                "std": 20.425532909200715
            },
            "package-0.dram": {
                "min": 3.2408350305498983,
                "max": 10.504128613780617,
                "mean": 9.344101933571922,
                "std": 0.9276780883456239
            },
            "total_power_draw": 13879.351309000005
        },
        "total": {
            "start_unix": 1674871525.136922,
            "end_unix": 1674871652.631386,
            "nr_measurements": 2543,
            "total_power_draw": 13879.351309000005,
            "start_utc": "2023-01-28 02:05:25",
            "end_utc": "2023-01-28 02:07:32",
            "total_duration": 127.49446415901184
        }
    },
    "validation_pynvml": {
        "0": {
            "start_unix": 1674871525.133362,
            "end_unix": 1674871652.557093,
            "start_utc": "2023-01-28 02:05:25",
            "end_utc": "2023-01-28 02:07:32",
            "total_duration": 127.42373085021973,
            "nr_measurements": 2542,
            "temperature": {
                "min": 22,
                "max": 22,
                "mean": 22.0,
                "std": 0.0
            },
            "util.gpu": {
                "min": 0,
                "max": 0,
                "mean": 0.0,
                "std": 0.0
            },
            "util.memory": {
                "min": 0,
                "max": 0,
                "mean": 0.0,
                "std": 0.0
            },
            "power_usage": {
                "min": 1.097,
                "max": 2.273,
                "mean": 1.602504720692368,
                "std": 0.16555998891793916
            },
            "memory.used": {
                "min": 16384000,
                "max": 16384000,
                "mean": 16384000.0,
                "std": 0.0
            },
            "memory.free": {
                "min": 16892231680,
                "max": 16892231680,
                "mean": 16892231680.0,
                "std": 0.0
            },
            "total_power_draw": 204.21467890966835
        },
        "total": {
            "start_unix": 1674871525.133362,
            "end_unix": 1674871652.557093,
            "nr_measurements": 2542,
            "total_power_draw": 204.21467890966835,
            "start_utc": "2023-01-28 02:05:25",
            "end_utc": "2023-01-28 02:07:32",
            "total_duration": 127.42373085021973
        }
    },
    "config": {
        "dataset": "weather_dataset",
        "model": "wavenet",
        "output_dir": "mnt_data/results",
        "epochs": 100,
        "datadir": "mnt_data/data",
        "cpu_monitor_interval": 0.05,
        "gpu_monitor_interval": 0.05,
        "seed": 42,
        "timestamp": "2023_01_28_02_05_24",
        "lag": 9,
        "external_forecast_horizon": 30,
        "train_logdir": "mnt_data/results/train_2023_01_28_01_52_17"
    },
    "full_log": "mnt_data/results_merged/infer_2023_01_28_02_05_24.tar.gz"
}