{
    "directory_name": "infer_2023_01_24_18_04_46",
    "validation_results": {
        "metrics": {
            "aggregated": {
                "MSE": 386899348549754.7,
                "abs_error": 1331580880.856251,
                "abs_target_sum": 18624313118.95509,
                "abs_target_mean": 43111835.923507154,
                "seasonal_error": 3404567.1653867713,
                "MASE": 0.9517079555523831,
                "MAPE": 0.1524975269480988,
                "sMAPE": 0.12401553795293527,
                "MSIS": 10.291505001396956,
                "QuantileLoss[0.1]": 762111627.9820864,
                "Coverage[0.1]": 0.1527777777777778,
                "QuantileLoss[0.5]": 1331580880.8551981,
                "Coverage[0.5]": 0.4930555555555556,
                "QuantileLoss[0.9]": 452528193.77272683,
                "Coverage[0.9]": 0.8425925925925926,
                "RMSE": 19669757.206171982,
                "NRMSE": 0.45624958401381494,
                "ND": 0.0714969122539623,
                "wQuantileLoss[0.1]": 0.040920254245856685,
                "wQuantileLoss[0.5]": 0.07149691225390577,
                "wQuantileLoss[0.9]": 0.024297711860963158,
                "mean_absolute_QuantileLoss": 848740234.2033372,
                "mean_wQuantileLoss": 0.04557162612024187,
                "MAE_Coverage": 0.03904320987654322,
                "OWA": NaN
            }
        },
        "start": 1674579887.0739627,
        "end": 1674579887.7425041,
        "model": null,
        "data": null
    },
    "config": {
        "dataset": "cif_2016_dataset",
        "model": "transformer",
        "output_dir": "mnt_data/results",
        "epochs": 100,
        "datadir": "mnt_data/data",
        "cpu_monitor_interval": 0.05,
        "gpu_monitor_interval": 0.05,
        "seed": 42,
        "timestamp": "2023_01_24_18_04_46",
        "lag": 15,
        "external_forecast_horizon": 6,
        "train_logdir": "mnt_data/results/train_2023_01_24_18_03_20"
    },
    "requirements": [
        "# 3.7.7 (default, Mar 23 2020, 22:36:06)",
        "# [GCC 7.3.0]",
        "wrapt==1.11.2",
        "typed-ast==1.4.0",
        "six==1.12.0",
        "setuptools==41.6.0",
        "pytz==2019.3",
        "python-dateutil==2.8.0",
        "pyparsing==2.4.2",
        "pylint==2.4.3",
        "numpy==1.17.3",
        "mccabe==0.6.1",
        "matplotlib==3.1.1",
        "lazy-object-proxy==1.4.3",
        "kiwisolver==1.1.0",
        "isort==4.3.21",
        "cycler==0.10.0",
        "astroid==2.3.2",
        "wheel==0.37.1",
        "urllib3==1.26.14",
        "typing-extensions==4.4.0",
        "tqdm==4.64.1",
        "toolz==0.12.0",
        "rpy2==2.9.4",
        "requests==2.28.2",
        "pynvml==11.4.1",
        "pydantic==1.10.4",
        "pyarrow==8.0.0",
        "py-rapl==0.1",
        "pip==22.3.1",
        "pandas==1.3.5",
        "orjson==3.8.5",
        "mxnet==1.9.1",
        "markupsafe==2.1.1",
        "jinja2==3.1.2",
        "idna==3.4",
        "graphviz==0.8.4",
        "gluonts==0.11.8",
        "charset-normalizer==3.0.1",
        "certifi==2022.12.7"
    ],
    "validation_pyrapl": {
        "0": {
            "start_unix": 1674583487.034588,
            "end_unix": 1674583487.788888,
            "start_utc": "2023-01-24 18:04:47",
            "end_utc": "2023-01-24 18:04:47",
            "total_duration": 0.7542998790740967,
            "nr_measurements": 16,
            "duration": {
                "min": 0.002191,
                "max": 0.050492,
                "mean": 0.047275,
                "std": 0.011641981532368105
            },
            "package-0": {
                "min": 10.167959835691466,
                "max": 90.22717838183051,
                "mean": 48.95581631619959,
                "std": 27.423396829155188
            },
            "package-0.dram": {
                "min": 2.569602921040621,
                "max": 7.8609946912545405,
                "mean": 5.892106366293478,
                "std": 1.721356294917564
            },
            "total_power_draw": 38.84541999999999
        },
        "total": {
            "start_unix": 1674583487.034588,
            "end_unix": 1674583487.788888,
            "nr_measurements": 16,
            "total_power_draw": 38.84541999999999,
            "start_utc": "2023-01-24 18:04:47",
            "end_utc": "2023-01-24 18:04:47",
            "total_duration": 0.7542998790740967
        }
    },
    "validation_pynvml": {
        "0": {
            "start_unix": 1674583487.042564,
            "end_unix": 1674583487.74021,
            "start_utc": "2023-01-24 18:04:47",
            "end_utc": "2023-01-24 18:04:47",
            "total_duration": 0.6976461410522461,
            "nr_measurements": 15,
            "temperature": {
                "min": 22,
                "max": 22,
                "mean": 22.0,
                "std": 0.0
            },
            "util.gpu": {
                "min": 0,
                "max": 0,
                "mean": 0.0,
                "std": 0.0
            },
            "util.memory": {
                "min": 0,
                "max": 0,
                "mean": 0.0,
                "std": 0.0
            },
            "power_usage": {
                "min": 1.071,
                "max": 1.675,
                "mean": 1.4434,
                "std": 0.14167935629441578
            },
            "memory.used": {
                "min": 16384000,
                "max": 16384000,
                "mean": 16384000.0,
                "std": 0.0
            },
            "memory.free": {
                "min": 16892231680,
                "max": 16892231680,
                "mean": 16892231680.0,
                "std": 0.0
            },
            "total_power_draw": 1.0259246027832032
        },
        "total": {
            "start_unix": 1674583487.042564,
            "end_unix": 1674583487.74021,
            "nr_measurements": 15,
            "total_power_draw": 1.0259246027832032,
            "start_utc": "2023-01-24 18:04:47",
            "end_utc": "2023-01-24 18:04:47",
            "total_duration": 0.6976461410522461
        }
    },
    "execution_platform": {
        "System": "Linux",
        "Node Name": "ls8ws022",
        "Release": "5.4.0-137-generic",
        "Version": "#154-Ubuntu SMP Thu Jan 5 17:03:22 UTC 2023",
        "Machine": "x86_64",
        "Processor": "Intel(R) Xeon(R) W-2155 CPU @ 3.30GHz"
    },
    "full_log": "mnt_data/results_merged/infer_2023_01_24_18_04_46.tar.gz"
}