{
    "directory_name": "infer_2023_01_27_21_46_45",
    "config": {
        "dataset": "sunspot_dataset_without_missing_values",
        "model": "feed_forward",
        "output_dir": "mnt_data/results",
        "epochs": 100,
        "datadir": "mnt_data/data",
        "cpu_monitor_interval": 0.05,
        "gpu_monitor_interval": 0.05,
        "seed": 42,
        "timestamp": "2023_01_27_21_46_45",
        "lag": 9,
        "external_forecast_horizon": 30,
        "integer_conversion": true,
        "train_logdir": "mnt_data/results/train_2023_01_27_21_45_02"
    },
    "validation_results": {
        "metrics": {
            "aggregated": {
                "MSE": 64.78475748697916,
                "abs_error": 230.32325744628906,
                "abs_target_sum": 2.0,
                "abs_target_mean": 0.06666666666666667,
                "seasonal_error": 14.098967425872546,
                "MASE": 0.5445393044023694,
                "MAPE": 2.3223397731781006,
                "sMAPE": 1.9691524505615234,
                "MSIS": 4.633308796202421,
                "QuantileLoss[0.1]": 53.168614089488976,
                "Coverage[0.1]": 0.03333333333333333,
                "QuantileLoss[0.5]": 230.32327437400818,
                "Coverage[0.5]": 1.0,
                "QuantileLoss[0.9]": 135.7301707267761,
                "Coverage[0.9]": 1.0,
                "RMSE": 8.048897905115902,
                "NRMSE": 120.73346857673853,
                "ND": 115.16162872314453,
                "wQuantileLoss[0.1]": 26.584307044744488,
                "wQuantileLoss[0.5]": 115.16163718700409,
                "wQuantileLoss[0.9]": 67.86508536338805,
                "mean_absolute_QuantileLoss": 139.74068639675775,
                "mean_wQuantileLoss": 69.87034319837888,
                "MAE_Coverage": 0.2222222222222222,
                "OWA": NaN
            }
        },
        "start": 1674852405.7865083,
        "end": 1674852406.0556536,
        "model": null,
        "data": null
    },
    "requirements": [
        "# 3.7.7 (default, Mar 23 2020, 22:36:06)",
        "# [GCC 7.3.0]",
        "wrapt==1.11.2",
        "typed-ast==1.4.0",
        "six==1.12.0",
        "setuptools==41.6.0",
        "pytz==2019.3",
        "python-dateutil==2.8.0",
        "pyparsing==2.4.2",
        "pylint==2.4.3",
        "numpy==1.17.3",
        "mccabe==0.6.1",
        "matplotlib==3.1.1",
        "lazy-object-proxy==1.4.3",
        "kiwisolver==1.1.0",
        "isort==4.3.21",
        "cycler==0.10.0",
        "astroid==2.3.2",
        "wheel==0.37.1",
        "urllib3==1.26.14",
        "typing-extensions==4.4.0",
        "tqdm==4.64.1",
        "toolz==0.12.0",
        "rpy2==2.9.4",
        "requests==2.28.2",
        "pynvml==11.4.1",
        "pydantic==1.10.4",
        "pyarrow==8.0.0",
        "py-rapl==0.1",
        "pip==22.3.1",
        "pandas==1.3.5",
        "orjson==3.8.5",
        "mxnet==1.9.1",
        "markupsafe==2.1.1",
        "jinja2==3.1.2",
        "idna==3.4",
        "graphviz==0.8.4",
        "gluonts==0.11.8",
        "charset-normalizer==3.0.1",
        "certifi==2022.12.7"
    ],
    "validation_pyrapl": {
        "0": {
            "start_unix": 1674856005.748091,
            "end_unix": 1674856006.100325,
            "start_utc": "2023-01-27 21:46:45",
            "end_utc": "2023-01-27 21:46:46",
            "total_duration": 0.3522341251373291,
            "nr_measurements": 8,
            "duration": {
                "min": 0.002103,
                "max": 0.050478,
                "mean": 0.04429125,
                "std": 0.0159465147112935
            },
            "package-0": {
                "min": 11.086543033761293,
                "max": 29.86965283320032,
                "mean": 21.19827105426984,
                "std": 6.846040377633904
            },
            "package-0.dram": {
                "min": 2.4588682834046605,
                "max": 6.68048683160415,
                "mean": 4.667434493161329,
                "std": 1.4230882770835436
            },
            "total_power_draw": 8.001382999999999
        },
        "total": {
            "start_unix": 1674856005.748091,
            "end_unix": 1674856006.100325,
            "nr_measurements": 8,
            "total_power_draw": 8.001382999999999,
            "start_utc": "2023-01-27 21:46:45",
            "end_utc": "2023-01-27 21:46:46",
            "total_duration": 0.3522341251373291
        }
    },
    "validation_pynvml": {
        "0": {
            "start_unix": 1674856005.753649,
            "end_unix": 1674856006.049354,
            "start_utc": "2023-01-27 21:46:45",
            "end_utc": "2023-01-27 21:46:46",
            "total_duration": 0.29570508003234863,
            "nr_measurements": 7,
            "temperature": {
                "min": 22,
                "max": 22,
                "mean": 22.0,
                "std": 0.0
            },
            "util.gpu": {
                "min": 0,
                "max": 0,
                "mean": 0.0,
                "std": 0.0
            },
            "util.memory": {
                "min": 0,
                "max": 0,
                "mean": 0.0,
                "std": 0.0
            },
            "power_usage": {
                "min": 1.045,
                "max": 1.645,
                "mean": 1.2541428571428572,
                "std": 0.18621909413486085
            },
            "memory.used": {
                "min": 16384000,
                "max": 16384000,
                "mean": 16384000.0,
                "std": 0.0
            },
            "memory.free": {
                "min": 16892231680,
                "max": 16892231680,
                "mean": 16892231680.0,
                "std": 0.0
            },
            "total_power_draw": 0.38245118554687496
        },
        "total": {
            "start_unix": 1674856005.753649,
            "end_unix": 1674856006.049354,
            "nr_measurements": 7,
            "total_power_draw": 0.38245118554687496,
            "start_utc": "2023-01-27 21:46:45",
            "end_utc": "2023-01-27 21:46:46",
            "total_duration": 0.29570508003234863
        }
    },
    "execution_platform": {
        "System": "Linux",
        "Node Name": "ls8ws022",
        "Release": "5.4.0-137-generic",
        "Version": "#154-Ubuntu SMP Thu Jan 5 17:03:22 UTC 2023",
        "Machine": "x86_64",
        "Processor": "Intel(R) Xeon(R) W-2155 CPU @ 3.30GHz"
    },
    "full_log": "mnt_data/results_merged/infer_2023_01_27_21_46_45.tar.gz"
}