{
    "directory_name": "infer_2023_02_10_02_30_42",
    "requirements": [
        "# 3.7.7 (default, Mar 23 2020, 22:36:06)",
        "# [GCC 7.3.0]",
        "wrapt==1.11.2",
        "typed-ast==1.4.0",
        "six==1.12.0",
        "setuptools==41.6.0",
        "pytz==2019.3",
        "python-dateutil==2.8.0",
        "pyparsing==2.4.2",
        "pylint==2.4.3",
        "numpy==1.17.3",
        "mccabe==0.6.1",
        "matplotlib==3.1.1",
        "lazy-object-proxy==1.4.3",
        "kiwisolver==1.1.0",
        "isort==4.3.21",
        "cycler==0.10.0",
        "astroid==2.3.2",
        "wheel==0.37.1",
        "urllib3==1.26.14",
        "typing-extensions==4.4.0",
        "tqdm==4.64.1",
        "toolz==0.12.0",
        "rpy2==2.9.4",
        "requests==2.28.2",
        "pynvml==11.4.1",
        "pydantic==1.10.4",
        "pyarrow==8.0.0",
        "py-rapl==0.1",
        "pip==22.3.1",
        "pandas==1.3.5",
        "orjson==3.8.5",
        "mxnet==1.9.1",
        "markupsafe==2.1.1",
        "jinja2==3.1.2",
        "idna==3.4",
        "graphviz==0.8.4",
        "gluonts==0.11.8",
        "charset-normalizer==3.0.1",
        "certifi==2022.12.7"
    ],
    "validation_results": {
        "metrics": {
            "aggregated": {
                "MSE": 3773424.4209230193,
                "abs_error": 18630305.14215088,
                "abs_target_sum": 108163005.0,
                "abs_target_mean": 2005.6928682688028,
                "seasonal_error": 190.8169179446506,
                "MASE": 1.9622156840962688,
                "MAPE": 0.2195867903254822,
                "sMAPE": 0.2322414444764738,
                "MSIS": 78.48862762892928,
                "QuantileLoss[0.1]": 17444033.500444725,
                "Coverage[0.1]": 0.4798991247589378,
                "QuantileLoss[0.5]": 18630305.064323545,
                "Coverage[0.5]": 0.4798991247589378,
                "QuantileLoss[0.9]": 19816576.628202368,
                "Coverage[0.9]": 0.4798991247589378,
                "RMSE": 1942.5304169878575,
                "NRMSE": 0.9685084130874616,
                "ND": 0.17224285828736802,
                "wQuantileLoss[0.1]": 0.16127541482824673,
                "wQuantileLoss[0.5]": 0.17224285756783056,
                "wQuantileLoss[0.9]": 0.18321030030741442,
                "mean_absolute_QuantileLoss": 18630305.064323545,
                "mean_wQuantileLoss": 0.17224285756783056,
                "MAE_Coverage": 0.2733669584136874,
                "OWA": NaN
            }
        },
        "start": 1675992643.070316,
        "end": 1675992670.2207131,
        "model": null,
        "data": null
    },
    "config": {
        "dataset": "electricity_hourly_dataset",
        "model": "nbeats",
        "output_dir": "mnt_data/results",
        "epochs": 100,
        "datadir": "mnt_data/data",
        "cpu_monitor_interval": 0.05,
        "gpu_monitor_interval": 0.05,
        "seed": 42,
        "timestamp": "2023_02_10_02_30_42",
        "lag": 30,
        "external_forecast_horizon": 168,
        "integer_conversion": true,
        "train_logdir": "mnt_data/results/train_2023_02_10_02_20_34"
    },
    "validation_pyrapl": {
        "0": {
            "start_unix": 1675996243.031583,
            "end_unix": 1675996270.237315,
            "start_utc": "2023-02-10 02:30:43",
            "end_utc": "2023-02-10 02:31:10",
            "total_duration": 27.205731868743896,
            "nr_measurements": 544,
            "duration": {
                "min": 0.002056,
                "max": 0.050482,
                "mean": 0.050014191176470595,
                "std": 0.0020590839277552027
            },
            "package-0": {
                "min": 15.971272907379891,
                "max": 97.02458545476156,
                "mean": 79.06148822410138,
                "std": 9.335306400730571
            },
            "package-0.dram": {
                "min": 3.6407726597325407,
                "max": 8.119468325343687,
                "mean": 7.045327300068222,
                "std": 0.28558954993345637
            },
            "total_power_draw": 2153.6108200000017
        },
        "total": {
            "start_unix": 1675996243.031583,
            "end_unix": 1675996270.237315,
            "nr_measurements": 544,
            "total_power_draw": 2153.6108200000017,
            "start_utc": "2023-02-10 02:30:43",
            "end_utc": "2023-02-10 02:31:10",
            "total_duration": 27.205731868743896
        }
    },
    "validation_pynvml": {
        "0": {
            "start_unix": 1675996243.028406,
            "end_unix": 1675996270.177013,
            "start_utc": "2023-02-10 02:30:43",
            "end_utc": "2023-02-10 02:31:10",
            "total_duration": 27.14860701560974,
            "nr_measurements": 543,
            "temperature": {
                "min": 24,
                "max": 25,
                "mean": 24.429097605893187,
                "std": 0.4949473209442819
            },
            "util.gpu": {
                "min": 0,
                "max": 0,
                "mean": 0.0,
                "std": 0.0
            },
            "util.memory": {
                "min": 0,
                "max": 0,
                "mean": 0.0,
                "std": 0.0
            },
            "power_usage": {
                "min": 0.805,
                "max": 2.005,
                "mean": 1.4543314917127073,
                "std": 0.1600812773045211
            },
            "memory.used": {
                "min": 16384000,
                "max": 16384000,
                "mean": 16384000.0,
                "std": 0.0
            },
            "memory.free": {
                "min": 16892231680,
                "max": 16892231680,
                "mean": 16892231680.0,
                "std": 0.0
            },
            "total_power_draw": 39.51523437377932
        },
        "total": {
            "start_unix": 1675996243.028406,
            "end_unix": 1675996270.177013,
            "nr_measurements": 543,
            "total_power_draw": 39.51523437377932,
            "start_utc": "2023-02-10 02:30:43",
            "end_utc": "2023-02-10 02:31:10",
            "total_duration": 27.14860701560974
        }
    },
    "execution_platform": {
        "System": "Linux",
        "Node Name": "ls8ws022",
        "Release": "5.4.0-137-generic",
        "Version": "#154-Ubuntu SMP Thu Jan 5 17:03:22 UTC 2023",
        "Machine": "x86_64",
        "Processor": "Intel(R) Xeon(R) W-2155 CPU @ 3.30GHz"
    },
    "full_log": "mnt_data/results_merged/infer_2023_02_10_02_30_42.tar.gz"
}