{
    "directory_name": "infer_2023_02_10_03_53_03",
    "validation_results": {
        "metrics": {
            "aggregated": {
                "MSE": 3154312.978609892,
                "abs_error": 15055323.997762203,
                "abs_target_sum": 108163005.0,
                "abs_target_mean": 2005.6928682688028,
                "seasonal_error": 190.8169179446506,
                "MASE": 1.6005623204859254,
                "MAPE": 0.23985870169266707,
                "sMAPE": 0.19638465709421724,
                "MSIS": 26.235350598945267,
                "QuantileLoss[0.1]": 14211932.338215474,
                "Coverage[0.1]": 0.20885254413291798,
                "QuantileLoss[0.5]": 15055323.843737021,
                "Coverage[0.5]": 0.59889111407803,
                "QuantileLoss[0.9]": 5694318.791710284,
                "Coverage[0.9]": 0.9227303070761014,
                "RMSE": 1776.0385633791548,
                "NRMSE": 0.8854987677710235,
                "ND": 0.139191066277811,
                "wQuantileLoss[0.1]": 0.1313936529242644,
                "wQuantileLoss[0.5]": 0.13919106485380117,
                "wQuantileLoss[0.9]": 0.052645715526397255,
                "mean_absolute_QuantileLoss": 11653858.324554259,
                "mean_wQuantileLoss": 0.10774347776815428,
                "MAE_Coverage": 0.0768246550956831,
                "OWA": NaN
            }
        },
        "start": 1675997583.9096868,
        "end": 1675997889.1402717,
        "model": null,
        "data": null
    },
    "config": {
        "dataset": "electricity_hourly_dataset",
        "model": "wavenet",
        "output_dir": "mnt_data/results",
        "epochs": 100,
        "datadir": "mnt_data/data",
        "cpu_monitor_interval": 0.05,
        "gpu_monitor_interval": 0.05,
        "seed": 42,
        "timestamp": "2023_02_10_03_53_03",
        "lag": 30,
        "external_forecast_horizon": 168,
        "integer_conversion": true,
        "train_logdir": "mnt_data/results/train_2023_02_10_03_08_13"
    },
    "execution_platform": {
        "System": "Linux",
        "Node Name": "ls8ws022",
        "Release": "5.4.0-137-generic",
        "Version": "#154-Ubuntu SMP Thu Jan 5 17:03:22 UTC 2023",
        "Machine": "x86_64",
        "Processor": "Intel(R) Xeon(R) W-2155 CPU @ 3.30GHz"
    },
    "validation_pyrapl": {
        "0": {
            "start_unix": 1676001183.87073,
            "end_unix": 1676001489.219172,
            "start_utc": "2023-02-10 03:53:03",
            "end_utc": "2023-02-10 03:58:09",
            "total_duration": 305.3484420776367,
            "nr_measurements": 6093,
            "duration": {
                "min": 0.001979,
                "max": 0.051923,
                "mean": 0.050114962580009845,
                "std": 0.0006202663668993262
            },
            "package-0": {
                "min": 13.632137443153107,
                "max": 133.2566881137826,
                "mean": 113.70043289156344,
                "std": 9.357931927230947
            },
            "package-0.dram": {
                "min": 3.16978271854472,
                "max": 10.952955969821563,
                "mean": 9.403264499894807,
                "std": 0.6848427015121241
            },
            "total_power_draw": 34722.05307999986
        },
        "total": {
            "start_unix": 1676001183.87073,
            "end_unix": 1676001489.219172,
            "nr_measurements": 6093,
            "total_power_draw": 34722.05307999986,
            "start_utc": "2023-02-10 03:53:03",
            "end_utc": "2023-02-10 03:58:09",
            "total_duration": 305.3484420776367
        }
    },
    "validation_pynvml": {
        "0": {
            "start_unix": 1676001183.872384,
            "end_unix": 1676001489.119232,
            "start_utc": "2023-02-10 03:53:03",
            "end_utc": "2023-02-10 03:58:09",
            "total_duration": 305.2468478679657,
            "nr_measurements": 6091,
            "temperature": {
                "min": 24,
                "max": 25,
                "mean": 24.372845181415205,
                "std": 0.4835614253749645
            },
            "util.gpu": {
                "min": 0,
                "max": 0,
                "mean": 0.0,
                "std": 0.0
            },
            "util.memory": {
                "min": 0,
                "max": 0,
                "mean": 0.0,
                "std": 0.0
            },
            "power_usage": {
                "min": 0.967,
                "max": 1.958,
                "mean": 1.3329108520768345,
                "std": 0.1481499119802195
            },
            "memory.used": {
                "min": 16384000,
                "max": 16384000,
                "mean": 16384000.0,
                "std": 0.0
            },
            "memory.free": {
                "min": 16892231680,
                "max": 16892231680,
                "mean": 16892231680.0,
                "std": 0.0
            },
            "total_power_draw": 406.86728110278307
        },
        "total": {
            "start_unix": 1676001183.872384,
            "end_unix": 1676001489.119232,
            "nr_measurements": 6091,
            "total_power_draw": 406.86728110278307,
            "start_utc": "2023-02-10 03:53:03",
            "end_utc": "2023-02-10 03:58:09",
            "total_duration": 305.2468478679657
        }
    },
    "requirements": [
        "# 3.7.7 (default, Mar 23 2020, 22:36:06)",
        "# [GCC 7.3.0]",
        "wrapt==1.11.2",
        "typed-ast==1.4.0",
        "six==1.12.0",
        "setuptools==41.6.0",
        "pytz==2019.3",
        "python-dateutil==2.8.0",
        "pyparsing==2.4.2",
        "pylint==2.4.3",
        "numpy==1.17.3",
        "mccabe==0.6.1",
        "matplotlib==3.1.1",
        "lazy-object-proxy==1.4.3",
        "kiwisolver==1.1.0",
        "isort==4.3.21",
        "cycler==0.10.0",
        "astroid==2.3.2",
        "wheel==0.37.1",
        "urllib3==1.26.14",
        "typing-extensions==4.4.0",
        "tqdm==4.64.1",
        "toolz==0.12.0",
        "rpy2==2.9.4",
        "requests==2.28.2",
        "pynvml==11.4.1",
        "pydantic==1.10.4",
        "pyarrow==8.0.0",
        "py-rapl==0.1",
        "pip==22.3.1",
        "pandas==1.3.5",
        "orjson==3.8.5",
        "mxnet==1.9.1",
        "markupsafe==2.1.1",
        "jinja2==3.1.2",
        "idna==3.4",
        "graphviz==0.8.4",
        "gluonts==0.11.8",
        "charset-normalizer==3.0.1",
        "certifi==2022.12.7"
    ],
    "full_log": "mnt_data/results_merged/infer_2023_02_10_03_53_03.tar.gz"
}