{
    "directory_name": "infer_2023_01_27_02_39_24",
    "validation_results": {
        "metrics": {
            "aggregated": {
                "MSE": 255642442172.03568,
                "abs_error": 134539068.97216797,
                "abs_target_sum": 937103942.0,
                "abs_target_mean": 364915.8652647975,
                "seasonal_error": 21013.657850679214,
                "MASE": 2.273637769450603,
                "MAPE": 0.11687441859627143,
                "sMAPE": 0.11773494321771685,
                "MSIS": 17.86131715227046,
                "QuantileLoss[0.1]": 45265679.85857849,
                "Coverage[0.1]": 0.09345794392523364,
                "QuantileLoss[0.5]": 134539069.10925293,
                "Coverage[0.5]": 0.536993769470405,
                "QuantileLoss[0.9]": 58695094.42454222,
                "Coverage[0.9]": 0.9151090342679128,
                "RMSE": 505610.9593076832,
                "NRMSE": 1.3855548838382012,
                "ND": 0.14356899266161444,
                "wQuantileLoss[0.1]": 0.048303798361973474,
                "wQuantileLoss[0.5]": 0.1435689928079002,
                "wQuantileLoss[0.9]": 0.06263456143325263,
                "mean_absolute_QuantileLoss": 79499947.79745789,
                "mean_wQuantileLoss": 0.0848357842010421,
                "MAE_Coverage": 0.01954828660436138,
                "OWA": NaN
            }
        },
        "start": 1674783565.0725243,
        "end": 1674783568.350868,
        "model": null,
        "data": null
    },
    "requirements": [
        "# 3.7.7 (default, Mar 23 2020, 22:36:06)",
        "# [GCC 7.3.0]",
        "wrapt==1.11.2",
        "typed-ast==1.4.0",
        "six==1.12.0",
        "setuptools==41.6.0",
        "pytz==2019.3",
        "python-dateutil==2.8.0",
        "pyparsing==2.4.2",
        "pylint==2.4.3",
        "numpy==1.17.3",
        "mccabe==0.6.1",
        "matplotlib==3.1.1",
        "lazy-object-proxy==1.4.3",
        "kiwisolver==1.1.0",
        "isort==4.3.21",
        "cycler==0.10.0",
        "astroid==2.3.2",
        "wheel==0.37.1",
        "urllib3==1.26.14",
        "typing-extensions==4.4.0",
        "tqdm==4.64.1",
        "toolz==0.12.0",
        "rpy2==2.9.4",
        "requests==2.28.2",
        "pynvml==11.4.1",
        "pydantic==1.10.4",
        "pyarrow==8.0.0",
        "py-rapl==0.1",
        "pip==22.3.1",
        "pandas==1.3.5",
        "orjson==3.8.5",
        "mxnet==1.9.1",
        "markupsafe==2.1.1",
        "jinja2==3.1.2",
        "idna==3.4",
        "graphviz==0.8.4",
        "gluonts==0.11.8",
        "charset-normalizer==3.0.1",
        "certifi==2022.12.7"
    ],
    "execution_platform": {
        "System": "Linux",
        "Node Name": "ls8ws022",
        "Release": "5.4.0-137-generic",
        "Version": "#154-Ubuntu SMP Thu Jan 5 17:03:22 UTC 2023",
        "Machine": "x86_64",
        "Processor": "Intel(R) Xeon(R) W-2155 CPU @ 3.30GHz"
    },
    "validation_pyrapl": {
        "0": {
            "start_unix": 1674787165.033429,
            "end_unix": 1674787168.393668,
            "start_utc": "2023-01-27 02:39:25",
            "end_utc": "2023-01-27 02:39:28",
            "total_duration": 3.360239028930664,
            "nr_measurements": 68,
            "duration": {
                "min": 0.002114,
                "max": 0.050566,
                "mean": 0.04944572058823529,
                "std": 0.005783473426740321
            },
            "package-0": {
                "min": 15.671010096978888,
                "max": 138.86224795368335,
                "mean": 86.85541488662776,
                "std": 22.748004544245365
            },
            "package-0.dram": {
                "min": 2.5477767265846736,
                "max": 10.399329327930698,
                "mean": 8.858074923998954,
                "std": 1.7119741027127153
            },
            "total_power_draw": 295.09586299999995
        },
        "total": {
            "start_unix": 1674787165.033429,
            "end_unix": 1674787168.393668,
            "nr_measurements": 68,
            "total_power_draw": 295.09586299999995,
            "start_utc": "2023-01-27 02:39:25",
            "end_utc": "2023-01-27 02:39:28",
            "total_duration": 3.360239028930664
        }
    },
    "validation_pynvml": {
        "0": {
            "start_unix": 1674787165.040915,
            "end_unix": 1674787168.343426,
            "start_utc": "2023-01-27 02:39:25",
            "end_utc": "2023-01-27 02:39:28",
            "total_duration": 3.302510976791382,
            "nr_measurements": 67,
            "temperature": {
                "min": 22,
                "max": 22,
                "mean": 22.0,
                "std": 0.0
            },
            "util.gpu": {
                "min": 0,
                "max": 0,
                "mean": 0.0,
                "std": 0.0
            },
            "util.memory": {
                "min": 0,
                "max": 0,
                "mean": 0.0,
                "std": 0.0
            },
            "power_usage": {
                "min": 1.228,
                "max": 1.852,
                "mean": 1.4883582089552239,
                "std": 0.1311527196265822
            },
            "memory.used": {
                "min": 16384000,
                "max": 16384000,
                "mean": 16384000.0,
                "std": 0.0
            },
            "memory.free": {
                "min": 16892231680,
                "max": 16892231680,
                "mean": 16892231680.0,
                "std": 0.0
            },
            "total_power_draw": 4.9294082478027335
        },
        "total": {
            "start_unix": 1674787165.040915,
            "end_unix": 1674787168.343426,
            "nr_measurements": 67,
            "total_power_draw": 4.9294082478027335,
            "start_utc": "2023-01-27 02:39:25",
            "end_utc": "2023-01-27 02:39:28",
            "total_duration": 3.302510976791382
        }
    },
    "config": {
        "dataset": "electricity_weekly_dataset",
        "model": "transformer",
        "output_dir": "mnt_data/results",
        "epochs": 100,
        "datadir": "mnt_data/data",
        "cpu_monitor_interval": 0.05,
        "gpu_monitor_interval": 0.05,
        "seed": 42,
        "timestamp": "2023_01_27_02_39_24",
        "lag": 65,
        "external_forecast_horizon": 8,
        "integer_conversion": true,
        "train_logdir": "mnt_data/results/train_2023_01_27_02_36_50"
    },
    "full_log": "mnt_data/results_merged/infer_2023_01_27_02_39_24.tar.gz"
}