{
    "directory_name": "infer_2023_01_29_10_10_55",
    "validation_results": {
        "metrics": {
            "aggregated": {
                "MSE": 0.0005858746565735081,
                "abs_error": 1773.0943299531937,
                "abs_target_sum": 6186.670924425125,
                "abs_target_mean": 0.04272090738885983,
                "seasonal_error": 0.015477130691604333,
                "MASE": 0.807729227308958,
                "MAPE": 0.4108994132401621,
                "sMAPE": 0.36989274827462776,
                "MSIS": 7.857347987280978,
                "QuantileLoss[0.1]": 786.1294963099975,
                "Coverage[0.1]": 0.15336012595293338,
                "QuantileLoss[0.5]": 1773.0943315221305,
                "Coverage[0.5]": 0.5969298972489226,
                "QuantileLoss[0.9]": 1008.8869041684383,
                "Coverage[0.9]": 0.882450834161971,
                "RMSE": 0.024204847790752746,
                "NRMSE": 0.5665808446068857,
                "ND": 0.28659910178072906,
                "wQuantileLoss[0.1]": 0.12706825785841291,
                "wQuantileLoss[0.5]": 0.2865991020343286,
                "wQuantileLoss[0.9]": 0.1630742796073618,
                "mean_absolute_QuantileLoss": 1189.3702440001887,
                "mean_wQuantileLoss": 0.1922472131667011,
                "MAE_Coverage": 0.055946396346628346,
                "OWA": NaN
            }
        },
        "start": 1674983455.312056,
        "end": 1674983492.2846088,
        "model": null,
        "data": null
    },
    "config": {
        "dataset": "traffic_hourly_dataset",
        "model": "deepar",
        "output_dir": "mnt_data/results",
        "epochs": 100,
        "datadir": "mnt_data/data",
        "cpu_monitor_interval": 0.05,
        "gpu_monitor_interval": 0.05,
        "seed": 42,
        "timestamp": "2023_01_29_10_10_55",
        "lag": 30,
        "external_forecast_horizon": 168,
        "train_logdir": "mnt_data/results/train_2023_01_29_09_38_38"
    },
    "requirements": [
        "# 3.7.7 (default, Mar 23 2020, 22:36:06)",
        "# [GCC 7.3.0]",
        "wrapt==1.11.2",
        "typed-ast==1.4.0",
        "six==1.12.0",
        "setuptools==41.6.0",
        "pytz==2019.3",
        "python-dateutil==2.8.0",
        "pyparsing==2.4.2",
        "pylint==2.4.3",
        "numpy==1.17.3",
        "mccabe==0.6.1",
        "matplotlib==3.1.1",
        "lazy-object-proxy==1.4.3",
        "kiwisolver==1.1.0",
        "isort==4.3.21",
        "cycler==0.10.0",
        "astroid==2.3.2",
        "wheel==0.37.1",
        "urllib3==1.26.14",
        "typing-extensions==4.4.0",
        "tqdm==4.64.1",
        "toolz==0.12.0",
        "rpy2==2.9.4",
        "requests==2.28.2",
        "pynvml==11.4.1",
        "pydantic==1.10.4",
        "pyarrow==8.0.0",
        "py-rapl==0.1",
        "pip==22.3.1",
        "pandas==1.3.5",
        "orjson==3.8.5",
        "mxnet==1.9.1",
        "markupsafe==2.1.1",
        "jinja2==3.1.2",
        "idna==3.4",
        "graphviz==0.8.4",
        "gluonts==0.11.8",
        "charset-normalizer==3.0.1",
        "certifi==2022.12.7"
    ],
    "validation_pyrapl": {
        "0": {
            "start_unix": 1674987055.272989,
            "end_unix": 1674987092.285977,
            "start_utc": "2023-01-29 10:10:55",
            "end_utc": "2023-01-29 10:11:32",
            "total_duration": 37.01298785209656,
            "nr_measurements": 739,
            "duration": {
                "min": 0.002017,
                "max": 0.050891,
                "mean": 0.05008783220568335,
                "std": 0.0017744508084021695
            },
            "package-0": {
                "min": 13.254338125929598,
                "max": 144.6024793883377,
                "mean": 90.63316491231463,
                "std": 22.918648068420673
            },
            "package-0.dram": {
                "min": 2.680264018552655,
                "max": 9.604914858363443,
                "mean": 7.5984941214656185,
                "std": 0.5618974755071696
            },
            "total_power_draw": 3356.9347659999985
        },
        "total": {
            "start_unix": 1674987055.272989,
            "end_unix": 1674987092.285977,
            "nr_measurements": 739,
            "total_power_draw": 3356.9347659999985,
            "start_utc": "2023-01-29 10:10:55",
            "end_utc": "2023-01-29 10:11:32",
            "total_duration": 37.01298785209656
        }
    },
    "validation_pynvml": {
        "0": {
            "start_unix": 1674987055.275504,
            "end_unix": 1674987092.235884,
            "start_utc": "2023-01-29 10:10:55",
            "end_utc": "2023-01-29 10:11:32",
            "total_duration": 36.96037983894348,
            "nr_measurements": 738,
            "temperature": {
                "min": 21,
                "max": 22,
                "mean": 21.00271002710027,
                "std": 0.051987333586045736
            },
            "util.gpu": {
                "min": 0,
                "max": 0,
                "mean": 0.0,
                "std": 0.0
            },
            "util.memory": {
                "min": 0,
                "max": 0,
                "mean": 0.0,
                "std": 0.0
            },
            "power_usage": {
                "min": 1.105,
                "max": 2.176,
                "mean": 1.634078590785908,
                "std": 0.21841230943543283
            },
            "memory.used": {
                "min": 16384000,
                "max": 16384000,
                "mean": 16384000.0,
                "std": 0.0
            },
            "memory.free": {
                "min": 16892231680,
                "max": 16892231680,
                "mean": 16892231680.0,
                "std": 0.0
            },
            "total_power_draw": 60.4091129460449
        },
        "total": {
            "start_unix": 1674987055.275504,
            "end_unix": 1674987092.235884,
            "nr_measurements": 738,
            "total_power_draw": 60.4091129460449,
            "start_utc": "2023-01-29 10:10:55",
            "end_utc": "2023-01-29 10:11:32",
            "total_duration": 36.96037983894348
        }
    },
    "execution_platform": {
        "System": "Linux",
        "Node Name": "ls8ws022",
        "Release": "5.4.0-137-generic",
        "Version": "#154-Ubuntu SMP Thu Jan 5 17:03:22 UTC 2023",
        "Machine": "x86_64",
        "Processor": "Intel(R) Xeon(R) W-2155 CPU @ 3.30GHz"
    },
    "full_log": "mnt_data/results_merged/infer_2023_01_29_10_10_55.tar.gz"
}