{
    "directory_name": "infer_2023_01_24_18_06_55",
    "execution_platform": {
        "System": "Linux",
        "Node Name": "ls8ws022",
        "Release": "5.4.0-137-generic",
        "Version": "#154-Ubuntu SMP Thu Jan 5 17:03:22 UTC 2023",
        "Machine": "x86_64",
        "Processor": "Intel(R) Xeon(R) W-2155 CPU @ 3.30GHz"
    },
    "requirements": [
        "# 3.7.7 (default, Mar 23 2020, 22:36:06)",
        "# [GCC 7.3.0]",
        "wrapt==1.11.2",
        "typed-ast==1.4.0",
        "six==1.12.0",
        "setuptools==41.6.0",
        "pytz==2019.3",
        "python-dateutil==2.8.0",
        "pyparsing==2.4.2",
        "pylint==2.4.3",
        "numpy==1.17.3",
        "mccabe==0.6.1",
        "matplotlib==3.1.1",
        "lazy-object-proxy==1.4.3",
        "kiwisolver==1.1.0",
        "isort==4.3.21",
        "cycler==0.10.0",
        "astroid==2.3.2",
        "wheel==0.37.1",
        "urllib3==1.26.14",
        "typing-extensions==4.4.0",
        "tqdm==4.64.1",
        "toolz==0.12.0",
        "rpy2==2.9.4",
        "requests==2.28.2",
        "pynvml==11.4.1",
        "pydantic==1.10.4",
        "pyarrow==8.0.0",
        "py-rapl==0.1",
        "pip==22.3.1",
        "pandas==1.3.5",
        "orjson==3.8.5",
        "mxnet==1.9.1",
        "markupsafe==2.1.1",
        "jinja2==3.1.2",
        "idna==3.4",
        "graphviz==0.8.4",
        "gluonts==0.11.8",
        "charset-normalizer==3.0.1",
        "certifi==2022.12.7"
    ],
    "validation_results": {
        "metrics": {
            "aggregated": {
                "MSE": 203024849595937.1,
                "abs_error": 915636592.1081531,
                "abs_target_sum": 18624313118.95509,
                "abs_target_mean": 43111835.923507154,
                "seasonal_error": 3404567.1653867713,
                "MASE": 1.0769774227625009,
                "MAPE": 0.28846967225480413,
                "sMAPE": 0.18418938574312185,
                "MSIS": 15.642672163118776,
                "QuantileLoss[0.1]": 594767644.9200666,
                "Coverage[0.1]": 0.30787037037037035,
                "QuantileLoss[0.5]": 915636591.6146533,
                "Coverage[0.5]": 0.6435185185185185,
                "QuantileLoss[0.9]": 331748023.8992627,
                "Coverage[0.9]": 0.863425925925926,
                "RMSE": 14248678.871949395,
                "NRMSE": 0.33050503572222406,
                "ND": 0.049163509347158386,
                "wQuantileLoss[0.1]": 0.031935011032151066,
                "wQuantileLoss[0.5]": 0.04916350932066078,
                "wQuantileLoss[0.9]": 0.017812631358824327,
                "mean_absolute_QuantileLoss": 614050753.4779942,
                "mean_wQuantileLoss": 0.03297038390387872,
                "MAE_Coverage": 0.12932098765432096,
                "OWA": NaN
            }
        },
        "start": 1674580015.9687061,
        "end": 1674580017.0271246,
        "model": null,
        "data": null
    },
    "config": {
        "dataset": "cif_2016_dataset",
        "model": "wavenet",
        "output_dir": "mnt_data/results",
        "epochs": 100,
        "datadir": "mnt_data/data",
        "cpu_monitor_interval": 0.05,
        "gpu_monitor_interval": 0.05,
        "seed": 42,
        "timestamp": "2023_01_24_18_06_55",
        "lag": 15,
        "external_forecast_horizon": 6,
        "train_logdir": "mnt_data/results/train_2023_01_24_18_05_15"
    },
    "validation_pyrapl": {
        "0": {
            "start_unix": 1674583615.929495,
            "end_unix": 1674583617.034717,
            "start_utc": "2023-01-24 18:06:55",
            "end_utc": "2023-01-24 18:06:57",
            "total_duration": 1.1052219867706299,
            "nr_measurements": 23,
            "duration": {
                "min": 0.002134,
                "max": 0.050503,
                "mean": 0.04813239130434783,
                "std": 0.009808298322202261
            },
            "package-0": {
                "min": 10.353327085285848,
                "max": 111.98848119460195,
                "mean": 70.71670157338104,
                "std": 34.88016880440389
            },
            "package-0.dram": {
                "min": 2.5665417057169635,
                "max": 9.183171676046781,
                "mean": 7.074700982998778,
                "std": 1.8277231047738922
            },
            "total_power_draw": 81.11032700000004
        },
        "total": {
            "start_unix": 1674583615.929495,
            "end_unix": 1674583617.034717,
            "nr_measurements": 23,
            "total_power_draw": 81.11032700000004,
            "start_utc": "2023-01-24 18:06:55",
            "end_utc": "2023-01-24 18:06:57",
            "total_duration": 1.1052219867706299
        }
    },
    "validation_pynvml": {
        "0": {
            "start_unix": 1674583615.9365487,
            "end_unix": 1674583616.985045,
            "start_utc": "2023-01-24 18:06:55",
            "end_utc": "2023-01-24 18:06:56",
            "total_duration": 1.0484962463378906,
            "nr_measurements": 22,
            "temperature": {
                "min": 22,
                "max": 22,
                "mean": 22.0,
                "std": 0.0
            },
            "util.gpu": {
                "min": 0,
                "max": 0,
                "mean": 0.0,
                "std": 0.0
            },
            "util.memory": {
                "min": 0,
                "max": 0,
                "mean": 0.0,
                "std": 0.0
            },
            "power_usage": {
                "min": 1.296,
                "max": 1.667,
                "mean": 1.4991818181818184,
                "std": 0.11612557324005153
            },
            "memory.used": {
                "min": 16384000,
                "max": 16384000,
                "mean": 16384000.0,
                "std": 0.0
            },
            "memory.free": {
                "min": 16892231680,
                "max": 16892231680,
                "mean": 16892231680.0,
                "std": 0.0
            },
            "total_power_draw": 1.5760322524414063
        },
        "total": {
            "start_unix": 1674583615.9365487,
            "end_unix": 1674583616.985045,
            "nr_measurements": 22,
            "total_power_draw": 1.5760322524414063,
            "start_utc": "2023-01-24 18:06:55",
            "end_utc": "2023-01-24 18:06:56",
            "total_duration": 1.0484962463378906
        }
    },
    "full_log": "mnt_data/results_merged/infer_2023_01_24_18_06_55.tar.gz"
}