{
    "directory_name": "infer_2023_01_24_20_03_44",
    "validation_results": {
        "metrics": {
            "aggregated": {
                "MSE": 1166665623954.329,
                "abs_error": 169609233.45990205,
                "abs_target_sum": 900047521.4583988,
                "abs_target_mean": 828773.0400169417,
                "seasonal_error": 36837.88075415882,
                "MASE": 4.3438706986181055,
                "MAPE": 0.2160066848390943,
                "sMAPE": 0.19425686006648654,
                "MSIS": 53.771294226478254,
                "QuantileLoss[0.1]": 62232227.019215964,
                "Coverage[0.1]": 0.10405156537753224,
                "QuantileLoss[0.5]": 169609233.395025,
                "Coverage[0.5]": 0.42449355432780844,
                "QuantileLoss[0.9]": 78461851.32874578,
                "Coverage[0.9]": 0.8443830570902393,
                "RMSE": 1080122.9670525154,
                "NRMSE": 1.3032795649704478,
                "ND": 0.18844475365597857,
                "wQuantileLoss[0.1]": 0.06914326803364505,
                "wQuantileLoss[0.5]": 0.18844475358389678,
                "wQuantileLoss[0.9]": 0.08717523181621513,
                "mean_absolute_QuantileLoss": 103434437.24766226,
                "mean_wQuantileLoss": 0.11492108447791899,
                "MAE_Coverage": 0.04505831798649484,
                "OWA": NaN
            }
        },
        "start": 1674587024.402855,
        "end": 1674587025.949139,
        "model": null,
        "data": null
    },
    "requirements": [
        "# 3.7.7 (default, Mar 23 2020, 22:36:06)",
        "# [GCC 7.3.0]",
        "wrapt==1.11.2",
        "typed-ast==1.4.0",
        "six==1.12.0",
        "setuptools==41.6.0",
        "pytz==2019.3",
        "python-dateutil==2.8.0",
        "pyparsing==2.4.2",
        "pylint==2.4.3",
        "numpy==1.17.3",
        "mccabe==0.6.1",
        "matplotlib==3.1.1",
        "lazy-object-proxy==1.4.3",
        "kiwisolver==1.1.0",
        "isort==4.3.21",
        "cycler==0.10.0",
        "astroid==2.3.2",
        "wheel==0.37.1",
        "urllib3==1.26.14",
        "typing-extensions==4.4.0",
        "tqdm==4.64.1",
        "toolz==0.12.0",
        "rpy2==2.9.4",
        "requests==2.28.2",
        "pynvml==11.4.1",
        "pydantic==1.10.4",
        "pyarrow==8.0.0",
        "py-rapl==0.1",
        "pip==22.3.1",
        "pandas==1.3.5",
        "orjson==3.8.5",
        "mxnet==1.9.1",
        "markupsafe==2.1.1",
        "jinja2==3.1.2",
        "idna==3.4",
        "graphviz==0.8.4",
        "gluonts==0.11.8",
        "charset-normalizer==3.0.1",
        "certifi==2022.12.7"
    ],
    "validation_pynvml": {
        "0": {
            "start_unix": 1674590624.372067,
            "end_unix": 1674590625.920005,
            "start_utc": "2023-01-24 20:03:44",
            "end_utc": "2023-01-24 20:03:45",
            "total_duration": 1.5479381084442139,
            "nr_measurements": 32,
            "temperature": {
                "min": 22,
                "max": 22,
                "mean": 22.0,
                "std": 0.0
            },
            "util.gpu": {
                "min": 0,
                "max": 0,
                "mean": 0.0,
                "std": 0.0
            },
            "util.memory": {
                "min": 0,
                "max": 0,
                "mean": 0.0,
                "std": 0.0
            },
            "power_usage": {
                "min": 1.078,
                "max": 1.731,
                "mean": 1.4371875,
                "std": 0.14391413184169927
            },
            "memory.used": {
                "min": 16384000,
                "max": 16384000,
                "mean": 16384000.0,
                "std": 0.0
            },
            "memory.free": {
                "min": 16892231680,
                "max": 16892231680,
                "mean": 16892231680.0,
                "std": 0.0
            },
            "total_power_draw": 2.2450405114746097
        },
        "total": {
            "start_unix": 1674590624.372067,
            "end_unix": 1674590625.920005,
            "nr_measurements": 32,
            "total_power_draw": 2.2450405114746097,
            "start_utc": "2023-01-24 20:03:44",
            "end_utc": "2023-01-24 20:03:45",
            "total_duration": 1.5479381084442139
        }
    },
    "validation_pyrapl": {
        "0": {
            "start_unix": 1674590624.36575,
            "end_unix": 1674590625.971892,
            "start_utc": "2023-01-24 20:03:44",
            "end_utc": "2023-01-24 20:03:45",
            "total_duration": 1.6061420440673828,
            "nr_measurements": 33,
            "duration": {
                "min": 0.002078,
                "max": 0.050478,
                "mean": 0.04872869696969697,
                "std": 0.008248024727664961
            },
            "package-0": {
                "min": 10.573628488931664,
                "max": 115.5710065077654,
                "mean": 83.9254074777463,
                "std": 32.91832625161323
            },
            "package-0.dram": {
                "min": 2.3123195380173245,
                "max": 9.86395615346288,
                "mean": 7.6960662465055645,
                "std": 1.7620838067272977
            },
            "total_power_draw": 138.44318800000002
        },
        "total": {
            "start_unix": 1674590624.36575,
            "end_unix": 1674590625.971892,
            "nr_measurements": 33,
            "total_power_draw": 138.44318800000002,
            "start_utc": "2023-01-24 20:03:44",
            "end_utc": "2023-01-24 20:03:45",
            "total_duration": 1.6061420440673828
        }
    },
    "config": {
        "dataset": "m1_yearly_dataset",
        "model": "wavenet",
        "output_dir": "mnt_data/results",
        "epochs": 100,
        "datadir": "mnt_data/data",
        "cpu_monitor_interval": 0.05,
        "gpu_monitor_interval": 0.05,
        "seed": 42,
        "timestamp": "2023_01_24_20_03_44",
        "lag": 2,
        "train_logdir": "mnt_data/results/train_2023_01_24_20_02_34"
    },
    "execution_platform": {
        "System": "Linux",
        "Node Name": "ls8ws022",
        "Release": "5.4.0-137-generic",
        "Version": "#154-Ubuntu SMP Thu Jan 5 17:03:22 UTC 2023",
        "Machine": "x86_64",
        "Processor": "Intel(R) Xeon(R) W-2155 CPU @ 3.30GHz"
    },
    "full_log": "mnt_data/results_merged/infer_2023_01_24_20_03_44.tar.gz"
}