{
    "directory_name": "infer_2023_01_27_10_56_44",
    "validation_results": {
        "metrics": {
            "aggregated": {
                "MSE": 125.44896945738084,
                "abs_error": 5846997.216521112,
                "abs_target_sum": 8474135.938394576,
                "abs_target_mean": 9.154972968085131,
                "seasonal_error": 6.557191003376351,
                "MASE": Infinity,
                "MAPE": 0.6415344972213932,
                "sMAPE": 1.5634589667004377,
                "MSIS": Infinity,
                "QuantileLoss[0.1]": 3561850.984426167,
                "Coverage[0.1]": 0.06106638491322686,
                "QuantileLoss[0.5]": 5846997.216521112,
                "Coverage[0.5]": 0.544181705040448,
                "QuantileLoss[0.9]": 3612622.5087688784,
                "Coverage[0.9]": 0.9310568346816013,
                "RMSE": 11.200400415046813,
                "NRMSE": 1.2234225545058608,
                "ND": 0.6899815224853266,
                "wQuantileLoss[0.1]": 0.42032025569570447,
                "wQuantileLoss[0.5]": 0.6899815224853266,
                "wQuantileLoss[0.9]": 0.42631160687437464,
                "mean_absolute_QuantileLoss": 4340490.236572052,
                "mean_wQuantileLoss": 0.5122044616851352,
                "MAE_Coverage": 0.03805738493627415,
                "OWA": NaN
            }
        },
        "start": 1674813404.7668388,
        "end": 1674826777.4610598,
        "model": null,
        "data": null
    },
    "requirements": [
        "# 3.7.7 (default, Mar 23 2020, 22:36:06)",
        "# [GCC 7.3.0]",
        "wrapt==1.11.2",
        "typed-ast==1.4.0",
        "six==1.12.0",
        "setuptools==41.6.0",
        "pytz==2019.3",
        "python-dateutil==2.8.0",
        "pyparsing==2.4.2",
        "pylint==2.4.3",
        "numpy==1.17.3",
        "mccabe==0.6.1",
        "matplotlib==3.1.1",
        "lazy-object-proxy==1.4.3",
        "kiwisolver==1.1.0",
        "isort==4.3.21",
        "cycler==0.10.0",
        "astroid==2.3.2",
        "wheel==0.37.1",
        "urllib3==1.26.14",
        "typing-extensions==4.4.0",
        "tqdm==4.64.1",
        "toolz==0.12.0",
        "rpy2==2.9.4",
        "requests==2.28.2",
        "pynvml==11.4.1",
        "pydantic==1.10.4",
        "pyarrow==8.0.0",
        "py-rapl==0.1",
        "pip==22.3.1",
        "pandas==1.3.5",
        "orjson==3.8.5",
        "mxnet==1.9.1",
        "markupsafe==2.1.1",
        "jinja2==3.1.2",
        "idna==3.4",
        "graphviz==0.8.4",
        "gluonts==0.11.8",
        "charset-normalizer==3.0.1",
        "certifi==2022.12.7"
    ],
    "execution_platform": {
        "System": "Linux",
        "Node Name": "ls8ws022",
        "Release": "5.4.0-137-generic",
        "Version": "#154-Ubuntu SMP Thu Jan 5 17:03:22 UTC 2023",
        "Machine": "x86_64",
        "Processor": "Intel(R) Xeon(R) W-2155 CPU @ 3.30GHz"
    },
    "config": {
        "dataset": "dominick_dataset",
        "model": "arima",
        "output_dir": "mnt_data/results",
        "epochs": 100,
        "datadir": "mnt_data/data",
        "cpu_monitor_interval": 0.05,
        "gpu_monitor_interval": 0.05,
        "seed": 42,
        "timestamp": "2023_01_27_10_56_44",
        "lag": 10,
        "external_forecast_horizon": 8,
        "train_logdir": "mnt_data/results/train_2023_01_27_10_56_12"
    },
    "validation_pynvml": {
        "0": {
            "start_unix": 1674817004.730941,
            "end_unix": 1674830377.431175,
            "start_utc": "2023-01-27 10:56:44",
            "end_utc": "2023-01-27 14:39:37",
            "total_duration": 13372.70023393631,
            "nr_measurements": 265035,
            "temperature": {
                "min": 22,
                "max": 23,
                "mean": 22.246148621880128,
                "std": 0.43076615213668107
            },
            "util.gpu": {
                "min": 0,
                "max": 0,
                "mean": 0.0,
                "std": 0.0
            },
            "util.memory": {
                "min": 0,
                "max": 0,
                "mean": 0.0,
                "std": 0.0
            },
            "power_usage": {
                "min": 0.912,
                "max": 2.445,
                "mean": 1.4322863848170995,
                "std": 0.1740115686450113
            },
            "memory.used": {
                "min": 16384000,
                "max": 16384000,
                "mean": 16384000.0,
                "std": 0.0
            },
            "memory.free": {
                "min": 16892231680,
                "max": 16892231680,
                "mean": 16892231680.0,
                "std": 0.0
            },
            "total_power_draw": 19153.165886233688
        },
        "total": {
            "start_unix": 1674817004.730941,
            "end_unix": 1674830377.431175,
            "nr_measurements": 265035,
            "total_power_draw": 19153.165886233688,
            "start_utc": "2023-01-27 10:56:44",
            "end_utc": "2023-01-27 14:39:37",
            "total_duration": 13372.70023393631
        }
    },
    "validation_pyrapl": {
        "0": {
            "start_unix": 1674817004.728255,
            "end_unix": 1674830380.715312,
            "start_utc": "2023-01-27 10:56:44",
            "end_utc": "2023-01-27 14:39:40",
            "total_duration": 13375.987056970596,
            "nr_measurements": 265105,
            "duration": {
                "min": 0.001961,
                "max": 0.051997,
                "mean": 0.0504554374983497,
                "std": 0.00010978211513247838
            },
            "package-0": {
                "min": 13.385110512556444,
                "max": 162.96145093028827,
                "mean": 44.7264931003176,
                "std": 5.976806910884834
            },
            "package-0.dram": {
                "min": 2.299223054663654,
                "max": 8.323541646033474,
                "mean": 7.0222597280680565,
                "std": 0.11828621444074633
            },
            "total_power_draw": 598234.3621919937
        },
        "total": {
            "start_unix": 1674817004.728255,
            "end_unix": 1674830380.715312,
            "nr_measurements": 265105,
            "total_power_draw": 598234.3621919937,
            "start_utc": "2023-01-27 10:56:44",
            "end_utc": "2023-01-27 14:39:40",
            "total_duration": 13375.987056970596
        }
    },
    "full_log": "mnt_data/results_merged/infer_2023_01_27_10_56_44.tar.gz"
}