{
    "directory_name": "infer_2023_01_24_20_09_00",
    "execution_platform": {
        "System": "Linux",
        "Node Name": "ls8ws022",
        "Release": "5.4.0-137-generic",
        "Version": "#154-Ubuntu SMP Thu Jan 5 17:03:22 UTC 2023",
        "Machine": "x86_64",
        "Processor": "Intel(R) Xeon(R) W-2155 CPU @ 3.30GHz"
    },
    "config": {
        "dataset": "m1_quarterly_dataset",
        "model": "deepar",
        "output_dir": "mnt_data/results",
        "epochs": 100,
        "datadir": "mnt_data/data",
        "cpu_monitor_interval": 0.05,
        "gpu_monitor_interval": 0.05,
        "seed": 42,
        "timestamp": "2023_01_24_20_09_00",
        "lag": 5,
        "train_logdir": "mnt_data/results/train_2023_01_24_20_06_58"
    },
    "validation_results": {
        "metrics": {
            "aggregated": {
                "MSE": 111597371.29548769,
                "abs_error": 2440391.3377962112,
                "abs_target_sum": 29823687.84240532,
                "abs_target_mean": 18364.33980443677,
                "seasonal_error": 2105.4609837661837,
                "MASE": 1.8373400241977835,
                "MAPE": 0.20199894026068632,
                "sMAPE": 0.16556389087563372,
                "MSIS": 18.95114528325335,
                "QuantileLoss[0.1]": 2433692.644640589,
                "Coverage[0.1]": 0.16071428571428573,
                "QuantileLoss[0.5]": 2440391.334562063,
                "Coverage[0.5]": 0.5455665024630542,
                "QuantileLoss[0.9]": 3191210.131142902,
                "Coverage[0.9]": 0.8823891625615764,
                "RMSE": 10563.96569927637,
                "NRMSE": 0.5752434234920957,
                "ND": 0.08182728275227918,
                "wQuantileLoss[0.1]": 0.08160267293235955,
                "wQuantileLoss[0.5]": 0.08182728264383693,
                "wQuantileLoss[0.9]": 0.10700253261789529,
                "mean_absolute_QuantileLoss": 2688431.3701151847,
                "mean_wQuantileLoss": 0.09014416273136393,
                "MAE_Coverage": 0.041297208538587836,
                "OWA": NaN
            }
        },
        "start": 1674587340.154897,
        "end": 1674587341.0200531,
        "model": null,
        "data": null
    },
    "requirements": [
        "# 3.7.7 (default, Mar 23 2020, 22:36:06)",
        "# [GCC 7.3.0]",
        "wrapt==1.11.2",
        "typed-ast==1.4.0",
        "six==1.12.0",
        "setuptools==41.6.0",
        "pytz==2019.3",
        "python-dateutil==2.8.0",
        "pyparsing==2.4.2",
        "pylint==2.4.3",
        "numpy==1.17.3",
        "mccabe==0.6.1",
        "matplotlib==3.1.1",
        "lazy-object-proxy==1.4.3",
        "kiwisolver==1.1.0",
        "isort==4.3.21",
        "cycler==0.10.0",
        "astroid==2.3.2",
        "wheel==0.37.1",
        "urllib3==1.26.14",
        "typing-extensions==4.4.0",
        "tqdm==4.64.1",
        "toolz==0.12.0",
        "rpy2==2.9.4",
        "requests==2.28.2",
        "pynvml==11.4.1",
        "pydantic==1.10.4",
        "pyarrow==8.0.0",
        "py-rapl==0.1",
        "pip==22.3.1",
        "pandas==1.3.5",
        "orjson==3.8.5",
        "mxnet==1.9.1",
        "markupsafe==2.1.1",
        "jinja2==3.1.2",
        "idna==3.4",
        "graphviz==0.8.4",
        "gluonts==0.11.8",
        "charset-normalizer==3.0.1",
        "certifi==2022.12.7"
    ],
    "validation_pyrapl": {
        "0": {
            "start_unix": 1674590940.116696,
            "end_unix": 1674590941.020717,
            "start_utc": "2023-01-24 20:09:00",
            "end_utc": "2023-01-24 20:09:01",
            "total_duration": 0.9040210247039795,
            "nr_measurements": 19,
            "duration": {
                "min": 0.001882,
                "max": 0.050481,
                "mean": 0.04766157894736842,
                "std": 0.010791509119945763
            },
            "package-0": {
                "min": 13.06960680127524,
                "max": 103.9598204488778,
                "mean": 64.5652787583743,
                "std": 30.45482116167206
            },
            "package-0.dram": {
                "min": 2.894261424017003,
                "max": 7.0055495668143895,
                "mean": 6.143810420468851,
                "std": 1.1577976985604086
            },
            "total_power_draw": 60.924282
        },
        "total": {
            "start_unix": 1674590940.116696,
            "end_unix": 1674590941.020717,
            "nr_measurements": 19,
            "total_power_draw": 60.924282,
            "start_utc": "2023-01-24 20:09:00",
            "end_utc": "2023-01-24 20:09:01",
            "total_duration": 0.9040210247039795
        }
    },
    "validation_pynvml": {
        "0": {
            "start_unix": 1674590940.124511,
            "end_unix": 1674590940.97174,
            "start_utc": "2023-01-24 20:09:00",
            "end_utc": "2023-01-24 20:09:00",
            "total_duration": 0.84722900390625,
            "nr_measurements": 18,
            "temperature": {
                "min": 22,
                "max": 22,
                "mean": 22.0,
                "std": 0.0
            },
            "util.gpu": {
                "min": 0,
                "max": 0,
                "mean": 0.0,
                "std": 0.0
            },
            "util.memory": {
                "min": 0,
                "max": 0,
                "mean": 0.0,
                "std": 0.0
            },
            "power_usage": {
                "min": 1.45,
                "max": 2.014,
                "mean": 1.7438888888888888,
                "std": 0.18237838836663148
            },
            "memory.used": {
                "min": 16384000,
                "max": 16384000,
                "mean": 16384000.0,
                "std": 0.0
            },
            "memory.free": {
                "min": 16892231680,
                "max": 16892231680,
                "mean": 16892231680.0,
                "std": 0.0
            },
            "total_power_draw": 1.4887572229003907
        },
        "total": {
            "start_unix": 1674590940.124511,
            "end_unix": 1674590940.97174,
            "nr_measurements": 18,
            "total_power_draw": 1.4887572229003907,
            "start_utc": "2023-01-24 20:09:00",
            "end_utc": "2023-01-24 20:09:00",
            "total_duration": 0.84722900390625
        }
    },
    "full_log": "mnt_data/results_merged/infer_2023_01_24_20_09_00.tar.gz"
}