{
    "directory_name": "infer_2023_01_27_18_15_19",
    "requirements": [
        "# 3.7.7 (default, Mar 23 2020, 22:36:06)",
        "# [GCC 7.3.0]",
        "wrapt==1.11.2",
        "typed-ast==1.4.0",
        "six==1.12.0",
        "setuptools==41.6.0",
        "pytz==2019.3",
        "python-dateutil==2.8.0",
        "pyparsing==2.4.2",
        "pylint==2.4.3",
        "numpy==1.17.3",
        "mccabe==0.6.1",
        "matplotlib==3.1.1",
        "lazy-object-proxy==1.4.3",
        "kiwisolver==1.1.0",
        "isort==4.3.21",
        "cycler==0.10.0",
        "astroid==2.3.2",
        "wheel==0.37.1",
        "urllib3==1.26.14",
        "typing-extensions==4.4.0",
        "tqdm==4.64.1",
        "toolz==0.12.0",
        "rpy2==2.9.4",
        "requests==2.28.2",
        "pynvml==11.4.1",
        "pydantic==1.10.4",
        "pyarrow==8.0.0",
        "py-rapl==0.1",
        "pip==22.3.1",
        "pandas==1.3.5",
        "orjson==3.8.5",
        "mxnet==1.9.1",
        "markupsafe==2.1.1",
        "jinja2==3.1.2",
        "idna==3.4",
        "graphviz==0.8.4",
        "gluonts==0.11.8",
        "charset-normalizer==3.0.1",
        "certifi==2022.12.7"
    ],
    "validation_results": {
        "metrics": {
            "aggregated": {
                "MSE": 517534.3333333333,
                "abs_error": 16219.958984375,
                "abs_target_sum": 311100.0,
                "abs_target_mean": 10370.0,
                "seasonal_error": 688.9753918064339,
                "MASE": 0.7847381864562522,
                "MAPE": 0.05414828062057495,
                "sMAPE": 0.05311822096506755,
                "MSIS": 6.237079846905893,
                "QuantileLoss[0.1]": 8687.320703125,
                "Coverage[0.1]": 0.2,
                "QuantileLoss[0.5]": 16219.958984375,
                "Coverage[0.5]": 0.5666666666666667,
                "QuantileLoss[0.9]": 8939.59375,
                "Coverage[0.9]": 0.7666666666666667,
                "RMSE": 719.3985914173959,
                "NRMSE": 0.06937305606725129,
                "ND": 0.05213744450136612,
                "wQuantileLoss[0.1]": 0.027924528136049502,
                "wQuantileLoss[0.5]": 0.05213744450136612,
                "wQuantileLoss[0.9]": 0.02873543474766956,
                "mean_absolute_QuantileLoss": 11282.291145833333,
                "mean_wQuantileLoss": 0.036265802461695064,
                "MAE_Coverage": 0.09999999999999998,
                "OWA": NaN
            }
        },
        "start": 1674839719.989065,
        "end": 1674839720.2750883,
        "model": null,
        "data": null
    },
    "validation_pynvml": {
        "0": {
            "start_unix": 1674843319.956904,
            "end_unix": 1674843320.251858,
            "start_utc": "2023-01-27 18:15:19",
            "end_utc": "2023-01-27 18:15:20",
            "total_duration": 0.2949540615081787,
            "nr_measurements": 7,
            "temperature": {
                "min": 22,
                "max": 23,
                "mean": 22.714285714285715,
                "std": 0.45175395145262565
            },
            "util.gpu": {
                "min": 0,
                "max": 0,
                "mean": 0.0,
                "std": 0.0
            },
            "util.memory": {
                "min": 0,
                "max": 0,
                "mean": 0.0,
                "std": 0.0
            },
            "power_usage": {
                "min": 0.893,
                "max": 1.331,
                "mean": 1.189,
                "std": 0.139427400463467
            },
            "memory.used": {
                "min": 16384000,
                "max": 16384000,
                "mean": 16384000.0,
                "std": 0.0
            },
            "memory.free": {
                "min": 16892231680,
                "max": 16892231680,
                "mean": 16892231680.0,
                "std": 0.0
            },
            "total_power_draw": 0.36529511499023437
        },
        "total": {
            "start_unix": 1674843319.956904,
            "end_unix": 1674843320.251858,
            "nr_measurements": 7,
            "total_power_draw": 0.36529511499023437,
            "start_utc": "2023-01-27 18:15:19",
            "end_utc": "2023-01-27 18:15:20",
            "total_duration": 0.2949540615081787
        }
    },
    "validation_pyrapl": {
        "0": {
            "start_unix": 1674843319.949035,
            "end_unix": 1674843320.301567,
            "start_utc": "2023-01-27 18:15:19",
            "end_utc": "2023-01-27 18:15:20",
            "total_duration": 0.35253214836120605,
            "nr_measurements": 8,
            "duration": {
                "min": 0.002291,
                "max": 0.050481,
                "mean": 0.044342875000000004,
                "std": 0.01589473584585082
            },
            "package-0": {
                "min": 9.564382365779135,
                "max": 29.06267089360016,
                "mean": 19.66255987020002,
                "std": 5.833981198303113
            },
            "package-0.dram": {
                "min": 2.3841117415975557,
                "max": 6.154670231017835,
                "mean": 4.531503552944216,
                "std": 1.325146512072868
            },
            "total_power_draw": 7.461590000000001
        },
        "total": {
            "start_unix": 1674843319.949035,
            "end_unix": 1674843320.301567,
            "nr_measurements": 8,
            "total_power_draw": 7.461590000000001,
            "start_utc": "2023-01-27 18:15:19",
            "end_utc": "2023-01-27 18:15:20",
            "total_duration": 0.35253214836120605
        }
    },
    "config": {
        "dataset": "us_births_dataset",
        "model": "feed_forward",
        "output_dir": "mnt_data/results",
        "epochs": 100,
        "datadir": "mnt_data/data",
        "cpu_monitor_interval": 0.05,
        "gpu_monitor_interval": 0.05,
        "seed": 42,
        "timestamp": "2023_01_27_18_15_19",
        "lag": 9,
        "external_forecast_horizon": 30,
        "integer_conversion": true,
        "train_logdir": "mnt_data/results/train_2023_01_27_18_14_49"
    },
    "execution_platform": {
        "System": "Linux",
        "Node Name": "ls8ws022",
        "Release": "5.4.0-137-generic",
        "Version": "#154-Ubuntu SMP Thu Jan 5 17:03:22 UTC 2023",
        "Machine": "x86_64",
        "Processor": "Intel(R) Xeon(R) W-2155 CPU @ 3.30GHz"
    },
    "full_log": "mnt_data/results_merged/infer_2023_01_27_18_15_19.tar.gz"
}