{
    "directory_name": "infer_2023_01_24_17_49_22",
    "validation_results": {
        "metrics": {
            "aggregated": {
                "MSE": 9799347863678.094,
                "abs_error": 285001856.030875,
                "abs_target_sum": 18624313118.95509,
                "abs_target_mean": 43111835.923507154,
                "seasonal_error": 3404567.1653867713,
                "MASE": 0.7879561796894118,
                "MAPE": 0.11869158491467753,
                "sMAPE": 0.132253503207286,
                "MSIS": 10.253391431075544,
                "QuantileLoss[0.1]": 135757606.2934966,
                "Coverage[0.1]": 0.08564814814814814,
                "QuantileLoss[0.5]": 285001856.030875,
                "Coverage[0.5]": 0.48148148148148145,
                "QuantileLoss[0.9]": 238054657.83014864,
                "Coverage[0.9]": 0.8425925925925926,
                "RMSE": 3130391.0081135384,
                "NRMSE": 0.07261094177635478,
                "ND": 0.01530267743086919,
                "wQuantileLoss[0.1]": 0.007289267820316438,
                "wQuantileLoss[0.5]": 0.01530267743086919,
                "wQuantileLoss[0.9]": 0.012781929529946853,
                "mean_absolute_QuantileLoss": 219604706.7181734,
                "mean_wQuantileLoss": 0.011791291593710828,
                "MAE_Coverage": 0.030092592592592626,
                "OWA": NaN
            }
        },
        "start": 1674578962.8095086,
        "end": 1674579104.3319783,
        "model": null,
        "data": null
    },
    "requirements": [
        "# 3.7.7 (default, Mar 23 2020, 22:36:06)",
        "# [GCC 7.3.0]",
        "wrapt==1.11.2",
        "typed-ast==1.4.0",
        "six==1.12.0",
        "setuptools==41.6.0",
        "pytz==2019.3",
        "python-dateutil==2.8.0",
        "pyparsing==2.4.2",
        "pylint==2.4.3",
        "numpy==1.17.3",
        "mccabe==0.6.1",
        "matplotlib==3.1.1",
        "lazy-object-proxy==1.4.3",
        "kiwisolver==1.1.0",
        "isort==4.3.21",
        "cycler==0.10.0",
        "astroid==2.3.2",
        "wheel==0.37.1",
        "urllib3==1.26.14",
        "typing-extensions==4.4.0",
        "tqdm==4.64.1",
        "toolz==0.12.0",
        "rpy2==2.9.4",
        "requests==2.28.2",
        "pynvml==11.4.1",
        "pydantic==1.10.4",
        "pyarrow==8.0.0",
        "py-rapl==0.1",
        "pip==22.3.1",
        "pandas==1.3.5",
        "orjson==3.8.5",
        "mxnet==1.9.1",
        "markupsafe==2.1.1",
        "jinja2==3.1.2",
        "idna==3.4",
        "graphviz==0.8.4",
        "gluonts==0.11.8",
        "charset-normalizer==3.0.1",
        "certifi==2022.12.7"
    ],
    "config": {
        "dataset": "cif_2016_dataset",
        "model": "arima",
        "output_dir": "mnt_data/results",
        "epochs": 100,
        "datadir": "mnt_data/data",
        "cpu_monitor_interval": 0.05,
        "gpu_monitor_interval": 0.05,
        "seed": 42,
        "timestamp": "2023_01_24_17_49_22",
        "lag": 15,
        "external_forecast_horizon": 6,
        "train_logdir": "mnt_data/results/train_2023_01_24_17_49_21"
    },
    "execution_platform": {
        "System": "Linux",
        "Node Name": "ls8ws022",
        "Release": "5.4.0-137-generic",
        "Version": "#154-Ubuntu SMP Thu Jan 5 17:03:22 UTC 2023",
        "Machine": "x86_64",
        "Processor": "Intel(R) Xeon(R) W-2155 CPU @ 3.30GHz"
    },
    "validation_pyrapl": {
        "0": {
            "start_unix": 1674582562.769241,
            "end_unix": 1674582704.364905,
            "start_utc": "2023-01-24 17:49:22",
            "end_utc": "2023-01-24 17:51:44",
            "total_duration": 141.59566402435303,
            "nr_measurements": 2808,
            "duration": {
                "min": 0.002051,
                "max": 0.050498,
                "mean": 0.05042650142450142,
                "std": 0.0009167514727659201
            },
            "package-0": {
                "min": 13.510482691370063,
                "max": 61.63126188966392,
                "mean": 46.86326601571363,
                "std": 2.3864379016498045
            },
            "package-0.dram": {
                "min": 2.700146270112141,
                "max": 7.852448300451629,
                "mean": 6.865129659434839,
                "std": 0.16879243891645454
            },
            "total_power_draw": 6637.353919000014
        },
        "total": {
            "start_unix": 1674582562.769241,
            "end_unix": 1674582704.364905,
            "nr_measurements": 2808,
            "total_power_draw": 6637.353919000014,
            "start_utc": "2023-01-24 17:49:22",
            "end_utc": "2023-01-24 17:51:44",
            "total_duration": 141.59566402435303
        }
    },
    "validation_pynvml": {
        "0": {
            "start_unix": 1674582562.776387,
            "end_unix": 1674582704.29913,
            "start_utc": "2023-01-24 17:49:22",
            "end_utc": "2023-01-24 17:51:44",
            "total_duration": 141.52274298667908,
            "nr_measurements": 2806,
            "temperature": {
                "min": 22,
                "max": 22,
                "mean": 22.0,
                "std": 0.0
            },
            "util.gpu": {
                "min": 0,
                "max": 0,
                "mean": 0.0,
                "std": 0.0
            },
            "util.memory": {
                "min": 0,
                "max": 0,
                "mean": 0.0,
                "std": 0.0
            },
            "power_usage": {
                "min": 1.0,
                "max": 2.209,
                "mean": 1.4470374198146831,
                "std": 0.16664925872955536
            },
            "memory.used": {
                "min": 16384000,
                "max": 16384000,
                "mean": 16384000.0,
                "std": 0.0
            },
            "memory.free": {
                "min": 16892231680,
                "max": 16892231680,
                "mean": 16892231680.0,
                "std": 0.0
            },
            "total_power_draw": 204.79979105468686
        },
        "total": {
            "start_unix": 1674582562.776387,
            "end_unix": 1674582704.29913,
            "nr_measurements": 2806,
            "total_power_draw": 204.79979105468686,
            "start_utc": "2023-01-24 17:49:22",
            "end_utc": "2023-01-24 17:51:44",
            "total_duration": 141.52274298667908
        }
    },
    "full_log": "mnt_data/results_merged/infer_2023_01_24_17_49_22.tar.gz"
}