{
    "directory_name": "infer_2023_06_22_03_20_42",
    "execution_platform": {
        "System": "Linux",
        "Node Name": "lamarrws03",
        "Release": "5.19.0-35-generic",
        "Version": "#36~22.04.1-Ubuntu SMP PREEMPT_DYNAMIC Fri Feb 17 15:17:25 UTC 2",
        "Machine": "x86_64",
        "Processor": "Intel(R) Core(TM) i7-6700 CPU @ 3.40GHz",
        "Physical cores": 4,
        "Total cores": 8,
        "Max Frequency": 4000.0,
        "Min Frequency": 800.0,
        "Current Frequency": 2456.405625,
        "Total": 33542766592,
        "Available": 30622195712,
        "Used": 2378887168
    },
    "validation_results": {
        "metrics": {
            "aggregated": {
                "MSE": NaN,
                "abs_error": 4054214291.5,
                "abs_target_sum": 21209029.0,
                "abs_target_mean": 2657.77305764411,
                "seasonal_error": 12.825281435633281,
                "MASE": Infinity,
                "MAPE": 2164.5423453205226,
                "sMAPE": 1.8260429471556903,
                "MSIS": Infinity,
                "QuantileLoss[0.1]": 7022722218.2578125,
                "Coverage[0.1]": 0.969548872180451,
                "QuantileLoss[0.5]": 4054214220.3515625,
                "Coverage[0.5]": 0.969548872180451,
                "QuantileLoss[0.9]": 1085706222.4453125,
                "Coverage[0.9]": 0.969548872180451,
                "RMSE": NaN,
                "NRMSE": NaN,
                "ND": 191.15511094355145,
                "wQuantileLoss[0.1]": 331.1194594650143,
                "wQuantileLoss[0.5]": 191.1551075889218,
                "wQuantileLoss[0.9]": 51.19075571282931,
                "mean_absolute_QuantileLoss": 4054214220.3515625,
                "mean_wQuantileLoss": 191.15510758892182,
                "MAE_Coverage": 0.46954887218045105,
                "OWA": NaN
            },
            "contained_nan": false
        },
        "start": 1687396842.64769,
        "end": 1687396842.451275,
        "num_samples": 100,
        "model": {}
    },
    "emissions": {
        "timestamp": {
            "0": "2023-06-22T03:20:46"
        },
        "project_name": {
            "0": "codecarbon"
        },
        "run_id": {
            "0": "977cc097-d70f-4336-a1e7-efc7d58b2928"
        },
        "duration": {
            "0": 0.0722877979278564
        },
        "emissions": {
            "0": 1.433405646038272e-07
        },
        "emissions_rate": {
            "0": 1.982915079898847e-06
        },
        "cpu_power": {
            "0": 8.62285342020123
        },
        "gpu_power": {
            "0": 0.0
        },
        "ram_power": {
            "0": 11.714675903320314
        },
        "cpu_energy": {
            "0": 1.7232236007580506e-07
        },
        "gpu_energy": {
            "0": 0
        },
        "ram_energy": {
            "0": 2.322322184621347e-07
        },
        "energy_consumed": {
            "0": 4.045545785379397e-07
        },
        "country_name": {
            "0": "Germany"
        },
        "country_iso_code": {
            "0": "DEU"
        },
        "region": {
            "0": NaN
        },
        "cloud_provider": {
            "0": NaN
        },
        "cloud_region": {
            "0": NaN
        },
        "os": {
            "0": "Linux-5.19.0-35-generic-x86_64-with-debian-bookworm-sid"
        },
        "python_version": {
            "0": "3.7.12"
        },
        "codecarbon_version": {
            "0": "2.2.3"
        },
        "cpu_count": {
            "0": 8
        },
        "cpu_model": {
            "0": "Intel(R) Core(TM) i7-6700 CPU @ 3.40GHz"
        },
        "gpu_count": {
            "0": NaN
        },
        "gpu_model": {
            "0": NaN
        },
        "longitude": {
            "0": NaN
        },
        "latitude": {
            "0": NaN
        },
        "ram_total_size": {
            "0": 31.2391357421875
        },
        "tracking_mode": {
            "0": "machine"
        },
        "on_cloud": {
            "0": "N"
        },
        "pue": {
            "0": 1.0
        }
    },
    "requirements": [
        "# 3.7.12 | packaged by conda-forge | (default, Oct 26 2021, 06:08:21)",
        "# [GCC 9.4.0]",
        "wrapt==1.11.2",
        "typed-ast==1.4.0",
        "six==1.12.0",
        "setuptools==41.6.0",
        "pytz==2019.3",
        "python-dateutil==2.8.0",
        "pyparsing==2.4.2",
        "pylint==2.4.3",
        "mccabe==0.6.1",
        "matplotlib==3.1.1",
        "lazy-object-proxy==1.4.3",
        "kiwisolver==1.1.0",
        "isort==4.3.21",
        "cycler==0.10.0",
        "astroid==2.3.2",
        "zipp==3.15.0",
        "wheel==0.40.0",
        "werkzeug==2.2.3",
        "urllib3==1.26.16",
        "typing-extensions==4.6.3",
        "tqdm==4.65.0",
        "toolz==0.12.0",
        "termcolor==2.3.0",
        "tensorflow==2.11.0",
        "tensorflow-io-gcs-filesystem==0.32.0",
        "tensorflow-estimator==2.11.0",
        "tensorboard==2.11.2",
        "tensorboard-plugin-wit==1.8.1",
        "tensorboard-data-server==0.6.1",
        "rsa==4.9",
        "requests==2.31.0",
        "requests-oauthlib==1.3.1",
        "pynvml==11.5.0",
        "pydantic==1.10.9",
        "pyasn1==0.5.0",
        "pyasn1-modules==0.3.0",
        "py-cpuinfo==9.0.0",
        "psutil==5.9.5",
        "protobuf==3.19.6",
        "pip==23.1.2",
        "pandas==1.3.5",
        "packaging==23.1",
        "opt-einsum==3.3.0",
        "oauthlib==3.2.2",
        "numpy==1.21.6",
        "markupsafe==2.1.3",
        "markdown==3.4.3",
        "libclang==16.0.0",
        "kt-legacy==1.0.5",
        "keras==2.11.0",
        "keras-tuner==1.3.5",
        "importlib-metadata==6.6.0",
        "idna==3.4",
        "h5py==3.8.0",
        "grpcio==1.54.2",
        "google-pasta==0.2.0",
        "google-auth==2.20.0",
        "google-auth-oauthlib==0.4.6",
        "gluonts==0.13.2",
        "gast==0.4.0",
        "fuzzywuzzy==0.18.0",
        "flatbuffers==23.5.26",
        "codecarbon==2.2.3",
        "click==8.1.3",
        "charset-normalizer==3.1.0",
        "certifi==2023.5.7",
        "cachetools==5.3.1",
        "autokeras==1.0.20",
        "astunparse==1.6.3",
        "arrow==1.2.3",
        "absl-py==1.4.0"
    ],
    "config": {
        "dataset": "covid_deaths_dataset",
        "model": "autokeras",
        "output_dir": "mnt_data/autokeras/",
        "ds_seed": -1,
        "epochs": 100,
        "datadir": "mnt_data/data",
        "cpu_monitor_interval": 0.5,
        "seed": 42,
        "timestamp": "2023_06_22_03_20_42",
        "lag": 9,
        "external_forecast_horizon": 30,
        "integer_conversion": true,
        "train_logdir": "mnt_data/autokeras/train_2023_06_22_02_00_42"
    },
    "full_log": "results/merged_autokeras/infer_2023_06_22_03_20_42.tar.gz"
}