{
    "directory_name": "infer_2024_01_26_17_55_48",
    "validation_results": {
        "metrics": {
            "aggregated": {
                "MSE": 29.507627827898624,
                "abs_error": 21704.983142375946,
                "abs_target_sum": 60959.77756977081,
                "abs_target_mean": 9.769195123360706,
                "seasonal_error": 0.7523970612951941,
                "MASE": 5.059729889986871,
                "MAPE": 0.4859438396942539,
                "sMAPE": 0.36775820116058755,
                "MSIS": 202.38919525319457,
                "QuantileLoss[0.1]": 16573.000405085088,
                "Coverage[0.1]": 0.5243589743589744,
                "QuantileLoss[0.5]": 21704.983049213886,
                "Coverage[0.5]": 0.5243589743589744,
                "QuantileLoss[0.9]": 26836.965693342685,
                "Coverage[0.9]": 0.5243589743589744,
                "RMSE": 5.432092398689351,
                "NRMSE": 0.55604298308054,
                "ND": 0.3560541722373209,
                "wQuantileLoss[0.1]": 0.27186779653381526,
                "wQuantileLoss[0.5]": 0.35605417070906625,
                "wQuantileLoss[0.9]": 0.4402405448843173,
                "mean_absolute_QuantileLoss": 21704.983049213886,
                "mean_wQuantileLoss": 0.3560541707090663,
                "MAE_Coverage": 0.2747863247863248,
                "OWA": NaN
            },
            "contained_nan": false
        },
        "start": 1706288148.9116683,
        "end": 1706288162.0181177,
        "num_samples": 100,
        "model": {
            "params": 28704,
            "fsize": 56
        }
    },
    "requirements": [
        "# 3.7.12 | packaged by conda-forge | (default, Oct 26 2021, 06:08:21)",
        "# [GCC 9.4.0]",
        "wrapt==1.11.2",
        "typed-ast==1.4.0",
        "six==1.12.0",
        "setuptools==41.6.0",
        "pytz==2019.3",
        "python-dateutil==2.8.0",
        "pyparsing==2.4.2",
        "pylint==2.4.3",
        "mccabe==0.6.1",
        "matplotlib==3.1.1",
        "lazy-object-proxy==1.4.3",
        "kiwisolver==1.1.0",
        "isort==4.3.21",
        "cycler==0.10.0",
        "astroid==2.3.2",
        "zipp==3.15.0",
        "wheel==0.40.0",
        "werkzeug==2.2.3",
        "urllib3==1.26.16",
        "typing-extensions==4.6.3",
        "tqdm==4.65.0",
        "toolz==0.12.0",
        "termcolor==2.3.0",
        "tensorflow==2.11.0",
        "tensorflow-io-gcs-filesystem==0.32.0",
        "tensorflow-estimator==2.11.0",
        "tensorboard==2.11.2",
        "tensorboard-plugin-wit==1.8.1",
        "tensorboard-data-server==0.6.1",
        "rsa==4.9",
        "requests==2.31.0",
        "requests-oauthlib==1.3.1",
        "pynvml==11.5.0",
        "pydantic==1.10.9",
        "pyasn1==0.5.0",
        "pyasn1-modules==0.3.0",
        "py-cpuinfo==9.0.0",
        "psutil==5.9.5",
        "protobuf==3.19.6",
        "pip==23.1.2",
        "pandas==1.3.5",
        "packaging==23.1",
        "opt-einsum==3.3.0",
        "oauthlib==3.2.2",
        "numpy==1.21.6",
        "markupsafe==2.1.3",
        "markdown==3.4.3",
        "libclang==16.0.0",
        "kt-legacy==1.0.5",
        "keras==2.11.0",
        "keras-tuner==1.3.5",
        "importlib-metadata==6.6.0",
        "idna==3.4",
        "h5py==3.8.0",
        "grpcio==1.54.2",
        "google-pasta==0.2.0",
        "google-auth==2.20.0",
        "google-auth-oauthlib==0.4.6",
        "gluonts==0.13.2",
        "gast==0.4.0",
        "fuzzywuzzy==0.18.0",
        "flatbuffers==23.5.26",
        "codecarbon==2.2.3",
        "click==8.1.3",
        "charset-normalizer==3.1.0",
        "certifi==2023.5.7",
        "cachetools==5.3.1",
        "autokeras==1.0.20",
        "astunparse==1.6.3",
        "arrow==1.2.3",
        "absl-py==1.4.0"
    ],
    "execution_platform": {
        "System": "Linux",
        "Node Name": "lamarrws03",
        "Release": "6.5.0-14-generic",
        "Version": "#14~22.04.1-Ubuntu SMP PREEMPT_DYNAMIC Mon Nov 20 18:15:30 UTC 2",
        "Machine": "x86_64",
        "Processor": "Intel(R) Core(TM) i7-6700 CPU @ 3.40GHz",
        "Physical cores": 4,
        "Total cores": 8,
        "Max Frequency": 4000.0,
        "Min Frequency": 800.0,
        "Current Frequency": 2095.678,
        "Total": 33525604352,
        "Available": 31771619328,
        "Used": 1262325760
    },
    "emissions": {
        "timestamp": {
            "0": "2024-01-26T17:56:01"
        },
        "project_name": {
            "0": "codecarbon"
        },
        "run_id": {
            "0": "c57b8c9d-e2bb-40a6-ad38-74f688cdfa1c"
        },
        "duration": {
            "0": 11.775185108184814
        },
        "emissions": {
            "0": 2.815678626932889e-05
        },
        "emissions_rate": {
            "0": 2.391196912034732e-06
        },
        "cpu_power": {
            "0": 13.66226126434714
        },
        "gpu_power": {
            "0": 0.0
        },
        "ram_power": {
            "0": 11.7086820602417
        },
        "cpu_energy": {
            "0": 4.229260966739576e-05
        },
        "gpu_energy": {
            "0": 0
        },
        "ram_energy": {
            "0": 3.717517276847067e-05
        },
        "energy_consumed": {
            "0": 7.946778243586644e-05
        },
        "country_name": {
            "0": "Germany"
        },
        "country_iso_code": {
            "0": "DEU"
        },
        "region": {
            "0": NaN
        },
        "cloud_provider": {
            "0": NaN
        },
        "cloud_region": {
            "0": NaN
        },
        "os": {
            "0": "Linux-6.5.0-14-generic-x86_64-with-debian-bookworm-sid"
        },
        "python_version": {
            "0": "3.7.12"
        },
        "codecarbon_version": {
            "0": "2.2.3"
        },
        "cpu_count": {
            "0": 8
        },
        "cpu_model": {
            "0": "Intel(R) Core(TM) i7-6700 CPU @ 3.40GHz"
        },
        "gpu_count": {
            "0": NaN
        },
        "gpu_model": {
            "0": NaN
        },
        "longitude": {
            "0": NaN
        },
        "latitude": {
            "0": NaN
        },
        "ram_total_size": {
            "0": 31.22315216064453
        },
        "tracking_mode": {
            "0": "machine"
        },
        "on_cloud": {
            "0": "N"
        },
        "pue": {
            "0": 1.0
        }
    },
    "config": {
        "dataset": "traffic_weekly_dataset",
        "model": "autokeras",
        "output_dir": "mnt_data/autokeras",
        "ds_seed": -1,
        "epochs": 100,
        "datadir": "mnt_data/data",
        "cpu_monitor_interval": 0.5,
        "seed": 42,
        "timestamp": "2024_01_26_17_55_48",
        "lag": 65,
        "external_forecast_horizon": 8,
        "train_logdir": "mnt_data/autokeras/train_2024_01_26_17_37_41"
    },
    "full_log": "results/merged_autokeras/infer_2024_01_26_17_55_48.tar.gz"
}