{
    "top_1_acc": {
        "running_time": [
            12.5,
            25.0,
            8.333333333333332,
            11.11111111111111,
            5.555555555555555
        ],
        "power_draw": [
            0.0,
            4.166666666666666,
            8.333333333333332,
            11.11111111111111,
            5.555555555555555
        ],
        "RMSE": [
            29.166666666666668,
            12.5,
            33.33333333333333,
            27.77777777777778,
            22.22222222222222
        ],
        "MAPE": [
            45.83333333333333,
            4.166666666666666,
            12.5,
            11.11111111111111,
            27.77777777777778
        ],
        "MASE": [
            20.833333333333336,
            25.0,
            12.5,
            5.555555555555555,
            11.11111111111111
        ],
        "parameters": [
            100.0,
            100.0,
            100.0,
            100.0,
            100.0
        ],
        "fsize": [
            100.0,
            100.0,
            100.0,
            100.0,
            100.0
        ],
        "train_running_time": [
            41.66666666666667,
            66.66666666666666,
            66.66666666666666,
            44.44444444444444,
            61.111111111111114
        ],
        "train_power_draw": [
            41.66666666666667,
            70.83333333333334,
            66.66666666666666,
            50.0,
            66.66666666666666
        ]
    },
    "top_k_acc": {
        "running_time": [
            29.166666666666668,
            45.83333333333333,
            50.0,
            44.44444444444444,
            44.44444444444444
        ],
        "power_draw": [
            33.33333333333333,
            37.5,
            37.5,
            61.111111111111114,
            38.88888888888889
        ],
        "RMSE": [
            75.0,
            62.5,
            91.66666666666666,
            72.22222222222221,
            83.33333333333334
        ],
        "MAPE": [
            87.5,
            62.5,
            83.33333333333334,
            88.88888888888889,
            100.0
        ],
        "MASE": [
            91.66666666666666,
            83.33333333333334,
            75.0,
            44.44444444444444,
            72.22222222222221
        ],
        "parameters": [
            100.0,
            100.0,
            100.0,
            100.0,
            100.0
        ],
        "fsize": [
            100.0,
            100.0,
            100.0,
            100.0,
            100.0
        ],
        "train_running_time": [
            100.0,
            95.83333333333334,
            91.66666666666666,
            100.0,
            94.44444444444444
        ],
        "train_power_draw": [
            100.0,
            95.83333333333334,
            91.66666666666666,
            100.0,
            94.44444444444444
        ]
    },
    "top_k_overlap": {
        "running_time": [
            2.1666666666666665,
            2.1666666666666665,
            2.3333333333333335,
            2.1666666666666665,
            2.388888888888889
        ],
        "power_draw": [
            2.125,
            2.0416666666666665,
            2.4166666666666665,
            2.4444444444444446,
            2.0
        ],
        "RMSE": [
            3.4583333333333335,
            3.125,
            3.2916666666666665,
            3.388888888888889,
            3.5555555555555554
        ],
        "MAPE": [
            3.4166666666666665,
            2.75,
            4.0,
            3.3333333333333335,
            3.6666666666666665
        ],
        "MASE": [
            3.4166666666666665,
            3.625,
            3.6666666666666665,
            3.3333333333333335,
            3.5555555555555554
        ],
        "parameters": [
            4.083333333333333,
            4.5,
            4.041666666666667,
            4.333333333333333,
            4.666666666666667
        ],
        "fsize": [
            4.291666666666667,
            4.958333333333333,
            3.9583333333333335,
            4.333333333333333,
            4.888888888888889
        ],
        "train_running_time": [
            4.291666666666667,
            3.7916666666666665,
            4.041666666666667,
            3.5555555555555554,
            3.8333333333333335
        ],
        "train_power_draw": [
            4.291666666666667,
            4.041666666666667,
            4.166666666666667,
            3.8333333333333335,
            3.7777777777777777
        ]
    },
    "pred_error": {
        "running_time": [
            0.05126553382518839,
            0.05252591804350726,
            0.057504505370756465,
            0.05046785477975779,
            0.052451942232272786
        ],
        "power_draw": [
            0.10054404066017897,
            0.09736412206639455,
            0.09987330496667257,
            0.09522516126095217,
            0.09910161068774737
        ],
        "RMSE": [
            0.21010556921182824,
            0.26535512501012537,
            0.21402348121264372,
            0.1588628032856646,
            0.22481428359052913
        ],
        "MAPE": [
            0.1867910605090052,
            0.2758192411623605,
            0.2621670688200204,
            0.13188944192763977,
            0.14477269497938106
        ],
        "MASE": [
            0.20702960449630883,
            0.3495518691841317,
            0.3583199558920061,
            0.41493853621599924,
            0.3145658193723211
        ],
        "parameters": [
            0.007678172415261489,
            0.003959760273972619,
            0.0,
            0.01305719936764698,
            0.0
        ],
        "fsize": [
            0.0011713025980880827,
            0.0,
            0.0,
            0.0021134680022253196,
            0.002638490926456516
        ],
        "train_running_time": [
            0.2644323174640158,
            0.20270635445991844,
            0.2480600359791566,
            0.277478777825271,
            0.2543222727728567
        ],
        "train_power_draw": [
            0.25355464243023784,
            0.1916994447728081,
            0.244034689167741,
            0.26077938290061825,
            0.2371933383312298
        ]
    },
    "pred_thresholderror_acc": {
        "running_time": [
            100.0,
            100.0,
            100.0,
            100.0,
            100.0
        ],
        "power_draw": [
            0.0,
            100.0,
            100.0,
            100.0,
            100.0
        ],
        "RMSE": [
            8.333333333333332,
            4.166666666666666,
            8.333333333333332,
            33.33333333333333,
            0.0
        ],
        "MAPE": [
            4.166666666666666,
            12.5,
            12.5,
            55.55555555555556,
            16.666666666666664
        ],
        "MASE": [
            25.0,
            25.0,
            8.333333333333332,
            0.0,
            11.11111111111111
        ],
        "parameters": [
            100.0,
            100.0,
            100.0,
            100.0,
            100.0
        ],
        "fsize": [
            100.0,
            100.0,
            100.0,
            100.0,
            100.0
        ],
        "train_running_time": [
            25.0,
            37.5,
            20.833333333333336,
            38.88888888888889,
            16.666666666666664
        ],
        "train_power_draw": [
            29.166666666666668,
            37.5,
            29.166666666666668,
            50.0,
            16.666666666666664
        ]
    }
}