{
    "top_1_acc": {
        "compound_index": [
            30.0,
            5.263157894736842,
            33.33333333333333,
            0.0,
            26.666666666666668
        ],
        "running_time": [
            20.0,
            15.789473684210526,
            6.666666666666667,
            6.666666666666667,
            6.666666666666667
        ],
        "parameters": [
            100.0,
            100.0,
            100.0,
            100.0,
            66.66666666666666
        ],
        "RMSE": [
            25.0,
            15.789473684210526,
            60.0,
            13.333333333333334,
            20.0
        ]
    },
    "top_k_acc": {
        "compound_index": [
            90.0,
            52.63157894736842,
            80.0,
            60.0,
            46.666666666666664
        ],
        "running_time": [
            35.0,
            47.368421052631575,
            40.0,
            40.0,
            53.333333333333336
        ],
        "parameters": [
            100.0,
            100.0,
            100.0,
            100.0,
            100.0
        ],
        "RMSE": [
            75.0,
            47.368421052631575,
            93.33333333333333,
            93.33333333333333,
            86.66666666666667
        ]
    },
    "top_k_overlap": {
        "compound_index": [
            3.35,
            2.9473684210526314,
            3.4,
            2.8666666666666667,
            3.066666666666667
        ],
        "running_time": [
            2.35,
            2.1578947368421053,
            2.4,
            2.1333333333333333,
            2.1333333333333333
        ],
        "parameters": [
            4.25,
            4.7894736842105265,
            4.0,
            4.666666666666667,
            3.6666666666666665
        ],
        "RMSE": [
            3.55,
            3.210526315789474,
            3.8666666666666667,
            4.0,
            3.4
        ]
    },
    "pred_error": {
        "compound_index": [
            0.12048345201719235,
            0.31686095042210294,
            0.16739378425419857,
            0.13595296496440082,
            0.16884755520616831
        ],
        "running_time": [
            0.0470973301217118,
            0.047636100920185775,
            0.054211195150011715,
            0.04998725703253892,
            0.05056383374262241
        ],
        "parameters": [
            0.0008219178082191636,
            0.012219178360777794,
            0.00015410958904112557,
            0.0,
            0.009760273972602485
        ],
        "RMSE": [
            0.19552890546288543,
            0.3351053100374296,
            0.19209838268985818,
            0.16061581321373264,
            0.27016992799394146
        ]
    },
    "pred_thresholderror_acc": {
        "compound_index": [
            50.0,
            26.31578947368421,
            66.66666666666666,
            46.666666666666664,
            13.333333333333334
        ],
        "running_time": [
            100.0,
            100.0,
            100.0,
            100.0,
            100.0
        ],
        "parameters": [
            100.0,
            100.0,
            100.0,
            100.0,
            100.0
        ],
        "RMSE": [
            20.0,
            5.263157894736842,
            13.333333333333334,
            20.0,
            13.333333333333334
        ]
    }
}