{
    "directory_name": "infer_2024_01_26_13_31_09",
    "config": {
        "dataset": "nn5_daily_dataset_without_missing_values",
        "model": "autokeras",
        "output_dir": "mnt_data/autokeras",
        "ds_seed": -1,
        "epochs": 100,
        "datadir": "mnt_data/data",
        "cpu_monitor_interval": 0.5,
        "seed": 42,
        "timestamp": "2024_01_26_13_31_09",
        "lag": 9,
        "train_logdir": "mnt_data/autokeras/train_2024_01_26_12_35_52"
    },
    "validation_results": {
        "metrics": {
            "aggregated": {
                "MSE": 127.56298547300439,
                "abs_error": 49227.447814941406,
                "abs_target_sum": 120931.51168823242,
                "abs_target_mean": 19.454876397720792,
                "seasonal_error": 6.58155905720786,
                "MASE": 1.2124255631249277,
                "MAPE": 0.7186876180470058,
                "sMAPE": 0.4275754901893351,
                "MSIS": 48.49702191179938,
                "QuantileLoss[0.1]": 23976.93433961868,
                "Coverage[0.1]": 0.34459459459459457,
                "QuantileLoss[0.5]": 49227.44762659073,
                "Coverage[0.5]": 0.34459459459459457,
                "QuantileLoss[0.9]": 74477.96091356277,
                "Coverage[0.9]": 0.34459459459459457,
                "RMSE": 11.294378489895069,
                "NRMSE": 0.5805422897067722,
                "ND": 0.4070688204233506,
                "wQuantileLoss[0.1]": 0.19826870602124314,
                "wQuantileLoss[0.5]": 0.40706881886585183,
                "wQuantileLoss[0.9]": 0.6158689317104605,
                "mean_absolute_QuantileLoss": 49227.44762659073,
                "mean_wQuantileLoss": 0.4070688188658518,
                "MAE_Coverage": 0.3184684684684685,
                "OWA": NaN
            },
            "contained_nan": false
        },
        "start": 1706272269.835435,
        "end": 1706272319.7880049,
        "num_samples": 100,
        "model": {
            "params": 94304,
            "fsize": 392
        }
    },
    "emissions": {
        "timestamp": {
            "0": "2024-01-26T13:31:59"
        },
        "project_name": {
            "0": "codecarbon"
        },
        "run_id": {
            "0": "aa8f0803-d768-4401-b034-88461d516c09"
        },
        "duration": {
            "0": 48.65554332733154
        },
        "emissions": {
            "0": 0.0001135236121343
        },
        "emissions_rate": {
            "0": 2.333210244320832e-06
        },
        "cpu_power": {
            "0": 12.174993024670234
        },
        "gpu_power": {
            "0": 0.0
        },
        "ram_power": {
            "0": 11.7086820602417
        },
        "cpu_energy": {
            "0": 0.0001632005658381
        },
        "gpu_energy": {
            "0": 0
        },
        "ram_energy": {
            "0": 0.0001572006910429
        },
        "energy_consumed": {
            "0": 0.000320401256881
        },
        "country_name": {
            "0": "Germany"
        },
        "country_iso_code": {
            "0": "DEU"
        },
        "region": {
            "0": NaN
        },
        "cloud_provider": {
            "0": NaN
        },
        "cloud_region": {
            "0": NaN
        },
        "os": {
            "0": "Linux-6.5.0-14-generic-x86_64-with-debian-bookworm-sid"
        },
        "python_version": {
            "0": "3.7.12"
        },
        "codecarbon_version": {
            "0": "2.2.3"
        },
        "cpu_count": {
            "0": 8
        },
        "cpu_model": {
            "0": "Intel(R) Core(TM) i7-6700 CPU @ 3.40GHz"
        },
        "gpu_count": {
            "0": NaN
        },
        "gpu_model": {
            "0": NaN
        },
        "longitude": {
            "0": NaN
        },
        "latitude": {
            "0": NaN
        },
        "ram_total_size": {
            "0": 31.22315216064453
        },
        "tracking_mode": {
            "0": "machine"
        },
        "on_cloud": {
            "0": "N"
        },
        "pue": {
            "0": 1.0
        }
    },
    "execution_platform": {
        "System": "Linux",
        "Node Name": "lamarrws03",
        "Release": "6.5.0-14-generic",
        "Version": "#14~22.04.1-Ubuntu SMP PREEMPT_DYNAMIC Mon Nov 20 18:15:30 UTC 2",
        "Machine": "x86_64",
        "Processor": "Intel(R) Core(TM) i7-6700 CPU @ 3.40GHz",
        "Physical cores": 4,
        "Total cores": 8,
        "Max Frequency": 4000.0,
        "Min Frequency": 800.0,
        "Current Frequency": 2215.028875,
        "Total": 33525604352,
        "Available": 31101177856,
        "Used": 1932820480
    },
    "requirements": [
        "# 3.7.12 | packaged by conda-forge | (default, Oct 26 2021, 06:08:21)",
        "# [GCC 9.4.0]",
        "wrapt==1.11.2",
        "typed-ast==1.4.0",
        "six==1.12.0",
        "setuptools==41.6.0",
        "pytz==2019.3",
        "python-dateutil==2.8.0",
        "pyparsing==2.4.2",
        "pylint==2.4.3",
        "mccabe==0.6.1",
        "matplotlib==3.1.1",
        "lazy-object-proxy==1.4.3",
        "kiwisolver==1.1.0",
        "isort==4.3.21",
        "cycler==0.10.0",
        "astroid==2.3.2",
        "zipp==3.15.0",
        "wheel==0.40.0",
        "werkzeug==2.2.3",
        "urllib3==1.26.16",
        "typing-extensions==4.6.3",
        "tqdm==4.65.0",
        "toolz==0.12.0",
        "termcolor==2.3.0",
        "tensorflow==2.11.0",
        "tensorflow-io-gcs-filesystem==0.32.0",
        "tensorflow-estimator==2.11.0",
        "tensorboard==2.11.2",
        "tensorboard-plugin-wit==1.8.1",
        "tensorboard-data-server==0.6.1",
        "rsa==4.9",
        "requests==2.31.0",
        "requests-oauthlib==1.3.1",
        "pynvml==11.5.0",
        "pydantic==1.10.9",
        "pyasn1==0.5.0",
        "pyasn1-modules==0.3.0",
        "py-cpuinfo==9.0.0",
        "psutil==5.9.5",
        "protobuf==3.19.6",
        "pip==23.1.2",
        "pandas==1.3.5",
        "packaging==23.1",
        "opt-einsum==3.3.0",
        "oauthlib==3.2.2",
        "numpy==1.21.6",
        "markupsafe==2.1.3",
        "markdown==3.4.3",
        "libclang==16.0.0",
        "kt-legacy==1.0.5",
        "keras==2.11.0",
        "keras-tuner==1.3.5",
        "importlib-metadata==6.6.0",
        "idna==3.4",
        "h5py==3.8.0",
        "grpcio==1.54.2",
        "google-pasta==0.2.0",
        "google-auth==2.20.0",
        "google-auth-oauthlib==0.4.6",
        "gluonts==0.13.2",
        "gast==0.4.0",
        "fuzzywuzzy==0.18.0",
        "flatbuffers==23.5.26",
        "codecarbon==2.2.3",
        "click==8.1.3",
        "charset-normalizer==3.1.0",
        "certifi==2023.5.7",
        "cachetools==5.3.1",
        "autokeras==1.0.20",
        "astunparse==1.6.3",
        "arrow==1.2.3",
        "absl-py==1.4.0"
    ],
    "full_log": "results/merged_autokeras/infer_2024_01_26_13_31_09.tar.gz"
}