{
    "directory_name": "infer_2023_03_18_20_29_54",
    "validation_results": {
        "metrics": {
            "aggregated": {
                "MSE": 776818.7011473317,
                "abs_error": 1564952.353149414,
                "abs_target_sum": 15831734.537109375,
                "abs_target_mean": 5235.361950102307,
                "seasonal_error": 446.3555081813809,
                "MASE": 1.3524573098691937,
                "MAPE": 0.12740255670286912,
                "sMAPE": 0.10933934858502456,
                "MSIS": 17.75404051205323,
                "QuantileLoss[0.1]": 990497.6298095704,
                "Coverage[0.1]": 0.10416666666666667,
                "QuantileLoss[0.5]": 1564952.3493652344,
                "Coverage[0.5]": 0.46924603174603174,
                "QuantileLoss[0.9]": 894810.7377319336,
                "Coverage[0.9]": 0.8756613756613757,
                "RMSE": 881.3731906220722,
                "NRMSE": 0.16835000120762403,
                "ND": 0.09884907743249399,
                "wQuantileLoss[0.1]": 0.06256406254714902,
                "wQuantileLoss[0.5]": 0.09884907719346904,
                "wQuantileLoss[0.9]": 0.05652006958773274,
                "mean_absolute_QuantileLoss": 1150086.9056355795,
                "mean_wQuantileLoss": 0.07264440310945026,
                "MAE_Coverage": 0.019753086419753083,
                "OWA": NaN
            },
            "contained_nan": false
        },
        "start": 1679167794.671727,
        "end": 1679167796.134076,
        "num_samples": 100,
        "model": {
            "params": 13483,
            "fsize": 56805
        }
    },
    "prediction_net-network": {
        "__kind__": "instance",
        "args": [],
        "class": "gluonts.mx.model.simple_feedforward._network.SimpleFeedForwardSamplingNetwork",
        "kwargs": {
            "batch_normalization": false,
            "context_length": 5,
            "distr_output": {
                "__kind__": "instance",
                "args": [],
                "class": "gluonts.mx.distribution.student_t.StudentTOutput",
                "kwargs": {}
            },
            "mean_scaling": true,
            "num_hidden_dimensions": [
                40,
                40
            ],
            "num_parallel_samples": 100,
            "prediction_length": 8
        }
    },
    "emissions": {
        "timestamp": {
            "0": "2023-03-18T20:29:56"
        },
        "project_name": {
            "0": "codecarbon"
        },
        "run_id": {
            "0": "050eb84f-4dea-4c85-b097-42d12e01285d"
        },
        "duration": {
            "0": 0.0068323612213134
        },
        "emissions": {
            "0": 2.0362658512485944e-08
        },
        "emissions_rate": {
            "0": 0.0029803252276774
        },
        "cpu_power": {
            "0": 34.200590311418935
        },
        "gpu_power": {
            "0": 0.959
        },
        "ram_power": {
            "0": 23.43553590774536
        },
        "cpu_energy": {
            "0": 6.0797548634417e-08
        },
        "gpu_energy": {
            "0": 4.750066995620729e-10
        },
        "ram_energy": {
            "0": 6.377472946705135e-09
        },
        "energy_consumed": {
            "0": 6.76500282806842e-08
        },
        "country_name": {
            "0": "Germany"
        },
        "country_iso_code": {
            "0": "DEU"
        },
        "region": {
            "0": NaN
        },
        "cloud_provider": {
            "0": NaN
        },
        "cloud_region": {
            "0": NaN
        },
        "os": {
            "0": "Linux-5.4.0-137-generic-x86_64-with-debian-bullseye-sid"
        },
        "python_version": {
            "0": "3.7.7"
        },
        "cpu_count": {
            "0": 20
        },
        "cpu_model": {
            "0": "Intel(R) Xeon(R) W-2155 CPU @ 3.30GHz"
        },
        "gpu_count": {
            "0": 1
        },
        "gpu_model": {
            "0": "1 x Quadro RTX 5000"
        },
        "longitude": {
            "0": NaN
        },
        "latitude": {
            "0": NaN
        },
        "ram_total_size": {
            "0": 62.4947624206543
        },
        "tracking_mode": {
            "0": "machine"
        },
        "on_cloud": {
            "0": "N"
        }
    },
    "parameters": {
        "batch_size": 32,
        "ctx": {
            "__kind__": "instance",
            "args": [
                "cpu",
                0
            ],
            "class": "mxnet.context.Context"
        },
        "dtype": {
            "__kind__": "type",
            "class": "numpy.float32"
        },
        "forecast_generator": {
            "__kind__": "instance",
            "args": [],
            "class": "gluonts.model.forecast_generator.SampleForecastGenerator",
            "kwargs": {}
        },
        "input_names": [
            "past_target"
        ],
        "lead_time": 0,
        "prediction_length": 8
    },
    "input_transform": {
        "__kind__": "instance",
        "args": [],
        "class": "gluonts.transform._base.Chain",
        "kwargs": {
            "trans": [
                {
                    "__kind__": "instance",
                    "args": [],
                    "class": "gluonts.transform._base.Chain",
                    "kwargs": {
                        "trans": [
                            {
                                "__kind__": "instance",
                                "args": [],
                                "class": "gluonts.transform.field.SelectFields",
                                "kwargs": {
                                    "allow_missing": true,
                                    "input_fields": [
                                        "item_id",
                                        "info",
                                        "start",
                                        "target"
                                    ]
                                }
                            },
                            {
                                "__kind__": "instance",
                                "args": [],
                                "class": "gluonts.transform.feature.AddObservedValuesIndicator",
                                "kwargs": {
                                    "dtype": {
                                        "__kind__": "type",
                                        "class": "numpy.float32"
                                    },
                                    "imputation_method": {
                                        "__kind__": "instance",
                                        "args": [],
                                        "class": "gluonts.transform.feature.DummyValueImputation",
                                        "kwargs": {
                                            "dummy_value": 0.0
                                        }
                                    },
                                    "output_field": "observed_values",
                                    "target_field": "target"
                                }
                            }
                        ]
                    }
                },
                {
                    "__kind__": "instance",
                    "args": [],
                    "class": "gluonts.transform.split.InstanceSplitter",
                    "kwargs": {
                        "dummy_value": 0.0,
                        "forecast_start_field": "forecast_start",
                        "future_length": 8,
                        "instance_sampler": {
                            "__kind__": "instance",
                            "class": "gluonts.transform.sampler.PredictionSplitSampler",
                            "kwargs": {
                                "allow_empty_interval": false,
                                "axis": -1,