{
    "directory_name": "infer_2023_03_09_16_00_31",
    "config": {
        "dataset": "tourism_monthly_dataset",
        "model": "gpforecaster",
        "output_dir": "mnt_data/results",
        "epochs": 100,
        "datadir": "mnt_data/data",
        "cpu_monitor_interval": 0.5,
        "seed": 42,
        "timestamp": "2023_03_09_16_00_31",
        "lag": 15,
        "train_logdir": "mnt_data/results/train_2023_03_09_16_00_01"
    },
    "version": {
        "model": "0.11.8",
        "gluonts": "0.11.8"
    },
    "validation_results": {
        "metrics": {
            "aggregated": {
                "MSE": 3837695981.499214,
                "abs_error": 80740239.68050104,
                "abs_target_sum": 166958474.8984375,
                "abs_target_mean": 19007.112351825763,
                "seasonal_error": 1542.9874709095218,
                "MASE": 2.7884420951053848,
                "MAPE": 0.35222221821614474,
                "sMAPE": 0.3111767260686461,
                "MSIS": 32.15453199115624,
                "QuantileLoss[0.1]": 23671712.061688647,
                "Coverage[0.1]": 0.03472222222222222,
                "QuantileLoss[0.5]": 80740239.68050104,
                "Coverage[0.5]": 0.33185336976320584,
                "QuantileLoss[0.9]": 98048796.05327268,
                "Coverage[0.9]": 0.687955373406193,
                "RMSE": 61949.14028054961,
                "NRMSE": 3.2592610141855123,
                "ND": 0.4835947365332376,
                "wQuantileLoss[0.1]": 0.14178203338338102,
                "wQuantileLoss[0.5]": 0.4835947365332376,
                "wQuantileLoss[0.9]": 0.5872645645147199,
                "mean_absolute_QuantileLoss": 67486915.9318208,
                "mean_wQuantileLoss": 0.4042137781437795,
                "MAE_Coverage": 0.14848967820279302,
                "OWA": NaN
            }
        },
        "start": 1678374031.6703162,
        "end": 1678374033.0263188,
        "num_samples": 100,
        "model": {
            "params": 1106,
            "fsize": 12189
        }
    },
    "parameters": {
        "batch_size": 32,
        "ctx": {
            "__kind__": "instance",
            "args": [
                "cpu",
                0
            ],
            "class": "mxnet.context.Context"
        },
        "dtype": {
            "__kind__": "type",
            "class": "numpy.float64"
        },
        "forecast_generator": {
            "__kind__": "instance",
            "args": [],
            "class": "gluonts.model.forecast_generator.SampleForecastGenerator",
            "kwargs": {}
        },
        "input_names": [
            "past_target",
            "past_time_feat",
            "future_time_feat",
            "feat_static_cat"
        ],
        "lead_time": 0,
        "prediction_length": 24
    },
    "prediction_net-network": {
        "__kind__": "instance",
        "args": [],
        "class": "gluonts.mx.model.gp_forecaster._network.GaussianProcessPredictionNetwork",
        "kwargs": {
            "cardinality": 366,
            "context_length": 15,
            "float_type": {
                "__kind__": "type",
                "class": "numpy.float64"
            },
            "jitter_method": "iter",
            "kernel_output": {
                "__kind__": "instance",
                "args": [],
                "class": "gluonts.mx.kernels._rbf_kernel.RBFKernelOutput",
                "kwargs": {}
            },
            "max_iter_jitter": 10,
            "num_parallel_samples": 100,
            "params_scaling": true,
            "prediction_length": 24,
            "sample_noise": true
        }
    },
    "requirements": [
        "# 3.7.7 (default, Mar 23 2020, 22:36:06)",
        "# [GCC 7.3.0]",
        "wrapt==1.11.2",
        "typed-ast==1.4.0",
        "six==1.12.0",
        "setuptools==41.6.0",
        "pytz==2019.3",
        "python-dateutil==2.8.0",
        "pyparsing==2.4.2",
        "pylint==2.4.3",
        "numpy==1.17.3",
        "mccabe==0.6.1",
        "matplotlib==3.1.1",
        "lazy-object-proxy==1.4.3",
        "kiwisolver==1.1.0",
        "isort==4.3.21",
        "cycler==0.10.0",
        "astroid==2.3.2",
        "zipp==3.14.0",
        "xgboost==1.6.2",
        "wheel==0.37.1",
        "werkzeug==2.2.3",
        "urllib3==1.26.14",
        "typing-extensions==4.4.0",
        "tqdm==4.64.1",
        "toolz==0.12.0",
        "threadpoolctl==3.1.0",
        "tenacity==8.2.2",
        "scipy==1.7.3",
        "scikit-learn==1.0.2",
        "rpy2==2.9.4",
        "requests==2.28.2",
        "reportlab==3.6.12",
        "qrcode==7.4.2",
        "pypng==0.20220715.0",
        "pynvml==11.4.1",
        "pymupdf==1.21.1",
        "pydantic==1.10.4",
        "pyarrow==8.0.0",
        "py-rapl==0.1",
        "py-cpuinfo==9.0.0",
        "psutil==5.9.4",
        "plotly==5.13.1",
        "pip==22.3.1",
        "pint==0.18",
        "pillow==9.4.0",
        "pandas==1.3.5",
        "packaging==23.0",
        "orjson==3.8.5",
        "mxnet==1.9.1",
        "markupsafe==2.1.1",
        "joblib==1.2.0",
        "jinja2==3.1.2",
        "itsdangerous==2.1.2",
        "importlib-metadata==6.0.0",
        "idna==3.4",
        "graphviz==0.8.4",
        "gluonts==0.11.8",
        "fuzzywuzzy==0.18.0",
        "flask==2.2.3",
        "dash==2.8.1",
        "dash-table==5.0.0",
        "dash-html-components==2.0.0",
        "dash-core-components==2.0.0",
        "dash-bootstrap-components==1.4.0",
        "codecarbon==2.1.4",
        "click==8.1.3",
        "charset-normalizer==3.0.1",
        "certifi==2022.12.7",
        "arrow==1.2.3"
    ],
    "emissions": {
        "timestamp": {
            "0": "2023-03-09T16:00:32",
            "1": "2023-03-09T16:00:33"
        },
        "project_name": {
            "0": "codecarbon",
            "1": "codecarbon"
        },
        "run_id": {
            "0": "f48eccd5-c303-42f7-a903-f00cee6ff631",
            "1": "f48eccd5-c303-42f7-a903-f00cee6ff631"
        },
        "duration": {
            "0": 0.0067708492279052,
            "1": 0.1060473918914794
        },
        "emissions": {
            "0": 1.8514126799551963e-08,
            "1": 4.273368512456265e-07
        },
        "emissions_rate": {
            "0": 0.0027343876929422,
            "1": 0.0040296780865948
        },
        "cpu_power": {
            "0": 31.11293875091437,
            "1": 25.845214666917368
        },
        "gpu_power": {
            "0": 1.128,
            "1": 1.4490000000000005
        },
        "ram_power": {
            "0": 23.43553590774536,
            "1": 23.43553590774536
        },
        "cpu_energy": {
            "0": 5.374476521810556e-08,
            "1": 7.639214444701836e-07
        },
        "gpu_energy": {
            "0": 6.073474884033201e-10,
            "1": 3.8540846705436724e-08
        },
        "ram_energy": {
            "0": 7.156614202301625e-09,
            "1": 6.172614671154975e-07
        },
        "energy_consumed": {
            "0": 6.150872690881051e-08,
            "1": 1.4197237582911175e-06
        },
        "country_name": {
            "0": "Germany",
            "1": "Germany"
        },
        "country_iso_code": {
            "0": "DEU",
            "1": "DEU"
        },
        "region": {
            "0": NaN,
            "1": NaN
        },
        "cloud_provider": {
            "0": NaN,
            "1": NaN
        },
        "cloud_region": {
            "0": NaN,
            "1": NaN
        },
        "os": {
            "0": "Linux-5.4.0-137-generic-x86_64-with-debian-bullseye-sid",
            "1": "Linux-5.4.0-137-generic-x86_64-with-debian-bullseye-sid"
        },
        "python_version": {
            "0": "3.7.7",
            "1": "3.7.7"
        },
        "cpu_count": {
            "0": 20,
            "1": 20
        },
        "cpu_model": {
            "0": "Intel(R) Xeon(R) W-2155 CPU @ 3.30GHz",