{
    "directory_name": "infer_2023_03_18_12_56_57",
    "validation_results": {
        "metrics": {
            "aggregated": {
                "MSE": 533.37554917769,
                "abs_error": 6944.667125701904,
                "abs_target_sum": 57162.243255615234,
                "abs_target_mean": 129.91418921730735,
                "seasonal_error": 16.27251474760487,
                "MASE": 0.9755674574229507,
                "MAPE": 0.14029471725225448,
                "sMAPE": 0.13219021145593035,
                "MSIS": 39.02269885703417,
                "QuantileLoss[0.1]": 6178.134146118164,
                "Coverage[0.1]": 0.44545454545454544,
                "QuantileLoss[0.5]": 6944.66716003418,
                "Coverage[0.5]": 0.44545454545454544,
                "QuantileLoss[0.9]": 7711.200173950196,
                "Coverage[0.9]": 0.44545454545454544,
                "RMSE": 23.094924749340276,
                "NRMSE": 0.17777061065061503,
                "ND": 0.12149045821464866,
                "wQuantileLoss[0.1]": 0.10808068043255573,
                "wQuantileLoss[0.5]": 0.1214904588152597,
                "wQuantileLoss[0.9]": 0.1349002371979637,
                "mean_absolute_QuantileLoss": 6944.66716003418,
                "mean_wQuantileLoss": 0.1214904588152597,
                "MAE_Coverage": 0.28484848484848485,
                "OWA": NaN
            },
            "contained_nan": false
        },
        "start": 1679140617.7422025,
        "end": 1679140621.3195727,
        "num_samples": 100,
        "model": {
            "params": 25691469,
            "fsize": 102802481
        }
    },
    "version": {
        "model": "0.11.8",
        "gluonts": "0.11.8"
    },
    "prediction_net-network": {
        "__kind__": "instance",
        "args": [],
        "class": "gluonts.mx.model.n_beats._network.NBEATSPredictionNetwork",
        "kwargs": {
            "context_length": 65,
            "expansion_coefficient_lengths": [
                32,
                32,
                32,
                32,
                32,
                32,
                32,
                32,
                32,
                32,
                32,
                32,
                32,
                32,
                32,
                32,
                32,
                32,
                32,
                32,
                32,
                32,
                32,
                32,
                32,
                32,
                32,
                32,
                32,
                32
            ],
            "num_block_layers": [
                4,
                4,
                4,
                4,
                4,
                4,
                4,
                4,
                4,
                4,
                4,
                4,
                4,
                4,
                4,
                4,
                4,
                4,
                4,
                4,
                4,
                4,
                4,
                4,
                4,
                4,
                4,
                4,
                4,
                4
            ],
            "num_blocks": [
                1,
                1,
                1,
                1,
                1,
                1,
                1,
                1,
                1,
                1,
                1,
                1,
                1,
                1,
                1,
                1,
                1,
                1,
                1,
                1,
                1,
                1,
                1,
                1,
                1,
                1,
                1,
                1,
                1,
                1
            ],
            "num_stacks": 30,
            "prediction_length": 8,
            "scale": false,
            "sharing": [
                false,
                false,
                false,
                false,
                false,
                false,
                false,
                false,
                false,
                false,
                false,
                false,
                false,
                false,
                false,
                false,
                false,
                false,
                false,
                false,
                false,
                false,
                false,
                false,
                false,
                false,
                false,
                false,
                false,
                false
            ],
            "stack_types": [
                "G",
                "G",
                "G",
                "G",
                "G",
                "G",
                "G",
                "G",
                "G",
                "G",
                "G",
                "G",
                "G",
                "G",
                "G",
                "G",
                "G",
                "G",
                "G",
                "G",
                "G",
                "G",
                "G",
                "G",
                "G",
                "G",
                "G",
                "G",
                "G",
                "G"
            ],
            "widths": [
                512,
                512,
                512,
                512,
                512,
                512,
                512,
                512,
                512,
                512,
                512,
                512,
                512,
                512,
                512,
                512,
                512,
                512,
                512,
                512,
                512,
                512,
                512,
                512,
                512,
                512,
                512,
                512,
                512,
                512
            ]
        }
    },
    "emissions": {
        "timestamp": {
            "0": "2023-03-18T12:56:59"
        },
        "project_name": {
            "0": "codecarbon"
        },
        "run_id": {
            "0": "cc70e370-4393-414d-b976-7b68dcdd24ab"
        },
        "duration": {
            "0": 0.0070154666900634
        },
        "emissions": {
            "0": 1.766395748280786e-08
        },
        "emissions_rate": {
            "0": 0.0025178592192343
        },
        "cpu_power": {
            "0": 27.793042650554607
        },
        "gpu_power": {
            "0": 1.475
        },
        "ram_power": {
            "0": 23.43553590774536
        },
        "cpu_energy": {
            "0": 5.0964207444492704e-08
        },
        "gpu_energy": {
            "0": 7.962336142857871e-10
        },
        "ram_energy": {
            "0": 6.923803070151281e-09
        },
        "energy_consumed": {
            "0": 5.868424412892977e-08
        },
        "country_name": {
            "0": "Germany"
        },
        "country_iso_code": {
            "0": "DEU"
        },
        "region": {
            "0": NaN
        },
        "cloud_provider": {
            "0": NaN
        },
        "cloud_region": {
            "0": NaN
        },
        "os": {
            "0": "Linux-5.4.0-137-generic-x86_64-with-debian-bullseye-sid"
        },
        "python_version": {
            "0": "3.7.7"
        },
        "cpu_count": {
            "0": 20
        },
        "cpu_model": {
            "0": "Intel(R) Xeon(R) W-2155 CPU @ 3.30GHz"
        },
        "gpu_count": {
            "0": 1
        },
        "gpu_model": {
            "0": "1 x Quadro RTX 5000"
        },
        "longitude": {
            "0": NaN
        },
        "latitude": {
            "0": NaN
        },
        "ram_total_size": {
            "0": 62.4947624206543
        },
        "tracking_mode": {
            "0": "machine"
        },