{
    "directory_name": "infer_2023_03_17_17_37_39",
    "validation_results": {
        "metrics": {
            "aggregated": {
                "MSE": 3.4638650981850268e+19,
                "abs_error": 3851549855744.0,
                "abs_target_sum": 14705593.092713356,
                "abs_target_mean": 18199.991451377915,
                "seasonal_error": 2625.4546265628815,
                "MASE": 1419591490.043095,
                "MAPE": 124527498.18529548,
                "sMAPE": 1.9969132796372517,
                "MSIS": 56783659218.316154,
                "QuantileLoss[0.1]": 6932789745904.239,
                "Coverage[0.1]": 1.0,
                "QuantileLoss[0.5]": 3851549860256.6875,
                "Coverage[0.5]": 1.0,
                "QuantileLoss[0.9]": 770309972354.2122,
                "Coverage[0.9]": 1.0,
                "RMSE": 5885460982.951996,
                "NRMSE": 323377.12897697045,
                "ND": 261910.5418911971,
                "wQuantileLoss[0.1]": 471438.97578258486,
                "wQuantileLoss[0.5]": 261910.54219806587,
                "wQuantileLoss[0.9]": 52382.108460209056,
                "mean_absolute_QuantileLoss": 3851549859505.0464,
                "mean_wQuantileLoss": 261910.5421469533,
                "MAE_Coverage": 0.5,
                "OWA": NaN
            },
            "contained_nan": false
        },
        "start": 1679071059.4795372,
        "end": 1679071060.895271,
        "num_samples": 100,
        "model": {
            "params": 11586,
            "fsize": 50471
        }
    },
    "version": {
        "model": "0.11.8",
        "gluonts": "0.11.8"
    },
    "prediction_net-network": {
        "__kind__": "instance",
        "args": [],
        "class": "gluonts.mx.model.deep_factor._network.DeepFactorPredictionNetwork",
        "kwargs": {
            "embedder": {
                "__kind__": "instance",
                "args": [],
                "class": "gluonts.mx.block.feature.FeatureEmbedder",
                "kwargs": {
                    "cardinalities": [
                        1
                    ],
                    "dtype": {
                        "__kind__": "type",
                        "class": "numpy.float32"
                    },
                    "embedding_dims": [
                        10
                    ]
                }
            },
            "global_model": {
                "__kind__": "instance",
                "args": [],
                "class": "gluonts.mx.model.deep_factor.RNNModel.RNNModel",
                "kwargs": {
                    "bidirectional": false,
                    "mode": "lstm",
                    "num_hidden": 50,
                    "num_layers": 1,
                    "num_output": 10
                }
            },
            "local_model": {
                "__kind__": "instance",
                "args": [],
                "class": "gluonts.mx.model.deep_factor.RNNModel.RNNModel",
                "kwargs": {
                    "bidirectional": false,
                    "mode": "lstm",
                    "num_hidden": 5,
                    "num_layers": 1,
                    "num_output": 1
                }
            },
            "num_parallel_samples": 100,
            "prediction_len": 8
        }
    },
    "emissions": {
        "timestamp": {
            "0": "2023-03-17T17:37:40"
        },
        "project_name": {
            "0": "codecarbon"
        },
        "run_id": {
            "0": "962c58cc-db4b-4d95-950e-826961df8149"
        },
        "duration": {
            "0": 0.0069496631622314
        },
        "emissions": {
            "0": 1.6904698737717345e-08
        },
        "emissions_rate": {
            "0": 0.0024324486443583
        },
        "cpu_power": {
            "0": 27.34541531367112
        },
        "gpu_power": {
            "0": 1.257
        },
        "ram_power": {
            "0": 23.43553590774536
        },
        "cpu_energy": {
            "0": 4.90314281120785e-08
        },
        "gpu_energy": {
            "0": 6.349311272303262e-10
        },
        "ram_energy": {
            "0": 6.495430586994644e-09
        },
        "energy_consumed": {
            "0": 5.6161789826303476e-08
        },
        "country_name": {
            "0": "Germany"
        },
        "country_iso_code": {
            "0": "DEU"
        },
        "region": {
            "0": NaN
        },
        "cloud_provider": {
            "0": NaN
        },
        "cloud_region": {
            "0": NaN
        },
        "os": {
            "0": "Linux-5.4.0-137-generic-x86_64-with-debian-bullseye-sid"
        },
        "python_version": {
            "0": "3.7.7"
        },
        "cpu_count": {
            "0": 20
        },
        "cpu_model": {
            "0": "Intel(R) Xeon(R) W-2155 CPU @ 3.30GHz"
        },
        "gpu_count": {
            "0": 1
        },
        "gpu_model": {
            "0": "1 x Quadro RTX 5000"
        },
        "longitude": {
            "0": NaN
        },
        "latitude": {
            "0": NaN
        },
        "ram_total_size": {
            "0": 62.4947624206543
        },
        "tracking_mode": {
            "0": "machine"
        },
        "on_cloud": {
            "0": "N"
        }
    },
    "type": [
        "gluonts.mx.model.predictor.RepresentableBlockPredictor"
    ],
    "execution_platform": {
        "System": "Linux",
        "Node Name": "ls8ws022",
        "Release": "5.4.0-137-generic",
        "Version": "#154-Ubuntu SMP Thu Jan 5 17:03:22 UTC 2023",
        "Machine": "x86_64",
        "Processor": "Intel(R) Xeon(R) W-2155 CPU @ 3.30GHz",
        "Physical cores": 10,
        "Total cores": 20,
        "Max Frequency": 4500.0,
        "Min Frequency": 1200.0,
        "Current Frequency": 1200.3026000000002,
        "Total": 67103240192,
        "Available": 64843882496,
        "Used": 1517129728
    },
    "input_transform": {
        "__kind__": "instance",
        "args": [],
        "class": "gluonts.transform._base.Chain",
        "kwargs": {
            "trans": [
                {
                    "__kind__": "instance",
                    "args": [],
                    "class": "gluonts.transform._base.Chain",
                    "kwargs": {
                        "trans": [
                            {
                                "__kind__": "instance",
                                "args": [],
                                "class": "gluonts.transform.convert.AsNumpyArray",
                                "kwargs": {
                                    "dtype": {
                                        "__kind__": "type",
                                        "class": "numpy.float32"
                                    },
                                    "expected_ndim": 1,
                                    "field": "target"
                                }
                            },
                            {
                                "__kind__": "instance",
                                "args": [],
                                "class": "gluonts.transform.feature.AddTimeFeatures",
                                "kwargs": {
                                    "dtype": {
                                        "__kind__": "type",
                                        "class": "numpy.float32"
                                    },
                                    "output_field": "time_feat",
                                    "pred_length": 8,
                                    "start_field": "start",
                                    "target_field": "target",
                                    "time_features": [
                                        {
                                            "__kind__": "type",