{
    "directory_name": "infer_2023_03_20_11_56_33",
    "validation_results": {
        "metrics": {
            "aggregated": {
                "MSE": 404125152962821.5,
                "abs_error": 240655456.01586115,
                "abs_target_sum": 8952214056.898806,
                "abs_target_mean": 41445435.44860559,
                "seasonal_error": 202410.25224540656,
                "MASE": 1.2778670136241734,
                "MAPE": 0.11983135425382191,
                "sMAPE": 0.1043980979119186,
                "MSIS": 49.12784990971315,
                "QuantileLoss[0.1]": 1569973008.2923698,
                "Coverage[0.1]": 0.16666666666666663,
                "QuantileLoss[0.5]": 240655456.26586115,
                "Coverage[0.5]": 0.6018518518518519,
                "QuantileLoss[0.9]": 1470620991.3061967,
                "Coverage[0.9]": 0.9166666666666666,
                "RMSE": 20102864.297478147,
                "NRMSE": 0.4850441087151009,
                "ND": 0.026882227623948055,
                "wQuantileLoss[0.1]": 0.17537259479206804,
                "wQuantileLoss[0.5]": 0.02688222765187411,
                "wQuantileLoss[0.9]": 0.16427455621136522,
                "mean_absolute_QuantileLoss": 1093749818.621476,
                "mean_wQuantileLoss": 0.12217645955176913,
                "MAE_Coverage": 0.061728395061728364,
                "OWA": NaN
            },
            "contained_nan": false
        },
        "start": 1679309793.2279155,
        "end": 1679309794.7223148,
        "num_samples": 100,
        "model": {
            "params": 23324,
            "fsize": 98797
        }
    },
    "prediction_net-network": {
        "__kind__": "instance",
        "args": [],
        "class": "gluonts.mx.model.deepar._network.DeepARPredictionNetwork",
        "kwargs": {
            "cardinality": [
                1
            ],
            "cell_type": "lstm",
            "context_length": 15,
            "default_scale": null,
            "distr_output": {
                "__kind__": "instance",
                "args": [],
                "class": "gluonts.mx.distribution.student_t.StudentTOutput",
                "kwargs": {}
            },
            "dropout_rate": 0.1,
            "dropoutcell_type": "ZoneoutCell",
            "dtype": {
                "__kind__": "type",
                "class": "numpy.float32"
            },
            "embedding_dimension": [
                1
            ],
            "history_length": 52,
            "impute_missing_values": false,
            "lags_seq": [
                1,
                2,
                3,
                4,
                5,
                6,
                7,
                11,
                12,
                13,
                23,
                24,
                25,
                35,
                36,
                37
            ],
            "minimum_scale": 1e-10,
            "num_cells": 40,
            "num_imputation_samples": 1,
            "num_layers": 2,
            "num_parallel_samples": 100,
            "prediction_length": 6,
            "scaling": true
        }
    },
    "input_transform": {
        "__kind__": "instance",
        "args": [],
        "class": "gluonts.transform._base.Chain",
        "kwargs": {
            "trans": [
                {
                    "__kind__": "instance",
                    "args": [],
                    "class": "gluonts.transform._base.Chain",
                    "kwargs": {
                        "trans": [
                            {
                                "__kind__": "instance",
                                "args": [],
                                "class": "gluonts.transform.field.RemoveFields",
                                "kwargs": {
                                    "field_names": [
                                        "feat_dynamic_cat",
                                        "feat_static_real",
                                        "feat_dynamic_real"
                                    ]
                                }
                            },
                            {
                                "__kind__": "instance",
                                "args": [],
                                "class": "gluonts.transform.field.SetField",
                                "kwargs": {
                                    "output_field": "feat_static_cat",
                                    "value": [
                                        0.0
                                    ]
                                }
                            },
                            {
                                "__kind__": "instance",
                                "args": [],
                                "class": "gluonts.transform.field.SetField",
                                "kwargs": {
                                    "output_field": "feat_static_real",
                                    "value": [
                                        0.0
                                    ]
                                }
                            },
                            {
                                "__kind__": "instance",
                                "args": [],
                                "class": "gluonts.transform.convert.AsNumpyArray",
                                "kwargs": {
                                    "dtype": {
                                        "__kind__": "type",
                                        "class": "numpy.float32"
                                    },
                                    "expected_ndim": 1,
                                    "field": "feat_static_cat"
                                }
                            },
                            {
                                "__kind__": "instance",
                                "args": [],
                                "class": "gluonts.transform.convert.AsNumpyArray",
                                "kwargs": {
                                    "dtype": {
                                        "__kind__": "type",
                                        "class": "numpy.float32"
                                    },
                                    "expected_ndim": 1,
                                    "field": "feat_static_real"
                                }
                            },
                            {
                                "__kind__": "instance",
                                "args": [],
                                "class": "gluonts.transform.convert.AsNumpyArray",
                                "kwargs": {
                                    "dtype": {
                                        "__kind__": "type",
                                        "class": "numpy.float32"
                                    },
                                    "expected_ndim": 1,
                                    "field": "target"
                                }
                            },
                            {
                                "__kind__": "instance",
                                "args": [],
                                "class": "gluonts.transform.feature.AddObservedValuesIndicator",
                                "kwargs": {
                                    "dtype": {
                                        "__kind__": "type",
                                        "class": "numpy.float32"
                                    },
                                    "imputation_method": {
                                        "__kind__": "instance",
                                        "args": [],
                                        "class": "gluonts.transform.feature.DummyValueImputation",