{
    "directory_name": "infer_2023_03_18_14_25_56",
    "validation_results": {
        "metrics": {
            "aggregated": {
                "MSE": 13125.17759286632,
                "abs_error": 144453.1270116904,
                "abs_target_sum": 1186547.0,
                "abs_target_mean": 258.1694952132289,
                "seasonal_error": 31.234116623150562,
                "MASE": 0.9695190329334574,
                "MAPE": 0.2420973686367997,
                "sMAPE": 0.21641150205737444,
                "MSIS": 8.052899726703124,
                "QuantileLoss[0.1]": 64591.26604896285,
                "Coverage[0.1]": 0.09921671018276762,
                "QuantileLoss[0.5]": 144453.1270116904,
                "Coverage[0.5]": 0.4244995648389904,
                "QuantileLoss[0.9]": 79058.3870495916,
                "Coverage[0.9]": 0.7919930374238467,
                "RMSE": 114.56516745008632,
                "NRMSE": 0.44375950518655954,
                "ND": 0.12174244004804732,
                "wQuantileLoss[0.1]": 0.05443633168257376,
                "wQuantileLoss[0.5]": 0.12174244004804732,
                "wQuantileLoss[0.9]": 0.06662895532127391,
                "mean_absolute_QuantileLoss": 96034.2600367483,
                "mean_wQuantileLoss": 0.08093590901729833,
                "MAE_Coverage": 0.06143022918479843,
                "OWA": NaN
            },
            "contained_nan": false
        },
        "start": 1679145956.5209544,
        "end": 1679145957.9889588,
        "num_samples": 100,
        "model": {
            "params": 1157,
            "fsize": 12597
        }
    },
    "version": {
        "model": "0.11.8",
        "gluonts": "0.11.8"
    },
    "prediction_net-network": {
        "__kind__": "instance",
        "args": [],
        "class": "gluonts.mx.model.gp_forecaster._network.GaussianProcessPredictionNetwork",
        "kwargs": {
            "cardinality": 383,
            "context_length": 15,
            "float_type": {
                "__kind__": "type",
                "class": "numpy.float64"
            },
            "jitter_method": "iter",
            "kernel_output": {
                "__kind__": "instance",
                "args": [],
                "class": "gluonts.mx.kernels._rbf_kernel.RBFKernelOutput",
                "kwargs": {}
            },
            "max_iter_jitter": 10,
            "num_parallel_samples": 100,
            "params_scaling": true,
            "prediction_length": 12,
            "sample_noise": true
        }
    },
    "config": {
        "dataset": "hospital_dataset",
        "model": "gpforecaster",
        "output_dir": "mnt_data/results",
        "ds_seed": 42,
        "epochs": 100,
        "datadir": "mnt_data/data",
        "cpu_monitor_interval": 0.5,
        "seed": 42,
        "timestamp": "2023_03_18_14_25_56",
        "lag": 15,
        "external_forecast_horizon": 12,
        "integer_conversion": true,
        "train_logdir": "mnt_data/results/train_2023_03_18_14_23_24"
    },
    "input_transform": {
        "__kind__": "instance",
        "args": [],
        "class": "gluonts.transform._base.Chain",
        "kwargs": {
            "trans": [
                {
                    "__kind__": "instance",
                    "args": [],
                    "class": "gluonts.transform._base.Chain",
                    "kwargs": {
                        "trans": [
                            {
                                "__kind__": "instance",
                                "args": [],
                                "class": "gluonts.transform._base.Chain",
                                "kwargs": {
                                    "trans": [
                                        {
                                            "__kind__": "instance",
                                            "args": [],
                                            "class": "gluonts.transform._base.Chain",
                                            "kwargs": {
                                                "trans": [
                                                    {
                                                        "__kind__": "instance",
                                                        "args": [],
                                                        "class": "gluonts.transform.convert.AsNumpyArray",
                                                        "kwargs": {
                                                            "dtype": {
                                                                "__kind__": "type",
                                                                "class": "numpy.float32"
                                                            },
                                                            "expected_ndim": 1,
                                                            "field": "target"
                                                        }
                                                    },
                                                    {
                                                        "__kind__": "instance",
                                                        "args": [],
                                                        "class": "gluonts.transform.feature.AddTimeFeatures",
                                                        "kwargs": {
                                                            "dtype": {
                                                                "__kind__": "type",
                                                                "class": "numpy.float32"
                                                            },
                                                            "output_field": "time_feat",
                                                            "pred_length": 12,
                                                            "start_field": "start",
                                                            "target_field": "target",
                                                            "time_features": [
                                                                {
                                                                    "__kind__": "type",
                                                                    "class": "gluonts.time_feature._base.month_of_year"
                                                                }
                                                            ]
                                                        }
                                                    }
                                                ]
                                            }
                                        },
                                        {
                                            "__kind__": "instance",
                                            "args": [],
                                            "class": "gluonts.transform.field.SetFieldIfNotPresent",
                                            "kwargs": {
                                                "field": "feat_static_cat",
                                                "value": [
                                                    0.0
                                                ]
                                            }
                                        }
                                    ]
                                }
                            },
                            {
                                "__kind__": "instance",
                                "args": [],
                                "class": "gluonts.transform.convert.AsNumpyArray",
                                "kwargs": {
                                    "dtype": {
                                        "__kind__": "type",