{
    "directory_name": "infer_2023_03_20_14_20_18",
    "config": {
        "dataset": "pedestrian_counts_dataset",
        "model": "deepar",
        "output_dir": "mnt_data/results",
        "ds_seed": 135,
        "epochs": 100,
        "datadir": "mnt_data/data",
        "cpu_monitor_interval": 0.5,
        "seed": 42,
        "timestamp": "2023_03_20_14_20_18",
        "lag": 210,
        "external_forecast_horizon": 24,
        "integer_conversion": true,
        "train_logdir": "mnt_data/results/train_2023_03_20_14_11_07"
    },
    "validation_results": {
        "metrics": {
            "aggregated": {
                "MSE": 81872.11643843217,
                "abs_error": 91749.2314453125,
                "abs_target_sum": 513444.0,
                "abs_target_mean": 648.2878787878788,
                "seasonal_error": 143.71649935000667,
                "MASE": 0.7109074858797031,
                "MAPE": 0.36200307244933366,
                "sMAPE": 0.2847947106517927,
                "MSIS": 8.317945734365644,
                "QuantileLoss[0.1]": 33920.4159131527,
                "Coverage[0.1]": 0.09974747474747474,
                "QuantileLoss[0.5]": 91749.23024642467,
                "Coverage[0.5]": 0.5934343434343434,
                "QuantileLoss[0.9]": 67753.85033607483,
                "Coverage[0.9]": 0.9065656565656565,
                "RMSE": 286.13303975324516,
                "NRMSE": 0.4413672522895782,
                "ND": 0.17869374546262592,
                "wQuantileLoss[0.1]": 0.06606448982391984,
                "wQuantileLoss[0.5]": 0.17869374312763353,
                "wQuantileLoss[0.9]": 0.13195957170806324,
                "mean_absolute_QuantileLoss": 64474.49883188406,
                "mean_wQuantileLoss": 0.12557260155320552,
                "MAE_Coverage": 0.03341750841750838,
                "OWA": NaN
            },
            "contained_nan": false
        },
        "start": 1679318418.9522233,
        "end": 1679318420.459903,
        "num_samples": 100,
        "model": {
            "params": 27644,
            "fsize": 116420
        }
    },
    "emissions": {
        "timestamp": {
            "0": "2023-03-20T14:20:20"
        },
        "project_name": {
            "0": "codecarbon"
        },
        "run_id": {
            "0": "e5fec98a-4ed3-4479-940b-7ee3b429b9ef"
        },
        "duration": {
            "0": 0.0067689418792724
        },
        "emissions": {
            "0": 2.124278186563133e-08
        },
        "emissions_rate": {
            "0": 0.0031382721619578
        },
        "cpu_power": {
            "0": 36.08411110739374
        },
        "gpu_power": {
            "0": 1.3190000000000002
        },
        "ram_power": {
            "0": 23.43553590774536
        },
        "cpu_energy": {
            "0": 6.366310648792117e-08
        },
        "gpu_energy": {
            "0": 6.451960404713949e-10
        },
        "ram_energy": {
            "0": 6.265723603272971e-09
        },
        "energy_consumed": {
            "0": 7.057402613166555e-08
        },
        "country_name": {
            "0": "Germany"
        },
        "country_iso_code": {
            "0": "DEU"
        },
        "region": {
            "0": NaN
        },
        "cloud_provider": {
            "0": NaN
        },
        "cloud_region": {
            "0": NaN
        },
        "os": {
            "0": "Linux-5.4.0-137-generic-x86_64-with-debian-bullseye-sid"
        },
        "python_version": {
            "0": "3.7.7"
        },
        "cpu_count": {
            "0": 20
        },
        "cpu_model": {
            "0": "Intel(R) Xeon(R) W-2155 CPU @ 3.30GHz"
        },
        "gpu_count": {
            "0": 1
        },
        "gpu_model": {
            "0": "1 x Quadro RTX 5000"
        },
        "longitude": {
            "0": NaN
        },
        "latitude": {
            "0": NaN
        },
        "ram_total_size": {
            "0": 62.4947624206543
        },
        "tracking_mode": {
            "0": "machine"
        },
        "on_cloud": {
            "0": "N"
        }
    },
    "parameters": {
        "batch_size": 32,
        "ctx": {
            "__kind__": "instance",
            "args": [
                "cpu",
                0
            ],
            "class": "mxnet.context.Context"
        },
        "dtype": {
            "__kind__": "type",
            "class": "numpy.float32"
        },
        "forecast_generator": {
            "__kind__": "instance",
            "args": [],
            "class": "gluonts.model.forecast_generator.SampleForecastGenerator",
            "kwargs": {}
        },
        "input_names": [
            "feat_static_cat",
            "feat_static_real",
            "past_time_feat",
            "past_target",
            "past_observed_values",
            "future_time_feat",
            "past_is_pad"
        ],
        "lead_time": 0,
        "prediction_length": 24
    },
    "version": {
        "model": "0.11.8",
        "gluonts": "0.11.8"
    },
    "execution_platform": {
        "System": "Linux",
        "Node Name": "ls8ws022",
        "Release": "5.4.0-137-generic",
        "Version": "#154-Ubuntu SMP Thu Jan 5 17:03:22 UTC 2023",
        "Machine": "x86_64",
        "Processor": "Intel(R) Xeon(R) W-2155 CPU @ 3.30GHz",
        "Physical cores": 10,
        "Total cores": 20,
        "Max Frequency": 4500.0,
        "Min Frequency": 1200.0,
        "Current Frequency": 1218.5253000000002,
        "Total": 67103240192,
        "Available": 64571768832,
        "Used": 1789698048
    },
    "input_transform": {
        "__kind__": "instance",
        "args": [],
        "class": "gluonts.transform._base.Chain",
        "kwargs": {
            "trans": [
                {
                    "__kind__": "instance",
                    "args": [],
                    "class": "gluonts.transform._base.Chain",
                    "kwargs": {
                        "trans": [
                            {
                                "__kind__": "instance",
                                "args": [],
                                "class": "gluonts.transform.field.RemoveFields",
                                "kwargs": {
                                    "field_names": [
                                        "feat_dynamic_cat",
                                        "feat_static_real",
                                        "feat_dynamic_real"
                                    ]
                                }
                            },
                            {
                                "__kind__": "instance",
                                "args": [],
                                "class": "gluonts.transform.field.SetField",
                                "kwargs": {
                                    "output_field": "feat_static_cat",
                                    "value": [
                                        0.0
                                    ]
                                }
                            },
                            {
                                "__kind__": "instance",
                                "args": [],
                                "class": "gluonts.transform.field.SetField",
                                "kwargs": {
                                    "output_field": "feat_static_real",
                                    "value": [
                                        0.0
                                    ]
                                }
                            },
                            {
                                "__kind__": "instance",
                                "args": [],
                                "class": "gluonts.transform.convert.AsNumpyArray",