{
    "directory_name": "infer_2023_03_20_12_13_23",
    "validation_results": {
        "metrics": {
            "aggregated": {
                "MSE": 6.182522652343123e+16,
                "abs_error": 9850583607.683239,
                "abs_target_sum": 9845278354.646019,
                "abs_target_mean": 45579992.382620454,
                "seasonal_error": 377222.37725882477,
                "MASE": 22.127445776032708,
                "MAPE": 0.2515341549539842,
                "sMAPE": 0.36288738495303724,
                "MSIS": 734.529082189139,
                "QuantileLoss[0.1]": 2126279927.486979,
                "Coverage[0.1]": 0.12037037037037036,
                "QuantileLoss[0.5]": 9850583607.683239,
                "Coverage[0.5]": 0.33333333333333326,
                "QuantileLoss[0.9]": 16313738251.13242,
                "Coverage[0.9]": 0.5324074074074073,
                "RMSE": 248646790.6960217,
                "NRMSE": 5.455174029182817,
                "ND": 1.0005388626757024,
                "wQuantileLoss[0.1]": 0.21596950851913502,
                "wQuantileLoss[0.5]": 1.0005388626757024,
                "wQuantileLoss[0.9]": 1.6570113777873952,
                "mean_absolute_QuantileLoss": 9430200595.434212,
                "mean_wQuantileLoss": 0.9578399163274108,
                "MAE_Coverage": 0.1848765432098766,
                "OWA": NaN
            },
            "contained_nan": false
        },
        "start": 1679310803.4748032,
        "end": 1679310804.8928323,
        "num_samples": 100,
        "model": {
            "params": 116,
            "fsize": 4264
        }
    },
    "type": [
        "gluonts.mx.model.predictor.RepresentableBlockPredictor"
    ],
    "version": {
        "model": "0.11.8",
        "gluonts": "0.11.8"
    },
    "config": {
        "dataset": "cif_2016_dataset",
        "model": "gpforecaster",
        "output_dir": "mnt_data/results",
        "ds_seed": 42,
        "epochs": 100,
        "datadir": "mnt_data/data",
        "cpu_monitor_interval": 0.5,
        "seed": 42,
        "timestamp": "2023_03_20_12_13_23",
        "lag": 15,
        "external_forecast_horizon": 6,
        "train_logdir": "mnt_data/results/train_2023_03_20_12_13_15"
    },
    "execution_platform": {
        "System": "Linux",
        "Node Name": "ls8ws022",
        "Release": "5.4.0-137-generic",
        "Version": "#154-Ubuntu SMP Thu Jan 5 17:03:22 UTC 2023",
        "Machine": "x86_64",
        "Processor": "Intel(R) Xeon(R) W-2155 CPU @ 3.30GHz",
        "Physical cores": 10,
        "Total cores": 20,
        "Max Frequency": 4500.0,
        "Min Frequency": 1200.0,
        "Current Frequency": 1202.4565499999999,
        "Total": 67103240192,
        "Available": 64844578816,
        "Used": 1516937216
    },
    "parameters": {
        "batch_size": 32,
        "ctx": {
            "__kind__": "instance",
            "args": [
                "cpu",
                0
            ],
            "class": "mxnet.context.Context"
        },
        "dtype": {
            "__kind__": "type",
            "class": "numpy.float64"
        },
        "forecast_generator": {
            "__kind__": "instance",
            "args": [],
            "class": "gluonts.model.forecast_generator.SampleForecastGenerator",
            "kwargs": {}
        },
        "input_names": [
            "past_target",
            "past_time_feat",
            "future_time_feat",
            "feat_static_cat"
        ],
        "lead_time": 0,
        "prediction_length": 6
    },
    "input_transform": {
        "__kind__": "instance",
        "args": [],
        "class": "gluonts.transform._base.Chain",
        "kwargs": {
            "trans": [
                {
                    "__kind__": "instance",
                    "args": [],
                    "class": "gluonts.transform._base.Chain",
                    "kwargs": {
                        "trans": [
                            {
                                "__kind__": "instance",
                                "args": [],
                                "class": "gluonts.transform._base.Chain",
                                "kwargs": {
                                    "trans": [
                                        {
                                            "__kind__": "instance",
                                            "args": [],
                                            "class": "gluonts.transform._base.Chain",
                                            "kwargs": {
                                                "trans": [
                                                    {
                                                        "__kind__": "instance",
                                                        "args": [],
                                                        "class": "gluonts.transform.convert.AsNumpyArray",
                                                        "kwargs": {
                                                            "dtype": {
                                                                "__kind__": "type",
                                                                "class": "numpy.float32"
                                                            },
                                                            "expected_ndim": 1,
                                                            "field": "target"
                                                        }
                                                    },
                                                    {
                                                        "__kind__": "instance",
                                                        "args": [],
                                                        "class": "gluonts.transform.feature.AddTimeFeatures",
                                                        "kwargs": {
                                                            "dtype": {
                                                                "__kind__": "type",
                                                                "class": "numpy.float32"
                                                            },
                                                            "output_field": "time_feat",
                                                            "pred_length": 6,
                                                            "start_field": "start",
                                                            "target_field": "target",
                                                            "time_features": [
                                                                {
                                                                    "__kind__": "type",
                                                                    "class": "gluonts.time_feature._base.month_of_year"
                                                                }
                                                            ]
                                                        }
                                                    }
                                                ]
                                            }
                                        },
                                        {
                                            "__kind__": "instance",
                                            "args": [],
                                            "class": "gluonts.transform.field.SetFieldIfNotPresent",
                                            "kwargs": {
                                                "field": "feat_static_cat",