{
    "directory_name": "infer_2023_03_19_18_55_24",
    "validation_results": {
        "metrics": {
            "aggregated": {
                "MSE": 1.0627453271715145e+34,
                "abs_error": 7.74874222338364e+18,
                "abs_target_sum": 8.554306675492554e+19,
                "abs_target_mean": 3.168261731663909e+17,
                "seasonal_error": 2484254926068258.5,
                "MASE": 17.999917027742462,
                "MAPE": 0.23347630412490275,
                "sMAPE": 0.19431057417834247,
                "MSIS": 152.80686039827734,
                "QuantileLoss[0.1]": 3.1730622761780623e+18,
                "Coverage[0.1]": 0.36296296296296293,
                "QuantileLoss[0.5]": 7.748741811068876e+18,
                "Coverage[0.5]": 0.7074074074074074,
                "QuantileLoss[0.9]": 1.0076807774404968e+19,
                "Coverage[0.9]": 0.7259259259259259,
                "RMSE": 1.0308954006937438e+17,
                "NRMSE": 0.3253820195443063,
                "ND": 0.09058293696183706,
                "wQuantileLoss[0.1]": 0.0370931554893706,
                "wQuantileLoss[0.5]": 0.09058293214186999,
                "wQuantileLoss[0.9]": 0.11779806542678982,
                "mean_absolute_QuantileLoss": 6.999537287217303e+18,
                "mean_wQuantileLoss": 0.08182471768601014,
                "MAE_Coverage": 0.21481481481481482,
                "OWA": NaN
            },
            "contained_nan": false
        },
        "start": 1679248524.144854,
        "end": 1679248525.6034148,
        "num_samples": 100,
        "model": {
            "params": 117102,
            "fsize": 473774
        }
    },
    "requirements": [
        "# 3.7.7 (default, Mar 23 2020, 22:36:06)",
        "# [GCC 7.3.0]",
        "wrapt==1.11.2",
        "typed-ast==1.4.0",
        "six==1.12.0",
        "setuptools==41.6.0",
        "pytz==2019.3",
        "python-dateutil==2.8.0",
        "pyparsing==2.4.2",
        "pylint==2.4.3",
        "numpy==1.17.3",
        "mccabe==0.6.1",
        "matplotlib==3.1.1",
        "lazy-object-proxy==1.4.3",
        "kiwisolver==1.1.0",
        "isort==4.3.21",
        "cycler==0.10.0",
        "astroid==2.3.2",
        "zipp==3.14.0",
        "xgboost==1.6.2",
        "wheel==0.37.1",
        "werkzeug==2.2.3",
        "urllib3==1.26.14",
        "typing-extensions==4.4.0",
        "tqdm==4.64.1",
        "toolz==0.12.0",
        "threadpoolctl==3.1.0",
        "tenacity==8.2.2",
        "scipy==1.7.3",
        "scikit-learn==1.0.2",
        "rpy2==2.9.4",
        "requests==2.28.2",
        "reportlab==3.6.12",
        "qrcode==7.4.2",
        "pypng==0.20220715.0",
        "pynvml==11.4.1",
        "pymupdf==1.21.1",
        "pydantic==1.10.4",
        "pyarrow==8.0.0",
        "py-rapl==0.1",
        "py-cpuinfo==9.0.0",
        "psutil==5.9.4",
        "plotly==5.13.1",
        "pip==22.3.1",
        "pint==0.18",
        "pillow==9.4.0",
        "pandas==1.3.5",
        "packaging==23.0",
        "orjson==3.8.5",
        "mxnet==1.9.1",
        "markupsafe==2.1.1",
        "joblib==1.2.0",
        "jinja2==3.1.2",
        "itsdangerous==2.1.2",
        "importlib-metadata==6.0.0",
        "idna==3.4",
        "graphviz==0.8.4",
        "gluonts==0.11.8",
        "fuzzywuzzy==0.18.0",
        "flask==2.2.3",
        "dash==2.8.1",
        "dash-table==5.0.0",
        "dash-html-components==2.0.0",
        "dash-core-components==2.0.0",
        "dash-bootstrap-components==1.4.0",
        "codecarbon==2.1.4",
        "click==8.1.3",
        "charset-normalizer==3.0.1",
        "certifi==2022.12.7",
        "arrow==1.2.3"
    ],
    "input_transform": {
        "__kind__": "instance",
        "args": [],
        "class": "gluonts.transform._base.Chain",
        "kwargs": {
            "trans": [
                {
                    "__kind__": "instance",
                    "args": [],
                    "class": "gluonts.transform._base.Chain",
                    "kwargs": {
                        "trans": [
                            {
                                "__kind__": "instance",
                                "args": [],
                                "class": "gluonts.transform.field.RemoveFields",
                                "kwargs": {
                                    "field_names": [
                                        "feat_dynamic_cat",
                                        "feat_static_real",
                                        "past_feat_dynamic_real",
                                        "feat_dynamic_real",
                                        "feat_static_cat"
                                    ]
                                }
                            },
                            {
                                "__kind__": "instance",
                                "args": [],
                                "class": "gluonts.transform.feature.AddObservedValuesIndicator",
                                "kwargs": {
                                    "dtype": {
                                        "__kind__": "type",
                                        "class": "numpy.float32"
                                    },
                                    "imputation_method": {
                                        "__kind__": "instance",
                                        "args": [],
                                        "class": "gluonts.transform.feature.DummyValueImputation",
                                        "kwargs": {
                                            "dummy_value": 0.0
                                        }
                                    },
                                    "output_field": "observed_values",
                                    "target_field": "target"
                                }
                            },
                            {
                                "__kind__": "instance",
                                "args": [],
                                "class": "gluonts.transform.feature.AddTimeFeatures",
                                "kwargs": {
                                    "dtype": {
                                        "__kind__": "type",
                                        "class": "numpy.float32"
                                    },
                                    "output_field": "time_feat",
                                    "pred_length": 30,
                                    "start_field": "start",
                                    "target_field": "target",
                                    "time_features": [
                                        {
                                            "__kind__": "type",
                                            "class": "gluonts.time_feature._base.day_of_week"
                                        },
                                        {
                                            "__kind__": "type",
                                            "class": "gluonts.time_feature._base.day_of_month"
                                        },
                                        {
                                            "__kind__": "type",
                                            "class": "gluonts.time_feature._base.day_of_year"
                                        }
                                    ]
                                }
                            },
                            {
                                "__kind__": "instance",
                                "args": [],
                                "class": "gluonts.transform.field.RenameFields",