{
    "directory_name": "infer_2023_03_19_14_09_46",
    "parameters": {
        "batch_size": 32,
        "ctx": {
            "__kind__": "instance",
            "args": [
                "cpu",
                0
            ],
            "class": "mxnet.context.Context"
        },
        "dtype": {
            "__kind__": "type",
            "class": "numpy.float32"
        },
        "forecast_generator": {
            "__kind__": "instance",
            "args": [],
            "class": "gluonts.model.forecast_generator.SampleForecastGenerator",
            "kwargs": {}
        },
        "input_names": [
            "past_target",
            "past_observed_values",
            "future_target",
            "future_observed_values"
        ],
        "lead_time": 0,
        "prediction_length": 13
    },
    "validation_results": {
        "metrics": {
            "aggregated": {
                "MSE": 445435.83986389387,
                "abs_error": 825794.3994140625,
                "abs_target_sum": 10887294.696289062,
                "abs_target_mean": 4678.682722943301,
                "seasonal_error": 211.56495379923606,
                "MASE": 3.356366447141484,
                "MAPE": 0.0925091100279538,
                "sMAPE": 0.09553968093786622,
                "MSIS": 134.2546593971956,
                "QuantileLoss[0.1]": 628741.4838195802,
                "Coverage[0.1]": 0.4507950150408251,
                "QuantileLoss[0.5]": 825794.4117736816,
                "Coverage[0.5]": 0.4507950150408251,
                "QuantileLoss[0.9]": 1022847.3397277832,
                "Coverage[0.9]": 0.4507950150408251,
                "RMSE": 667.4097990469528,
                "NRMSE": 0.14264908278009789,
                "ND": 0.07584936593068752,
                "wQuantileLoss[0.1]": 0.05775001975779041,
                "wQuantileLoss[0.5]": 0.07584936706592078,
                "wQuantileLoss[0.9]": 0.09394871437405117,
                "mean_absolute_QuantileLoss": 825794.4117736816,
                "mean_wQuantileLoss": 0.07584936706592078,
                "MAE_Coverage": 0.283068328319725,
                "OWA": NaN
            },
            "contained_nan": false
        },
        "start": 1679231386.6598465,
        "end": 1679231390.7038152,
        "num_samples": 100,
        "model": {
            "params": 25696419,
            "fsize": 102822284
        }
    },
    "config": {
        "dataset": "m4_weekly_dataset",
        "model": "nbeats",
        "output_dir": "mnt_data/results",
        "ds_seed": 124,
        "epochs": 100,
        "datadir": "mnt_data/data",
        "cpu_monitor_interval": 0.5,
        "seed": 42,
        "timestamp": "2023_03_19_14_09_46",
        "lag": 65,
        "train_logdir": "mnt_data/results/train_2023_03_19_13_57_59"
    },
    "version": {
        "model": "0.11.8",
        "gluonts": "0.11.8"
    },
    "input_transform": {
        "__kind__": "instance",
        "args": [],
        "class": "gluonts.transform._base.Chain",
        "kwargs": {
            "trans": [
                {
                    "__kind__": "instance",
                    "args": [],
                    "class": "gluonts.transform.feature.AddObservedValuesIndicator",
                    "kwargs": {
                        "dtype": {
                            "__kind__": "type",
                            "class": "numpy.float32"
                        },
                        "imputation_method": {
                            "__kind__": "instance",
                            "args": [],
                            "class": "gluonts.transform.feature.DummyValueImputation",
                            "kwargs": {
                                "dummy_value": 0.0
                            }
                        },
                        "output_field": "observed_values",
                        "target_field": "target"
                    }
                },
                {
                    "__kind__": "instance",
                    "args": [],
                    "class": "gluonts.transform.split.InstanceSplitter",
                    "kwargs": {
                        "dummy_value": 0.0,
                        "forecast_start_field": "forecast_start",
                        "future_length": 13,
                        "instance_sampler": {
                            "__kind__": "instance",
                            "class": "gluonts.transform.sampler.PredictionSplitSampler",
                            "kwargs": {
                                "allow_empty_interval": false,
                                "axis": -1,
                                "min_future": 0,
                                "min_past": 0
                            }
                        },
                        "is_pad_field": "is_pad",
                        "lead_time": 0,
                        "output_NTC": true,
                        "past_length": 65,
                        "start_field": "start",
                        "target_field": "target",
                        "time_series_fields": [
                            "observed_values"
                        ]
                    }
                }
            ]
        }
    },
    "prediction_net-network": {
        "__kind__": "instance",
        "args": [],
        "class": "gluonts.mx.model.n_beats._network.NBEATSPredictionNetwork",
        "kwargs": {
            "context_length": 65,
            "expansion_coefficient_lengths": [
                32,
                32,
                32,
                32,
                32,
                32,
                32,
                32,
                32,
                32,
                32,
                32,
                32,
                32,
                32,
                32,
                32,
                32,
                32,
                32,
                32,
                32,
                32,
                32,
                32,
                32,
                32,
                32,
                32,
                32
            ],
            "num_block_layers": [
                4,
                4,
                4,
                4,
                4,
                4,
                4,
                4,
                4,
                4,
                4,
                4,
                4,
                4,
                4,
                4,
                4,
                4,
                4,
                4,
                4,
                4,
                4,
                4,
                4,
                4,
                4,
                4,
                4,
                4
            ],
            "num_blocks": [
                1,
                1,
                1,
                1,
                1,
                1,
                1,
                1,
                1,
                1,
                1,
                1,
                1,
                1,
                1,
                1,
                1,
                1,
                1,
                1,
                1,
                1,
                1,
                1,
                1,
                1,
                1,
                1,
                1,
                1
            ],
            "num_stacks": 30,
            "prediction_length": 13,
            "scale": false,