{
    "directory_name": "infer_2023_03_09_13_50_32",
    "validation_results": {
        "metrics": {
            "aggregated": {
                "MSE": 39.53480956913422,
                "abs_error": 26881.607460021973,
                "abs_target_sum": 120931.51168823242,
                "abs_target_mean": 19.454876397720792,
                "seasonal_error": 6.58155905720786,
                "MASE": 0.6910672500246816,
                "MAPE": 0.5455402453241583,
                "sMAPE": 0.25178866573589037,
                "MSIS": 6.4184267266305985,
                "QuantileLoss[0.1]": 13467.74940829277,
                "Coverage[0.1]": 0.10907335907335908,
                "QuantileLoss[0.5]": 26881.607261896133,
                "Coverage[0.5]": 0.401866151866152,
                "QuantileLoss[0.9]": 16560.99200310707,
                "Coverage[0.9]": 0.7413127413127415,
                "RMSE": 6.28767123577038,
                "NRMSE": 0.32319255631493,
                "ND": 0.22228786430226824,
                "wQuantileLoss[0.1]": 0.11136674982624307,
                "wQuantileLoss[0.5]": 0.22228786266393727,
                "wQuantileLoss[0.9]": 0.13694521611374666,
                "mean_absolute_QuantileLoss": 18970.11622443199,
                "mean_wQuantileLoss": 0.15686660953464235,
                "MAE_Coverage": 0.08863148863148855,
                "OWA": NaN
            }
        },
        "start": 1678366232.4676957,
        "end": 1678366233.9637785,
        "num_samples": 100,
        "model": {
            "params": 469962,
            "fsize": 1885410
        }
    },
    "prediction_net-network": {
        "__kind__": "instance",
        "args": [],
        "class": "gluonts.mx.model.seq2seq._forking_network.ForkingSeq2SeqPredictionNetwork",
        "kwargs": {
            "cardinality": [
                1
            ],
            "context_length": 9,
            "decoder": {
                "__kind__": "instance",
                "args": [],
                "class": "gluonts.mx.block.decoder.ForkingMLPDecoder",
                "kwargs": {
                    "dec_len": 56,
                    "final_dim": 30,
                    "hidden_dimension_sequence": [],
                    "prefix": "decoder_"
                }
            },
            "distr_output": null,
            "dtype": {
                "__kind__": "type",
                "class": "numpy.float32"
            },
            "embedding_dimension": [
                1
            ],
            "enc2dec": {
                "__kind__": "instance",
                "args": [],
                "class": "gluonts.mx.block.enc2dec.FutureFeatIntegratorEnc2Dec",
                "kwargs": {}
            },
            "encoder": {
                "__kind__": "instance",
                "args": [],
                "class": "gluonts.mx.block.encoder.RNNEncoder",
                "kwargs": {
                    "bidirectional": true,
                    "hidden_size": 50,
                    "mode": "gru",
                    "num_layers": 1,
                    "prefix": "encoder_",
                    "use_dynamic_feat": true,
                    "use_static_feat": true
                }
            },
            "num_forking": 9,
            "quantile_output": {
                "__kind__": "instance",
                "args": [],
                "class": "gluonts.mx.block.quantile_output.IncrementalQuantileOutput",
                "kwargs": {
                    "quantile_weights": null,
                    "quantiles": [
                        0.025,
                        0.1,
                        0.2,
                        0.3,
                        0.4,
                        0.5,
                        0.6,
                        0.7,
                        0.8,
                        0.9,
                        0.975
                    ]
                }
            },
            "scaling": false,
            "scaling_decoder_dynamic_feature": false
        }
    },
    "version": {
        "model": "0.11.8",
        "gluonts": "0.11.8"
    },
    "type": [
        "gluonts.mx.model.predictor.RepresentableBlockPredictor"
    ],
    "requirements": [
        "# 3.7.7 (default, Mar 23 2020, 22:36:06)",
        "# [GCC 7.3.0]",
        "wrapt==1.11.2",
        "typed-ast==1.4.0",
        "six==1.12.0",
        "setuptools==41.6.0",
        "pytz==2019.3",
        "python-dateutil==2.8.0",
        "pyparsing==2.4.2",
        "pylint==2.4.3",
        "numpy==1.17.3",
        "mccabe==0.6.1",
        "matplotlib==3.1.1",
        "lazy-object-proxy==1.4.3",
        "kiwisolver==1.1.0",
        "isort==4.3.21",
        "cycler==0.10.0",
        "astroid==2.3.2",
        "zipp==3.14.0",
        "xgboost==1.6.2",
        "wheel==0.37.1",
        "werkzeug==2.2.3",
        "urllib3==1.26.14",
        "typing-extensions==4.4.0",
        "tqdm==4.64.1",
        "toolz==0.12.0",
        "threadpoolctl==3.1.0",
        "tenacity==8.2.2",
        "scipy==1.7.3",
        "scikit-learn==1.0.2",
        "rpy2==2.9.4",
        "requests==2.28.2",
        "reportlab==3.6.12",
        "qrcode==7.4.2",
        "pypng==0.20220715.0",
        "pynvml==11.4.1",
        "pymupdf==1.21.1",
        "pydantic==1.10.4",
        "pyarrow==8.0.0",
        "py-rapl==0.1",
        "py-cpuinfo==9.0.0",
        "psutil==5.9.4",
        "plotly==5.13.1",
        "pip==22.3.1",
        "pint==0.18",
        "pillow==9.4.0",
        "pandas==1.3.5",
        "packaging==23.0",
        "orjson==3.8.5",
        "mxnet==1.9.1",
        "markupsafe==2.1.1",
        "joblib==1.2.0",
        "jinja2==3.1.2",
        "itsdangerous==2.1.2",
        "importlib-metadata==6.0.0",
        "idna==3.4",
        "graphviz==0.8.4",
        "gluonts==0.11.8",
        "fuzzywuzzy==0.18.0",
        "flask==2.2.3",
        "dash==2.8.1",
        "dash-table==5.0.0",
        "dash-html-components==2.0.0",
        "dash-core-components==2.0.0",
        "dash-bootstrap-components==1.4.0",
        "codecarbon==2.1.4",
        "click==8.1.3",
        "charset-normalizer==3.0.1",
        "certifi==2022.12.7",
        "arrow==1.2.3"
    ],
    "parameters": {
        "batch_size": 32,
        "ctx": {
            "__kind__": "instance",
            "args": [
                "cpu",
                0
            ],
            "class": "mxnet.context.Context"
        },
        "dtype": {
            "__kind__": "type",
            "class": "numpy.float32"
        },
        "forecast_generator": {
            "__kind__": "instance",
            "args": [],
            "class": "gluonts.model.forecast_generator.QuantileForecastGenerator",
            "kwargs": {
                "quantiles": [
                    "0.025",
                    "0.1",
                    "0.2",
                    "0.3",
                    "0.4",
                    "0.5",
                    "0.6",
                    "0.7",
                    "0.8",
                    "0.9",
                    "0.975"
                ]
            }
        },
        "input_names": [
            "past_target",
            "past_feat_dynamic",
            "future_feat_dynamic",
            "feat_static_cat",
            "past_observed_values"
        ],
        "lead_time": 0,
        "prediction_length": 56
    },
    "emissions": {
        "timestamp": {
            "0": "2023-03-09T13:50:33",
            "1": "2023-03-09T13:50:33"
        },
        "project_name": {
            "0": "codecarbon",
            "1": "codecarbon"
        },
        "run_id": {
            "0": "cd61789c-4e0d-44df-bb1c-55281a1098a4",
            "1": "cd61789c-4e0d-44df-bb1c-55281a1098a4"
        },
        "duration": {
            "0": 0.0068640708923339,
            "1": 0.1554346084594726
        },
        "emissions": {
            "0": 1.7742323560514717e-08,
            "1": 6.300383203635218e-07
        },