{
    "directory_name": "infer_2023_03_11_14_21_55",
    "version": {
        "model": "0.11.8",
        "gluonts": "0.11.8"
    },
    "validation_results": {
        "metrics": {
            "aggregated": {
                "MSE": 673164.6721190497,
                "abs_error": 23101559.728185207,
                "abs_target_sum": 383097653.5168457,
                "abs_target_mean": 6473.649895515999,
                "seasonal_error": 52.7807556014345,
                "MASE": 7.300699818750434,
                "MAPE": 0.07518833411866817,
                "sMAPE": 0.060965000898527404,
                "MSIS": 109.12431098955155,
                "QuantileLoss[0.1]": 8428847.24308221,
                "Coverage[0.1]": 0.025127581195714625,
                "QuantileLoss[0.5]": 23101559.728185207,
                "Coverage[0.5]": 0.0911149413633445,
                "QuantileLoss[0.9]": 20310091.34128433,
                "Coverage[0.9]": 0.3038629220318361,
                "RMSE": 820.4661310005732,
                "NRMSE": 0.12673934244866603,
                "ND": 0.06030201311888061,
                "wQuantileLoss[0.1]": 0.022001824249522777,
                "wQuantileLoss[0.5]": 0.06030201311888061,
                "wQuantileLoss[0.9]": 0.05301544176748983,
                "mean_absolute_QuantileLoss": 17280166.104183916,
                "mean_wQuantileLoss": 0.04510642637863107,
                "MAE_Coverage": 0.35996485180303495,
                "OWA": NaN
            }
        },
        "start": 1678540915.8553255,
        "end": 1678540917.315916,
        "num_samples": 100,
        "model": {
            "params": 12689,
            "fsize": 104997
        }
    },
    "input_transform": {
        "__kind__": "instance",
        "args": [],
        "class": "gluonts.transform._base.Chain",
        "kwargs": {
            "trans": [
                {
                    "__kind__": "instance",
                    "args": [],
                    "class": "gluonts.transform._base.Chain",
                    "kwargs": {
                        "trans": [
                            {
                                "__kind__": "instance",
                                "args": [],
                                "class": "gluonts.transform._base.Chain",
                                "kwargs": {
                                    "trans": [
                                        {
                                            "__kind__": "instance",
                                            "args": [],
                                            "class": "gluonts.transform._base.Chain",
                                            "kwargs": {
                                                "trans": [
                                                    {
                                                        "__kind__": "instance",
                                                        "args": [],
                                                        "class": "gluonts.transform.convert.AsNumpyArray",
                                                        "kwargs": {
                                                            "dtype": {
                                                                "__kind__": "type",
                                                                "class": "numpy.float32"
                                                            },
                                                            "expected_ndim": 1,
                                                            "field": "target"
                                                        }
                                                    },
                                                    {
                                                        "__kind__": "instance",
                                                        "args": [],
                                                        "class": "gluonts.transform.feature.AddTimeFeatures",
                                                        "kwargs": {
                                                            "dtype": {
                                                                "__kind__": "type",
                                                                "class": "numpy.float32"
                                                            },
                                                            "output_field": "time_feat",
                                                            "pred_length": 14,
                                                            "start_field": "start",
                                                            "target_field": "target",
                                                            "time_features": [
                                                                {
                                                                    "__kind__": "type",
                                                                    "class": "gluonts.time_feature._base.day_of_week"
                                                                },
                                                                {
                                                                    "__kind__": "type",
                                                                    "class": "gluonts.time_feature._base.day_of_month"
                                                                },
                                                                {
                                                                    "__kind__": "type",
                                                                    "class": "gluonts.time_feature._base.day_of_year"
                                                                }
                                                            ]
                                                        }
                                                    }
                                                ]
                                            }
                                        },
                                        {
                                            "__kind__": "instance",
                                            "args": [],
                                            "class": "gluonts.transform.field.SetFieldIfNotPresent",
                                            "kwargs": {
                                                "field": "feat_static_cat",
                                                "value": [
                                                    0.0
                                                ]
                                            }
                                        }
                                    ]
                                }
                            },
                            {
                                "__kind__": "instance",
                                "args": [],
                                "class": "gluonts.transform.convert.AsNumpyArray",
                                "kwargs": {
                                    "dtype": {
                                        "__kind__": "type",
                                        "class": "numpy.float32"
                                    },
                                    "expected_ndim": 1,
                                    "field": "feat_static_cat"
                                }
                            }
                        ]
                    }
                },
                {
                    "__kind__": "instance",
                    "args": [],
                    "class": "gluonts.transform.split.CanonicalInstanceSplitter",
                    "kwargs": {
                        "allow_target_padding": false,
                        "forecast_start_field": "forecast_start",
                        "instance_length": 9,