{
    "directory_name": "infer_2023_03_19_18_52_06",
    "validation_results": {
        "metrics": {
            "aggregated": {
                "MSE": 6.12293861754585e+21,
                "abs_error": 7038608271791.507,
                "abs_target_sum": 7038760910554.457,
                "abs_target_mean": 26069484853.905396,
                "seasonal_error": 70386959.88540536,
                "MASE": 66.59708836780311,
                "MAPE": 0.6792844577251534,
                "sMAPE": 1.1206052252268535,
                "MSIS": 2541.5895161774224,
                "QuantileLoss[0.1]": 1409262522762.2717,
                "Coverage[0.1]": 0.0,
                "QuantileLoss[0.5]": 7038608271791.507,
                "Coverage[0.5]": 0.09259259259259259,
                "QuantileLoss[0.9]": 12656620979805.135,
                "Coverage[0.9]": 0.18148148148148147,
                "RMSE": 78249208414.81944,
                "NRMSE": 3.0015632780368176,
                "ND": 0.9999783145407424,
                "wQuantileLoss[0.1]": 0.2002145747910141,
                "wQuantileLoss[0.5]": 0.9999783145407424,
                "wQuantileLoss[0.9]": 1.7981319639408164,
                "mean_absolute_QuantileLoss": 7034830591452.972,
                "mean_wQuantileLoss": 0.9994416177575243,
                "MAE_Coverage": 0.40864197530864194,
                "OWA": NaN
            },
            "contained_nan": false
        },
        "start": 1679248327.0677857,
        "end": 1679248328.4796524,
        "num_samples": 100,
        "model": {
            "params": 35,
            "fsize": 3762
        }
    },
    "input_transform": {
        "__kind__": "instance",
        "args": [],
        "class": "gluonts.transform._base.Chain",
        "kwargs": {
            "trans": [
                {
                    "__kind__": "instance",
                    "args": [],
                    "class": "gluonts.transform._base.Chain",
                    "kwargs": {
                        "trans": [
                            {
                                "__kind__": "instance",
                                "args": [],
                                "class": "gluonts.transform._base.Chain",
                                "kwargs": {
                                    "trans": [
                                        {
                                            "__kind__": "instance",
                                            "args": [],
                                            "class": "gluonts.transform._base.Chain",
                                            "kwargs": {
                                                "trans": [
                                                    {
                                                        "__kind__": "instance",
                                                        "args": [],
                                                        "class": "gluonts.transform.convert.AsNumpyArray",
                                                        "kwargs": {
                                                            "dtype": {
                                                                "__kind__": "type",
                                                                "class": "numpy.float32"
                                                            },
                                                            "expected_ndim": 1,
                                                            "field": "target"
                                                        }
                                                    },
                                                    {
                                                        "__kind__": "instance",
                                                        "args": [],
                                                        "class": "gluonts.transform.feature.AddTimeFeatures",
                                                        "kwargs": {
                                                            "dtype": {
                                                                "__kind__": "type",
                                                                "class": "numpy.float32"
                                                            },
                                                            "output_field": "time_feat",
                                                            "pred_length": 30,
                                                            "start_field": "start",
                                                            "target_field": "target",
                                                            "time_features": [
                                                                {
                                                                    "__kind__": "type",
                                                                    "class": "gluonts.time_feature._base.day_of_week"
                                                                },
                                                                {
                                                                    "__kind__": "type",
                                                                    "class": "gluonts.time_feature._base.day_of_month"
                                                                },
                                                                {
                                                                    "__kind__": "type",
                                                                    "class": "gluonts.time_feature._base.day_of_year"
                                                                }
                                                            ]
                                                        }
                                                    }
                                                ]
                                            }
                                        },
                                        {
                                            "__kind__": "instance",
                                            "args": [],
                                            "class": "gluonts.transform.field.SetFieldIfNotPresent",
                                            "kwargs": {
                                                "field": "feat_static_cat",
                                                "value": [
                                                    0.0
                                                ]
                                            }
                                        }
                                    ]
                                }
                            },
                            {
                                "__kind__": "instance",
                                "args": [],
                                "class": "gluonts.transform.convert.AsNumpyArray",
                                "kwargs": {
                                    "dtype": {
                                        "__kind__": "type",
                                        "class": "numpy.float32"
                                    },
                                    "expected_ndim": 1,
                                    "field": "feat_static_cat"
                                }
                            }
                        ]
                    }
                },
                {
                    "__kind__": "instance",
                    "args": [],
                    "class": "gluonts.transform.split.CanonicalInstanceSplitter",
                    "kwargs": {
                        "allow_target_padding": false,
                        "forecast_start_field": "forecast_start",
                        "instance_length": 9,