{
    "directory_name": "infer_2023_03_20_19_39_43",
    "validation_results": {
        "metrics": {
            "aggregated": {
                "MSE": 1318078.1625236745,
                "abs_error": 511910.0,
                "abs_target_sum": 513444.0,
                "abs_target_mean": 648.2878787878788,
                "seasonal_error": 143.71649935000667,
                "MASE": 3.8383581820823442,
                "MAPE": 0.9506236228865959,
                "sMAPE": 1.8432360273419004,
                "MSIS": 88.50454254171454,
                "QuantileLoss[0.1]": 102572.6,
                "Coverage[0.1]": 0.00883838383838384,
                "QuantileLoss[0.5]": 511910.0,
                "Coverage[0.5]": 0.016414141414141412,
                "QuantileLoss[0.9]": 816569.8,
                "Coverage[0.9]": 0.35227272727272724,
                "RMSE": 1148.0758522517904,
                "NRMSE": 1.7709352431490446,
                "ND": 0.9970123324062604,
                "wQuantileLoss[0.1]": 0.19977368515359029,
                "wQuantileLoss[0.5]": 0.9970123324062604,
                "wQuantileLoss[0.9]": 1.5903775290002415,
                "mean_absolute_QuantileLoss": 477017.4666666666,
                "mean_wQuantileLoss": 0.9290545155200308,
                "MAE_Coverage": 0.3741582491582492,
                "OWA": NaN
            },
            "contained_nan": false
        },
        "start": 1679337583.507835,
        "end": 1679337585.0282755,
        "num_samples": 100,
        "model": {
            "params": 584,
            "fsize": 6289
        }
    },
    "requirements": [
        "# 3.7.7 (default, Mar 23 2020, 22:36:06)",
        "# [GCC 7.3.0]",
        "wrapt==1.11.2",
        "typed-ast==1.4.0",
        "six==1.12.0",
        "setuptools==41.6.0",
        "pytz==2019.3",
        "python-dateutil==2.8.0",
        "pyparsing==2.4.2",
        "pylint==2.4.3",
        "numpy==1.17.3",
        "mccabe==0.6.1",
        "matplotlib==3.1.1",
        "lazy-object-proxy==1.4.3",
        "kiwisolver==1.1.0",
        "isort==4.3.21",
        "cycler==0.10.0",
        "astroid==2.3.2",
        "zipp==3.14.0",
        "xgboost==1.6.2",
        "wheel==0.37.1",
        "werkzeug==2.2.3",
        "urllib3==1.26.14",
        "typing-extensions==4.4.0",
        "tqdm==4.64.1",
        "toolz==0.12.0",
        "threadpoolctl==3.1.0",
        "tenacity==8.2.2",
        "scipy==1.7.3",
        "scikit-learn==1.0.2",
        "rpy2==2.9.4",
        "requests==2.28.2",
        "reportlab==3.6.12",
        "qrcode==7.4.2",
        "pypng==0.20220715.0",
        "pynvml==11.4.1",
        "pymupdf==1.21.1",
        "pydantic==1.10.4",
        "pyarrow==8.0.0",
        "py-rapl==0.1",
        "py-cpuinfo==9.0.0",
        "psutil==5.9.4",
        "plotly==5.13.1",
        "pip==22.3.1",
        "pint==0.18",
        "pillow==9.4.0",
        "pandas==1.3.5",
        "packaging==23.0",
        "orjson==3.8.5",
        "mxnet==1.9.1",
        "markupsafe==2.1.1",
        "joblib==1.2.0",
        "jinja2==3.1.2",
        "itsdangerous==2.1.2",
        "importlib-metadata==6.0.0",
        "idna==3.4",
        "graphviz==0.8.4",
        "gluonts==0.11.8",
        "fuzzywuzzy==0.18.0",
        "flask==2.2.3",
        "dash==2.8.1",
        "dash-table==5.0.0",
        "dash-html-components==2.0.0",
        "dash-core-components==2.0.0",
        "dash-bootstrap-components==1.4.0",
        "codecarbon==2.1.4",
        "click==8.1.3",
        "charset-normalizer==3.0.1",
        "certifi==2022.12.7",
        "arrow==1.2.3"
    ],
    "emissions": {
        "timestamp": {
            "0": "2023-03-20T19:39:44"
        },
        "project_name": {
            "0": "codecarbon"
        },
        "run_id": {
            "0": "4b725456-fff9-4ef1-b487-22e4675202ad"
        },
        "duration": {
            "0": 0.0070118904113769
        },
        "emissions": {
            "0": 2.0349973849181163e-08
        },
        "emissions_rate": {
            "0": 0.0029022093408879
        },
        "cpu_power": {
            "0": 32.938333016007
        },
        "gpu_power": {
            "0": 1.13
        },
        "ram_power": {
            "0": 23.43553590774536
        },
        "cpu_energy": {
            "0": 6.01875481502645e-08
        },
        "gpu_energy": {
            "0": 5.912118487887912e-10
        },
        "ram_energy": {
            "0": 6.829126543076807e-09
        },
        "energy_consumed": {
            "0": 6.76078865421301e-08
        },
        "country_name": {
            "0": "Germany"
        },
        "country_iso_code": {
            "0": "DEU"
        },
        "region": {
            "0": NaN
        },
        "cloud_provider": {
            "0": NaN
        },
        "cloud_region": {
            "0": NaN
        },
        "os": {
            "0": "Linux-5.4.0-137-generic-x86_64-with-debian-bullseye-sid"
        },
        "python_version": {
            "0": "3.7.7"
        },
        "cpu_count": {
            "0": 20
        },
        "cpu_model": {
            "0": "Intel(R) Xeon(R) W-2155 CPU @ 3.30GHz"
        },
        "gpu_count": {
            "0": 1
        },
        "gpu_model": {
            "0": "1 x Quadro RTX 5000"
        },
        "longitude": {
            "0": NaN
        },
        "latitude": {
            "0": NaN
        },
        "ram_total_size": {
            "0": 62.4947624206543
        },
        "tracking_mode": {
            "0": "machine"
        },
        "on_cloud": {
            "0": "N"
        }
    },
    "parameters": {
        "batch_size": 32,
        "ctx": {
            "__kind__": "instance",
            "args": [
                "cpu",
                0
            ],
            "class": "mxnet.context.Context"
        },
        "dtype": {
            "__kind__": "type",
            "class": "numpy.float32"
        },
        "forecast_generator": {
            "__kind__": "instance",
            "args": [],
            "class": "gluonts.model.forecast_generator.SampleForecastGenerator",
            "kwargs": {}
        },
        "input_names": [
            "past_target",
            "time_remaining"
        ],
        "lead_time": 0,
        "prediction_length": 24
    },
    "input_transform": {
        "__kind__": "instance",
        "args": [],
        "class": "gluonts.transform._base.Chain",
        "kwargs": {
            "trans": [
                {
                    "__kind__": "instance",
                    "args": [],
                    "class": "gluonts.transform.feature.AddObservedValuesIndicator",
                    "kwargs": {
                        "dtype": {
                            "__kind__": "type",
                            "class": "numpy.float32"
                        },
                        "imputation_method": {
                            "__kind__": "instance",
                            "args": [],
                            "class": "gluonts.transform.feature.DummyValueImputation",
                            "kwargs": {
                                "dummy_value": 0.0
                            }
                        },
                        "output_field": "observed_values",
                        "target_field": "target"
                    }
                },
                {
                    "__kind__": "instance",
                    "args": [],
                    "class": "gluonts.transform._base.Chain",
                    "kwargs": {
                        "trans": [
                            {
                                "__kind__": "instance",
                                "args": [],
                                "class": "gluonts.transform.split.InstanceSplitter",
                                "kwargs": {
                                    "dummy_value": 0.0,
                                    "forecast_start_field": "forecast_start",