{
    "directory_name": "infer_2023_03_18_11_43_02",
    "validation_results": {
        "metrics": {
            "aggregated": {
                "MSE": 2094.0159267078748,
                "abs_error": 15454.959197998047,
                "abs_target_sum": 56488.34768676758,
                "abs_target_mean": 128.38260837901723,
                "seasonal_error": 15.51284062811669,
                "MASE": 2.348538064391665,
                "MAPE": 0.3050742312588475,
                "sMAPE": 0.27826116728511724,
                "MSIS": 63.521080028733216,
                "QuantileLoss[0.1]": 10570.598892974853,
                "Coverage[0.1]": 0.4068181818181818,
                "QuantileLoss[0.5]": 15454.95927810669,
                "Coverage[0.5]": 0.48409090909090907,
                "QuantileLoss[0.9]": 15074.318294525145,
                "Coverage[0.9]": 0.5772727272727273,
                "RMSE": 45.760418777671546,
                "NRMSE": 0.3564378334063401,
                "ND": 0.27359552599585735,
                "wQuantileLoss[0.1]": 0.1871288385277203,
                "wQuantileLoss[0.5]": 0.2735955274140019,
                "wQuantileLoss[0.9]": 0.26685712915721044,
                "mean_absolute_QuantileLoss": 13699.958821868895,
                "mean_wQuantileLoss": 0.24252716503297753,
                "MAE_Coverage": 0.21515151515151518,
                "OWA": NaN
            },
            "contained_nan": false
        },
        "start": 1679136182.433111,
        "end": 1679136183.8078277,
        "num_samples": 100,
        "model": {
            "params": 11806,
            "fsize": 51425
        }
    },
    "input_transform": {
        "__kind__": "instance",
        "args": [],
        "class": "gluonts.transform._base.Chain",
        "kwargs": {
            "trans": [
                {
                    "__kind__": "instance",
                    "args": [],
                    "class": "gluonts.transform._base.Chain",
                    "kwargs": {
                        "trans": [
                            {
                                "__kind__": "instance",
                                "args": [],
                                "class": "gluonts.transform.convert.AsNumpyArray",
                                "kwargs": {
                                    "dtype": {
                                        "__kind__": "type",
                                        "class": "numpy.float32"
                                    },
                                    "expected_ndim": 1,
                                    "field": "target"
                                }
                            },
                            {
                                "__kind__": "instance",
                                "args": [],
                                "class": "gluonts.transform.feature.AddTimeFeatures",
                                "kwargs": {
                                    "dtype": {
                                        "__kind__": "type",
                                        "class": "numpy.float32"
                                    },
                                    "output_field": "time_feat",
                                    "pred_length": 8,
                                    "start_field": "start",
                                    "target_field": "target",
                                    "time_features": [
                                        {
                                            "__kind__": "type",
                                            "class": "gluonts.time_feature._base.day_of_month"
                                        },
                                        {
                                            "__kind__": "type",
                                            "class": "gluonts.time_feature._base.week_of_year"
                                        }
                                    ]
                                }
                            },
                            {
                                "__kind__": "instance",
                                "args": [],
                                "class": "gluonts.transform.field.SetFieldIfNotPresent",
                                "kwargs": {
                                    "field": "feat_static_cat",
                                    "value": [
                                        0.0
                                    ]
                                }
                            },
                            {
                                "__kind__": "instance",
                                "args": [],
                                "class": "gluonts.transform.convert.AsNumpyArray",
                                "kwargs": {
                                    "dtype": {
                                        "__kind__": "type",
                                        "class": "numpy.float32"
                                    },
                                    "expected_ndim": 1,
                                    "field": "feat_static_cat"
                                }
                            }
                        ]
                    }
                },
                {
                    "__kind__": "instance",
                    "args": [],
                    "class": "gluonts.transform.split.InstanceSplitter",
                    "kwargs": {
                        "dummy_value": 0.0,
                        "forecast_start_field": "forecast_start",
                        "future_length": 8,
                        "instance_sampler": {
                            "__kind__": "instance",
                            "class": "gluonts.transform.sampler.PredictionSplitSampler",
                            "kwargs": {
                                "allow_empty_interval": false,
                                "axis": -1,
                                "min_future": 0,
                                "min_past": 0
                            }
                        },
                        "is_pad_field": "is_pad",
                        "lead_time": 0,
                        "output_NTC": true,
                        "past_length": 65,
                        "start_field": "start",
                        "target_field": "target",
                        "time_series_fields": [
                            "time_feat"
                        ]
                    }
                }
            ]
        }
    },