{
    "directory_name": "infer_2023_03_18_20_28_13",
    "type": [
        "gluonts.mx.model.predictor.RepresentableBlockPredictor"
    ],
    "validation_results": {
        "metrics": {
            "aggregated": {
                "MSE": 796583.9117864376,
                "abs_error": 1482990.8455810547,
                "abs_target_sum": 16223077.802734375,
                "abs_target_mean": 5364.7744056661295,
                "seasonal_error": 425.3299326734334,
                "MASE": 1.356702434353549,
                "MAPE": 0.10907276422179565,
                "sMAPE": 0.09926215151728934,
                "MSIS": 18.037405759948033,
                "QuantileLoss[0.1]": 874136.9801086427,
                "Coverage[0.1]": 0.08895502645502645,
                "QuantileLoss[0.5]": 1482990.841369629,
                "Coverage[0.5]": 0.4947089947089947,
                "QuantileLoss[0.9]": 902445.7521728515,
                "Coverage[0.9]": 0.8693783068783069,
                "RMSE": 892.5154966645888,
                "NRMSE": 0.1663658952223486,
                "ND": 0.09141242269892208,
                "wQuantileLoss[0.1]": 0.053882314486669615,
                "wQuantileLoss[0.5]": 0.09141242243932733,
                "wQuantileLoss[0.9]": 0.05562728374641374,
                "mean_absolute_QuantileLoss": 1086524.5245503744,
                "mean_wQuantileLoss": 0.06697400689080356,
                "MAE_Coverage": 0.015652557319224002,
                "OWA": NaN
            },
            "contained_nan": false
        },
        "start": 1679167693.6312156,
        "end": 1679167695.0917132,
        "num_samples": 100,
        "model": {
            "params": 13483,
            "fsize": 56805
        }
    },
    "emissions": {
        "timestamp": {
            "0": "2023-03-18T20:28:14"
        },
        "project_name": {
            "0": "codecarbon"
        },
        "run_id": {
            "0": "791ca907-e356-4e15-9740-c4e908f69c9d"
        },
        "duration": {
            "0": 0.0068602561950683
        },
        "emissions": {
            "0": 2.10456520045514e-08
        },
        "emissions_rate": {
            "0": 0.0030677647315388
        },
        "cpu_power": {
            "0": 35.585631845338554
        },
        "gpu_power": {
            "0": 1.218
        },
        "ram_power": {
            "0": 23.43553590774536
        },
        "cpu_energy": {
            "0": 6.322199502806214e-08
        },
        "gpu_energy": {
            "0": 5.928067366282143e-10
        },
        "ram_energy": {
            "0": 6.104307884982064e-09
        },
        "energy_consumed": {
            "0": 6.991910964967242e-08
        },
        "country_name": {
            "0": "Germany"
        },
        "country_iso_code": {
            "0": "DEU"
        },
        "region": {
            "0": NaN
        },
        "cloud_provider": {
            "0": NaN
        },
        "cloud_region": {
            "0": NaN
        },
        "os": {
            "0": "Linux-5.4.0-137-generic-x86_64-with-debian-bullseye-sid"
        },
        "python_version": {
            "0": "3.7.7"
        },
        "cpu_count": {
            "0": 20
        },
        "cpu_model": {
            "0": "Intel(R) Xeon(R) W-2155 CPU @ 3.30GHz"
        },
        "gpu_count": {
            "0": 1
        },
        "gpu_model": {
            "0": "1 x Quadro RTX 5000"
        },
        "longitude": {
            "0": NaN
        },
        "latitude": {
            "0": NaN
        },
        "ram_total_size": {
            "0": 62.4947624206543
        },
        "tracking_mode": {
            "0": "machine"
        },
        "on_cloud": {
            "0": "N"
        }
    },
    "parameters": {
        "batch_size": 32,
        "ctx": {
            "__kind__": "instance",
            "args": [
                "cpu",
                0
            ],
            "class": "mxnet.context.Context"
        },
        "dtype": {
            "__kind__": "type",
            "class": "numpy.float32"
        },
        "forecast_generator": {
            "__kind__": "instance",
            "args": [],
            "class": "gluonts.model.forecast_generator.SampleForecastGenerator",
            "kwargs": {}
        },
        "input_names": [
            "past_target"
        ],
        "lead_time": 0,
        "prediction_length": 8
    },
    "input_transform": {
        "__kind__": "instance",
        "args": [],
        "class": "gluonts.transform._base.Chain",
        "kwargs": {
            "trans": [
                {
                    "__kind__": "instance",
                    "args": [],
                    "class": "gluonts.transform._base.Chain",
                    "kwargs": {
                        "trans": [
                            {
                                "__kind__": "instance",
                                "args": [],
                                "class": "gluonts.transform.field.SelectFields",
                                "kwargs": {
                                    "allow_missing": true,
                                    "input_fields": [
                                        "item_id",
                                        "info",
                                        "start",
                                        "target"
                                    ]
                                }
                            },
                            {
                                "__kind__": "instance",
                                "args": [],
                                "class": "gluonts.transform.feature.AddObservedValuesIndicator",
                                "kwargs": {
                                    "dtype": {
                                        "__kind__": "type",
                                        "class": "numpy.float32"
                                    },
                                    "imputation_method": {
                                        "__kind__": "instance",
                                        "args": [],
                                        "class": "gluonts.transform.feature.DummyValueImputation",
                                        "kwargs": {
                                            "dummy_value": 0.0
                                        }
                                    },
                                    "output_field": "observed_values",
                                    "target_field": "target"
                                }
                            }
                        ]
                    }
                },
                {
                    "__kind__": "instance",
                    "args": [],
                    "class": "gluonts.transform.split.InstanceSplitter",
                    "kwargs": {
                        "dummy_value": 0.0,
                        "forecast_start_field": "forecast_start",
                        "future_length": 8,
                        "instance_sampler": {
                            "__kind__": "instance",
                            "class": "gluonts.transform.sampler.PredictionSplitSampler",
                            "kwargs": {
                                "allow_empty_interval": false,
                                "axis": -1,
                                "min_future": 0,
                                "min_past": 0
                            }
                        },
                        "is_pad_field": "is_pad",
                        "lead_time": 0,
                        "output_NTC": true,
                        "past_length": 5,
                        "start_field": "start",
                        "target_field": "target",
                        "time_series_fields": [
                            "observed_values"
                        ]
                    }
                }
            ]
        }
    },