{
    "directory_name": "infer_2023_03_17_19_27_21",
    "validation_results": {
        "metrics": {
            "aggregated": {
                "MSE": 910084.3913373161,
                "abs_error": 217753.4747314453,
                "abs_target_sum": 2154650.58984375,
                "abs_target_mean": 6337.207617187501,
                "seasonal_error": 918.053337545956,
                "MASE": 0.7736743049389077,
                "MAPE": 0.11903174778117853,
                "sMAPE": 0.10836549532764098,
                "MSIS": 6.193608238889069,
                "QuantileLoss[0.1]": 143524.4694458008,
                "Coverage[0.1]": 0.17352941176470588,
                "QuantileLoss[0.5]": 217753.47625732422,
                "Coverage[0.5]": 0.5058823529411766,
                "QuantileLoss[0.9]": 83604.93616943358,
                "Coverage[0.9]": 0.9029411764705882,
                "RMSE": 953.9834334711039,
                "NRMSE": 0.15053687540293792,
                "ND": 0.10106208206465452,
                "wQuantileLoss[0.1]": 0.06661148221541054,
                "wQuantileLoss[0.5]": 0.1010620827728338,
                "wQuantileLoss[0.9]": 0.038802085388469604,
                "mean_absolute_QuantileLoss": 148294.29395751952,
                "mean_wQuantileLoss": 0.06882521679223798,
                "MAE_Coverage": 0.027450980392156887,
                "OWA": NaN
            },
            "contained_nan": false
        },
        "start": 1679077641.1063423,
        "end": 1679077642.4975958,
        "num_samples": 100,
        "model": {
            "params": 23804,
            "fsize": 100804
        }
    },
    "type": [
        "gluonts.mx.model.predictor.RepresentableBlockPredictor"
    ],
    "config": {
        "dataset": "solar_weekly_dataset",
        "model": "deepar",
        "output_dir": "mnt_data/results",
        "ds_seed": 135,
        "epochs": 100,
        "datadir": "mnt_data/data",
        "cpu_monitor_interval": 0.5,
        "seed": 42,
        "timestamp": "2023_03_17_19_27_21",
        "lag": 6,
        "external_forecast_horizon": 5,
        "train_logdir": "mnt_data/results/train_2023_03_17_19_26_30"
    },
    "parameters": {
        "batch_size": 32,
        "ctx": {
            "__kind__": "instance",
            "args": [
                "cpu",
                0
            ],
            "class": "mxnet.context.Context"
        },
        "dtype": {
            "__kind__": "type",
            "class": "numpy.float32"
        },
        "forecast_generator": {
            "__kind__": "instance",
            "args": [],
            "class": "gluonts.model.forecast_generator.SampleForecastGenerator",
            "kwargs": {}
        },
        "input_names": [
            "feat_static_cat",
            "feat_static_real",
            "past_time_feat",
            "past_target",
            "past_observed_values",
            "future_time_feat",
            "past_is_pad"
        ],
        "lead_time": 0,
        "prediction_length": 5
    },
    "requirements": [
        "# 3.7.7 (default, Mar 23 2020, 22:36:06)",
        "# [GCC 7.3.0]",
        "wrapt==1.11.2",
        "typed-ast==1.4.0",
        "six==1.12.0",
        "setuptools==41.6.0",
        "pytz==2019.3",
        "python-dateutil==2.8.0",
        "pyparsing==2.4.2",
        "pylint==2.4.3",
        "numpy==1.17.3",
        "mccabe==0.6.1",
        "matplotlib==3.1.1",
        "lazy-object-proxy==1.4.3",
        "kiwisolver==1.1.0",
        "isort==4.3.21",
        "cycler==0.10.0",
        "astroid==2.3.2",
        "zipp==3.14.0",
        "xgboost==1.6.2",
        "wheel==0.37.1",
        "werkzeug==2.2.3",
        "urllib3==1.26.14",
        "typing-extensions==4.4.0",
        "tqdm==4.64.1",
        "toolz==0.12.0",
        "threadpoolctl==3.1.0",
        "tenacity==8.2.2",
        "scipy==1.7.3",
        "scikit-learn==1.0.2",
        "rpy2==2.9.4",
        "requests==2.28.2",
        "reportlab==3.6.12",
        "qrcode==7.4.2",
        "pypng==0.20220715.0",
        "pynvml==11.4.1",
        "pymupdf==1.21.1",
        "pydantic==1.10.4",
        "pyarrow==8.0.0",
        "py-rapl==0.1",
        "py-cpuinfo==9.0.0",
        "psutil==5.9.4",
        "plotly==5.13.1",
        "pip==22.3.1",
        "pint==0.18",
        "pillow==9.4.0",
        "pandas==1.3.5",
        "packaging==23.0",
        "orjson==3.8.5",
        "mxnet==1.9.1",
        "markupsafe==2.1.1",
        "joblib==1.2.0",
        "jinja2==3.1.2",
        "itsdangerous==2.1.2",
        "importlib-metadata==6.0.0",
        "idna==3.4",
        "graphviz==0.8.4",
        "gluonts==0.11.8",
        "fuzzywuzzy==0.18.0",
        "flask==2.2.3",
        "dash==2.8.1",
        "dash-table==5.0.0",
        "dash-html-components==2.0.0",
        "dash-core-components==2.0.0",
        "dash-bootstrap-components==1.4.0",
        "codecarbon==2.1.4",
        "click==8.1.3",
        "charset-normalizer==3.0.1",
        "certifi==2022.12.7",
        "arrow==1.2.3"
    ],
    "version": {
        "model": "0.11.8",
        "gluonts": "0.11.8"
    },
    "emissions": {
        "timestamp": {
            "0": "2023-03-17T19:27:22"
        },
        "project_name": {
            "0": "codecarbon"
        },
        "run_id": {
            "0": "004ca479-0021-464e-8072-ac163b850b6e"
        },
        "duration": {
            "0": 0.006821870803833
        },
        "emissions": {
            "0": 1.798299272825988e-08
        },
        "emissions_rate": {
            "0": 0.0026360793461752
        },
        "cpu_power": {
            "0": 29.904567121989047
        },
        "gpu_power": {
            "0": 1.156
        },
        "ram_power": {
            "0": 23.43553590774536
        },
        "cpu_energy": {
            "0": 5.293087567900812e-08
        },
        "gpu_energy": {
            "0": 5.692916446261936e-10
        },
        "ram_energy": {
            "0": 6.2439945642722705e-09
        },
        "energy_consumed": {
            "0": 5.97441618879066e-08
        },
        "country_name": {
            "0": "Germany"
        },
        "country_iso_code": {
            "0": "DEU"
        },
        "region": {
            "0": NaN
        },
        "cloud_provider": {
            "0": NaN
        },
        "cloud_region": {
            "0": NaN
        },
        "os": {
            "0": "Linux-5.4.0-137-generic-x86_64-with-debian-bullseye-sid"
        },
        "python_version": {
            "0": "3.7.7"
        },
        "cpu_count": {
            "0": 20
        },
        "cpu_model": {
            "0": "Intel(R) Xeon(R) W-2155 CPU @ 3.30GHz"
        },
        "gpu_count": {
            "0": 1
        },
        "gpu_model": {
            "0": "1 x Quadro RTX 5000"
        },
        "longitude": {
            "0": NaN
        },
        "latitude": {
            "0": NaN
        },
        "ram_total_size": {
            "0": 62.4947624206543
        },
        "tracking_mode": {
            "0": "machine"
        },
        "on_cloud": {
            "0": "N"
        }
    },
    "input_transform": {
        "__kind__": "instance",
        "args": [],
        "class": "gluonts.transform._base.Chain",
        "kwargs": {
            "trans": [
                {
                    "__kind__": "instance",
                    "args": [],
                    "class": "gluonts.transform._base.Chain",
                    "kwargs": {
                        "trans": [
                            {
                                "__kind__": "instance",
                                "args": [],
                                "class": "gluonts.transform.field.RemoveFields",