{
    "directory_name": "infer_2023_03_19_21_24_23",
    "parameters": {
        "batch_size": 32,
        "ctx": {
            "__kind__": "instance",
            "args": [
                "cpu",
                0
            ],
            "class": "mxnet.context.Context"
        },
        "dtype": {
            "__kind__": "type",
            "class": "numpy.float32"
        },
        "forecast_generator": {
            "__kind__": "instance",
            "args": [],
            "class": "gluonts.model.forecast_generator.SampleForecastGenerator",
            "kwargs": {}
        },
        "input_names": [
            "past_target",
            "time_remaining"
        ],
        "lead_time": 0,
        "prediction_length": 30
    },
    "type": [
        "gluonts.mx.model.renewal._predictor.DeepRenewalProcessPredictor"
    ],
    "validation_results": {
        "metrics": {
            "aggregated": {
                "MSE": 152596711.53003085,
                "abs_error": 8455495.0,
                "abs_target_sum": 8461669.0,
                "abs_target_mean": 2120.719047619047,
                "seasonal_error": 22.508872180451128,
                "MASE": Infinity,
                "MAPE": 0.8878264250899807,
                "sMAPE": 1.4490387138567473,
                "MSIS": Infinity,
                "QuantileLoss[0.1]": 1692891.0,
                "Coverage[0.1]": 0.16716791979949874,
                "QuantileLoss[0.5]": 8455495.0,
                "Coverage[0.5]": 0.30300751879699245,
                "QuantileLoss[0.9]": 15145146.600000001,
                "Coverage[0.9]": 0.5912280701754385,
                "RMSE": 12353.004150004599,
                "NRMSE": 5.824913094392887,
                "ND": 0.9992703567109514,
                "wQuantileLoss[0.1]": 0.20006584989320664,
                "wQuantileLoss[0.5]": 0.9992703567109514,
                "wQuantileLoss[0.9]": 1.7898533492624211,
                "mean_absolute_QuantileLoss": 8431177.533333333,
                "mean_wQuantileLoss": 0.996396518622193,
                "MAE_Coverage": 0.19097744360902258,
                "OWA": NaN
            },
            "contained_nan": false
        },
        "start": 1679257463.994661,
        "end": 1679257465.4942265,
        "num_samples": 100,
        "model": {
            "params": 584,
            "fsize": 6285
        }
    },
    "prediction_net-network": {
        "__kind__": "instance",
        "args": [],
        "class": "gluonts.mx.model.renewal._network.DeepRenewalPredictionNetwork",
        "kwargs": {
            "context_length": 9,
            "dropout_rate": 0.1,
            "interval_distr_output": {
                "__kind__": "instance",
                "args": [],
                "class": "gluonts.mx.distribution.neg_binomial.NegativeBinomialOutput",
                "kwargs": {}
            },
            "num_cells": 10,
            "num_layers": 1,
            "num_parallel_samples": 100,
            "prediction_length": 30,
            "size_distr_output": {
                "__kind__": "instance",
                "args": [],
                "class": "gluonts.mx.distribution.neg_binomial.NegativeBinomialOutput",
                "kwargs": {}
            }
        }
    },
    "input_transform": {
        "__kind__": "instance",
        "args": [],
        "class": "gluonts.transform._base.Chain",
        "kwargs": {
            "trans": [
                {
                    "__kind__": "instance",
                    "args": [],
                    "class": "gluonts.transform.feature.AddObservedValuesIndicator",
                    "kwargs": {
                        "dtype": {
                            "__kind__": "type",
                            "class": "numpy.float32"
                        },
                        "imputation_method": {
                            "__kind__": "instance",
                            "args": [],
                            "class": "gluonts.transform.feature.DummyValueImputation",
                            "kwargs": {
                                "dummy_value": 0.0
                            }
                        },
                        "output_field": "observed_values",
                        "target_field": "target"
                    }
                },
                {
                    "__kind__": "instance",
                    "args": [],
                    "class": "gluonts.transform._base.Chain",
                    "kwargs": {
                        "trans": [
                            {
                                "__kind__": "instance",
                                "args": [],
                                "class": "gluonts.transform.split.InstanceSplitter",
                                "kwargs": {
                                    "dummy_value": 0.0,
                                    "forecast_start_field": "forecast_start",
                                    "future_length": 30,
                                    "instance_sampler": {
                                        "__kind__": "instance",
                                        "class": "gluonts.transform.sampler.PredictionSplitSampler",
                                        "kwargs": {
                                            "allow_empty_interval": false,
                                            "axis": -1,
                                            "min_future": 0,
                                            "min_past": 0
                                        }
                                    },
                                    "is_pad_field": "is_pad",
                                    "lead_time": 0,
                                    "output_NTC": true,
                                    "past_length": 9,
                                    "start_field": "start",
                                    "target_field": "target",
                                    "time_series_fields": []
                                }
                            },
                            {
                                "__kind__": "instance",
                                "args": [],
                                "class": "gluonts.transform._base.Chain",
                                "kwargs": {
                                    "trans": [
                                        {
                                            "__kind__": "instance",
                                            "args": [],
                                            "class": "gluonts.transform.feature.CountTrailingZeros",
                                            "kwargs": {
                                                "as_array": true,
                                                "axis": -1,
                                                "new_field": "time_remaining",
                                                "target_field": "past_target"
                                            }
                                        },
                                        {
                                            "__kind__": "instance",
                                            "args": [],
                                            "class": "gluonts.transform.convert.ToIntervalSizeFormat",
                                            "kwargs": {
                                                "discard_first": true,
                                                "drop_empty": false,
                                                "target_field": "past_target"
                                            }
                                        },
                                        {
                                            "__kind__": "instance",
                                            "args": [],
                                            "class": "gluonts.transform.field.RenameFields",