{
    "directory_name": "infer_2023_03_17_17_36_28",
    "validation_results": {
        "metrics": {
            "aggregated": {
                "MSE": 8.043801561763962e+16,
                "abs_error": 196496780288.0,
                "abs_target_sum": 10755690.88029766,
                "abs_target_mean": 13311.498614229778,
                "seasonal_error": 2522.446651974353,
                "MASE": 74358945.3577598,
                "MAPE": 4706091.3142893575,
                "sMAPE": 1.9972186147576512,
                "MSIS": 2974357685.5424356,
                "QuantileLoss[0.1]": 353694199398.41254,
                "Coverage[0.1]": 1.0,
                "QuantileLoss[0.5]": 196496779880.3125,
                "Coverage[0.5]": 1.0,
                "QuantileLoss[0.9]": 39299356445.274994,
                "Coverage[0.9]": 1.0,
                "RMSE": 283615965.02601826,
                "NRMSE": 21306.088310961273,
                "ND": 18269.098886798987,
                "wQuantileLoss[0.1]": 32884.37752021227,
                "wQuantileLoss[0.5]": 18269.098848894635,
                "wQuantileLoss[0.9]": 3653.8198134035065,
                "mean_absolute_QuantileLoss": 196496778574.66672,
                "mean_wQuantileLoss": 18269.09872750347,
                "MAE_Coverage": 0.5,
                "OWA": NaN
            },
            "contained_nan": false
        },
        "start": 1679070989.0813448,
        "end": 1679070990.475514,
        "num_samples": 100,
        "model": {
            "params": 11586,
            "fsize": 50471
        }
    },
    "emissions": {
        "timestamp": {
            "0": "2023-03-17T17:36:30"
        },
        "project_name": {
            "0": "codecarbon"
        },
        "run_id": {
            "0": "d02d1b12-9698-429d-9127-a7f0b1693303"
        },
        "duration": {
            "0": 0.0065348148345947
        },
        "emissions": {
            "0": 1.7443749232441663e-08
        },
        "emissions_rate": {
            "0": 0.0026693563129128
        },
        "cpu_power": {
            "0": 30.1647366862647
        },
        "gpu_power": {
            "0": 0.958
        },
        "ram_power": {
            "0": 23.43553590774536
        },
        "cpu_energy": {
            "0": 5.1727263597478597e-08
        },
        "gpu_energy": {
            "0": 4.5477973090277773e-10
        },
        "ram_energy": {
            "0": 5.770611928899901e-09
        },
        "energy_consumed": {
            "0": 5.795265525728128e-08
        },
        "country_name": {
            "0": "Germany"
        },
        "country_iso_code": {
            "0": "DEU"
        },
        "region": {
            "0": NaN
        },
        "cloud_provider": {
            "0": NaN
        },
        "cloud_region": {
            "0": NaN
        },
        "os": {
            "0": "Linux-5.4.0-137-generic-x86_64-with-debian-bullseye-sid"
        },
        "python_version": {
            "0": "3.7.7"
        },
        "cpu_count": {
            "0": 20
        },
        "cpu_model": {
            "0": "Intel(R) Xeon(R) W-2155 CPU @ 3.30GHz"
        },
        "gpu_count": {
            "0": 1
        },
        "gpu_model": {
            "0": "1 x Quadro RTX 5000"
        },
        "longitude": {
            "0": NaN
        },
        "latitude": {
            "0": NaN
        },
        "ram_total_size": {
            "0": 62.4947624206543
        },
        "tracking_mode": {
            "0": "machine"
        },
        "on_cloud": {
            "0": "N"
        }
    },
    "requirements": [
        "# 3.7.7 (default, Mar 23 2020, 22:36:06)",
        "# [GCC 7.3.0]",
        "wrapt==1.11.2",
        "typed-ast==1.4.0",
        "six==1.12.0",
        "setuptools==41.6.0",
        "pytz==2019.3",
        "python-dateutil==2.8.0",
        "pyparsing==2.4.2",
        "pylint==2.4.3",
        "numpy==1.17.3",
        "mccabe==0.6.1",
        "matplotlib==3.1.1",
        "lazy-object-proxy==1.4.3",
        "kiwisolver==1.1.0",
        "isort==4.3.21",
        "cycler==0.10.0",
        "astroid==2.3.2",
        "zipp==3.14.0",
        "xgboost==1.6.2",
        "wheel==0.37.1",
        "werkzeug==2.2.3",
        "urllib3==1.26.14",
        "typing-extensions==4.4.0",
        "tqdm==4.64.1",
        "toolz==0.12.0",
        "threadpoolctl==3.1.0",
        "tenacity==8.2.2",
        "scipy==1.7.3",
        "scikit-learn==1.0.2",
        "rpy2==2.9.4",
        "requests==2.28.2",
        "reportlab==3.6.12",
        "qrcode==7.4.2",
        "pypng==0.20220715.0",
        "pynvml==11.4.1",
        "pymupdf==1.21.1",
        "pydantic==1.10.4",
        "pyarrow==8.0.0",
        "py-rapl==0.1",
        "py-cpuinfo==9.0.0",
        "psutil==5.9.4",
        "plotly==5.13.1",
        "pip==22.3.1",
        "pint==0.18",
        "pillow==9.4.0",
        "pandas==1.3.5",
        "packaging==23.0",
        "orjson==3.8.5",
        "mxnet==1.9.1",
        "markupsafe==2.1.1",
        "joblib==1.2.0",
        "jinja2==3.1.2",
        "itsdangerous==2.1.2",
        "importlib-metadata==6.0.0",
        "idna==3.4",
        "graphviz==0.8.4",
        "gluonts==0.11.8",
        "fuzzywuzzy==0.18.0",
        "flask==2.2.3",
        "dash==2.8.1",
        "dash-table==5.0.0",
        "dash-html-components==2.0.0",
        "dash-core-components==2.0.0",
        "dash-bootstrap-components==1.4.0",
        "codecarbon==2.1.4",
        "click==8.1.3",
        "charset-normalizer==3.0.1",
        "certifi==2022.12.7",
        "arrow==1.2.3"
    ],
    "type": [
        "gluonts.mx.model.predictor.RepresentableBlockPredictor"
    ],
    "prediction_net-network": {
        "__kind__": "instance",
        "args": [],
        "class": "gluonts.mx.model.deep_factor._network.DeepFactorPredictionNetwork",
        "kwargs": {
            "embedder": {
                "__kind__": "instance",
                "args": [],
                "class": "gluonts.mx.block.feature.FeatureEmbedder",
                "kwargs": {
                    "cardinalities": [
                        1
                    ],
                    "dtype": {
                        "__kind__": "type",
                        "class": "numpy.float32"
                    },
                    "embedding_dims": [
                        10
                    ]
                }
            },
            "global_model": {
                "__kind__": "instance",
                "args": [],
                "class": "gluonts.mx.model.deep_factor.RNNModel.RNNModel",
                "kwargs": {
                    "bidirectional": false,
                    "mode": "lstm",
                    "num_hidden": 50,
                    "num_layers": 1,
                    "num_output": 10
                }
            },
            "local_model": {
                "__kind__": "instance",
                "args": [],
                "class": "gluonts.mx.model.deep_factor.RNNModel.RNNModel",
                "kwargs": {
                    "bidirectional": false,
                    "mode": "lstm",
                    "num_hidden": 5,
                    "num_layers": 1,
                    "num_output": 1
                }
            },
            "num_parallel_samples": 100,
            "prediction_len": 8
        }
    },
    "execution_platform": {
        "System": "Linux",
        "Node Name": "ls8ws022",
        "Release": "5.4.0-137-generic",
        "Version": "#154-Ubuntu SMP Thu Jan 5 17:03:22 UTC 2023",
        "Machine": "x86_64",
        "Processor": "Intel(R) Xeon(R) W-2155 CPU @ 3.30GHz",
        "Physical cores": 10,
        "Total cores": 20,
        "Max Frequency": 4500.0,
        "Min Frequency": 1200.0,
        "Current Frequency": 1200.25785,
        "Total": 67103240192,
        "Available": 64848080896,
        "Used": 1512955904
    },
    "input_transform": {
        "__kind__": "instance",
        "args": [],