{
    "directory_name": "infer_2023_03_20_22_21_07",
    "validation_results": {
        "metrics": {
            "aggregated": {
                "MSE": 375317.7895162563,
                "abs_error": 269351.3562011719,
                "abs_target_sum": 513444.0,
                "abs_target_mean": 648.2878787878788,
                "seasonal_error": 143.71649935000667,
                "MASE": 2.4596566477639406,
                "MAPE": 3.533566301101411,
                "sMAPE": 0.7574547709840718,
                "MSIS": 27.0493075328892,
                "QuantileLoss[0.1]": 97814.92505912781,
                "Coverage[0.1]": 0.2424242424242424,
                "QuantileLoss[0.5]": 269351.3560848236,
                "Coverage[0.5]": 0.48358585858585856,
                "QuantileLoss[0.9]": 222021.01186561584,
                "Coverage[0.9]": 0.7525252525252525,
                "RMSE": 612.6318548004635,
                "NRMSE": 0.9449997059113889,
                "ND": 0.5245973391473499,
                "wQuantileLoss[0.1]": 0.1905074848652001,
                "wQuantileLoss[0.5]": 0.5245973389207462,
                "wQuantileLoss[0.9]": 0.4324152426858934,
                "mean_absolute_QuantileLoss": 196395.76433652244,
                "mean_wQuantileLoss": 0.38250668882394656,
                "MAE_Coverage": 0.10210437710437713,
                "OWA": NaN
            },
            "contained_nan": false
        },
        "start": 1679347268.0460696,
        "end": 1679347269.5937352,
        "num_samples": 100,
        "model": {
            "params": 160182,
            "fsize": 646371
        }
    },
    "version": {
        "model": "0.11.8",
        "gluonts": "0.11.8"
    },
    "emissions": {
        "timestamp": {
            "0": "2023-03-20T22:21:09"
        },
        "project_name": {
            "0": "codecarbon"
        },
        "run_id": {
            "0": "55ab1686-fbf0-47de-b873-d5c4ecf542bb"
        },
        "duration": {
            "0": 0.0070436000823974
        },
        "emissions": {
            "0": 2.0603542060155737e-08
        },
        "emissions_rate": {
            "0": 0.0029251436508506
        },
        "cpu_power": {
            "0": 33.26753843090796
        },
        "gpu_power": {
            "0": 1.537
        },
        "ram_power": {
            "0": 23.43553590774536
        },
        "cpu_energy": {
            "0": 6.067893743022523e-08
        },
        "gpu_energy": {
            "0": 8.382529020309447e-10
        },
        "ram_energy": {
            "0": 6.933115515437293e-09
        },
        "energy_consumed": {
            "0": 6.845030584769349e-08
        },
        "country_name": {
            "0": "Germany"
        },
        "country_iso_code": {
            "0": "DEU"
        },
        "region": {
            "0": NaN
        },
        "cloud_provider": {
            "0": NaN
        },
        "cloud_region": {
            "0": NaN
        },
        "os": {
            "0": "Linux-5.4.0-137-generic-x86_64-with-debian-bullseye-sid"
        },
        "python_version": {
            "0": "3.7.7"
        },
        "cpu_count": {
            "0": 20
        },
        "cpu_model": {
            "0": "Intel(R) Xeon(R) W-2155 CPU @ 3.30GHz"
        },
        "gpu_count": {
            "0": 1
        },
        "gpu_model": {
            "0": "1 x Quadro RTX 5000"
        },
        "longitude": {
            "0": NaN
        },
        "latitude": {
            "0": NaN
        },
        "ram_total_size": {
            "0": 62.4947624206543
        },
        "tracking_mode": {
            "0": "machine"
        },
        "on_cloud": {
            "0": "N"
        }
    },
    "config": {
        "dataset": "pedestrian_counts_dataset",
        "model": "mqrnn",
        "output_dir": "mnt_data/results",
        "ds_seed": 135,
        "epochs": 100,
        "datadir": "mnt_data/data",
        "cpu_monitor_interval": 0.5,
        "seed": 42,
        "timestamp": "2023_03_20_22_21_07",
        "lag": 210,
        "external_forecast_horizon": 24,
        "integer_conversion": true,
        "train_logdir": "mnt_data/results/train_2023_03_20_22_07_30"
    },
    "input_transform": {
        "__kind__": "instance",
        "args": [],
        "class": "gluonts.transform._base.Chain",
        "kwargs": {
            "trans": [
                {
                    "__kind__": "instance",
                    "args": [],
                    "class": "gluonts.transform._base.Chain",
                    "kwargs": {
                        "trans": [
                            {
                                "__kind__": "instance",
                                "args": [],
                                "class": "gluonts.transform.field.RemoveFields",
                                "kwargs": {
                                    "field_names": [
                                        "feat_dynamic_cat",
                                        "feat_static_real",
                                        "past_feat_dynamic_real",
                                        "feat_dynamic_real",
                                        "feat_static_cat"
                                    ]
                                }
                            },
                            {
                                "__kind__": "instance",
                                "args": [],
                                "class": "gluonts.transform.feature.AddObservedValuesIndicator",
                                "kwargs": {
                                    "dtype": {
                                        "__kind__": "type",
                                        "class": "numpy.float32"
                                    },
                                    "imputation_method": {
                                        "__kind__": "instance",
                                        "args": [],
                                        "class": "gluonts.transform.feature.DummyValueImputation",
                                        "kwargs": {
                                            "dummy_value": 0.0
                                        }
                                    },
                                    "output_field": "observed_values",
                                    "target_field": "target"
                                }
                            },
                            {
                                "__kind__": "instance",
                                "args": [],
                                "class": "gluonts.transform.feature.AddTimeFeatures",
                                "kwargs": {
                                    "dtype": {
                                        "__kind__": "type",
                                        "class": "numpy.float32"
                                    },
                                    "output_field": "time_feat",
                                    "pred_length": 24,
                                    "start_field": "start",
                                    "target_field": "target",
                                    "time_features": [
                                        {
                                            "__kind__": "type",
                                            "class": "gluonts.time_feature._base.hour_of_day"
                                        },
                                        {
                                            "__kind__": "type",
                                            "class": "gluonts.time_feature._base.day_of_week"
                                        },
                                        {
                                            "__kind__": "type",