{
    "directory_name": "infer_2023_03_11_21_59_15",
    "type": [
        "gluonts.mx.model.predictor.RepresentableBlockPredictor"
    ],
    "version": {
        "model": "0.11.8",
        "gluonts": "0.11.8"
    },
    "parameters": {
        "batch_size": 32,
        "ctx": {
            "__kind__": "instance",
            "args": [
                "cpu",
                0
            ],
            "class": "mxnet.context.Context"
        },
        "dtype": {
            "__kind__": "type",
            "class": "numpy.float32"
        },
        "forecast_generator": {
            "__kind__": "instance",
            "args": [],
            "class": "gluonts.model.forecast_generator.SampleForecastGenerator",
            "kwargs": {}
        },
        "input_names": [
            "past_target"
        ],
        "lead_time": 0,
        "prediction_length": 48
    },
    "validation_results": {
        "metrics": {
            "aggregated": {
                "MSE": 12702338.23625827,
                "abs_error": 11664144.984088898,
                "abs_target_sum": 145558863.59960938,
                "abs_target_mean": 7324.822041043146,
                "seasonal_error": 336.9046924038305,
                "MASE": 5.959394606916269,
                "MAPE": 0.26861923091389517,
                "sMAPE": 0.20718927260326303,
                "MSIS": 41.60615652408803,
                "QuantileLoss[0.1]": 5736290.898662853,
                "Coverage[0.1]": 0.026117149758454108,
                "QuantileLoss[0.5]": 11664144.932657719,
                "Coverage[0.5]": 0.2254931561996779,
                "QuantileLoss[0.9]": 4546835.256406116,
                "Coverage[0.9]": 0.7522141706924315,
                "RMSE": 3564.0339836003627,
                "NRMSE": 0.48656936149848085,
                "ND": 0.08013352602266538,
                "wQuantileLoss[0.1]": 0.03940873648506725,
                "wQuantileLoss[0.5]": 0.08013352566932942,
                "wQuantileLoss[0.9]": 0.03123708954552678,
                "mean_absolute_QuantileLoss": 7315757.02924223,
                "mean_wQuantileLoss": 0.050259783899974486,
                "MAE_Coverage": 0.16539184111647884,
                "OWA": NaN
            }
        },
        "start": 1678568355.5902545,
        "end": 1678568356.9754362,
        "num_samples": 100,
        "model": {
            "params": 87283,
            "fsize": 352012
        }
    },
    "input_transform": {
        "__kind__": "instance",
        "args": [],
        "class": "gluonts.transform._base.Chain",
        "kwargs": {
            "trans": [
                {
                    "__kind__": "instance",
                    "args": [],
                    "class": "gluonts.transform._base.Chain",
                    "kwargs": {
                        "trans": [
                            {
                                "__kind__": "instance",
                                "args": [],
                                "class": "gluonts.transform.field.SelectFields",
                                "kwargs": {
                                    "allow_missing": true,
                                    "input_fields": [
                                        "item_id",
                                        "info",
                                        "start",
                                        "target"
                                    ]
                                }
                            },
                            {
                                "__kind__": "instance",
                                "args": [],
                                "class": "gluonts.transform.feature.AddObservedValuesIndicator",
                                "kwargs": {
                                    "dtype": {
                                        "__kind__": "type",
                                        "class": "numpy.float32"
                                    },
                                    "imputation_method": {
                                        "__kind__": "instance",
                                        "args": [],
                                        "class": "gluonts.transform.feature.DummyValueImputation",
                                        "kwargs": {
                                            "dummy_value": 0.0
                                        }
                                    },
                                    "output_field": "observed_values",
                                    "target_field": "target"
                                }
                            }
                        ]
                    }
                },
                {
                    "__kind__": "instance",
                    "args": [],
                    "class": "gluonts.transform.split.InstanceSplitter",
                    "kwargs": {
                        "dummy_value": 0.0,
                        "forecast_start_field": "forecast_start",
                        "future_length": 48,
                        "instance_sampler": {
                            "__kind__": "instance",
                            "class": "gluonts.transform.sampler.PredictionSplitSampler",
                            "kwargs": {
                                "allow_empty_interval": false,
                                "axis": -1,
                                "min_future": 0,
                                "min_past": 0
                            }
                        },
                        "is_pad_field": "is_pad",
                        "lead_time": 0,
                        "output_NTC": true,
                        "past_length": 210,
                        "start_field": "start",
                        "target_field": "target",
                        "time_series_fields": [
                            "observed_values"
                        ]
                    }
                }
            ]
        }
    },
    "prediction_net-network": {
        "__kind__": "instance",
        "args": [],
        "class": "gluonts.mx.model.simple_feedforward._network.SimpleFeedForwardSamplingNetwork",
        "kwargs": {
            "batch_normalization": false,
            "context_length": 210,
            "distr_output": {
                "__kind__": "instance",
                "args": [],
                "class": "gluonts.mx.distribution.student_t.StudentTOutput",
                "kwargs": {}
            },
            "mean_scaling": true,
            "num_hidden_dimensions": [
                40,
                40
            ],
            "num_parallel_samples": 100,
            "prediction_length": 48
        }
    },