{
    "directory_name": "infer_2023_03_18_21_05_45",
    "validation_results": {
        "metrics": {
            "aggregated": {
                "MSE": 919422522.5102812,
                "abs_error": 57144517.69970703,
                "abs_target_sum": 50827278.26475757,
                "abs_target_mean": 9167.979484985131,
                "seasonal_error": 1345.4280603724972,
                "MASE": 1507.0977533304135,
                "MAPE": 1337.8146862542687,
                "sMAPE": 1.4658540116588104,
                "MSIS": 60063.553879992265,
                "QuantileLoss[0.1]": 34041456.74206543,
                "Coverage[0.1]": 0.7572150072150071,
                "QuantileLoss[0.5]": 57144517.661621094,
                "Coverage[0.5]": 0.7573953823953824,
                "QuantileLoss[0.9]": 80161547.8216797,
                "Coverage[0.9]": 0.7577561327561326,
                "RMSE": 30321.980847403112,
                "NRMSE": 3.3073787847216467,
                "ND": 1.1242883674007325,
                "wQuantileLoss[0.1]": 0.6697477792287959,
                "wQuantileLoss[0.5]": 1.1242883666514119,
                "wQuantileLoss[0.9]": 1.5771363440733714,
                "mean_absolute_QuantileLoss": 57115840.741788745,
                "mean_wQuantileLoss": 1.1237241633178596,
                "MAE_Coverage": 0.3522847522847523,
                "OWA": NaN
            },
            "contained_nan": false
        },
        "start": 1679169945.1988022,
        "end": 1679169946.593555,
        "num_samples": 100,
        "model": {
            "params": 11586,
            "fsize": 50476
        }
    },
    "parameters": {
        "batch_size": 32,
        "ctx": {
            "__kind__": "instance",
            "args": [
                "cpu",
                0
            ],
            "class": "mxnet.context.Context"
        },
        "dtype": {
            "__kind__": "type",
            "class": "numpy.float32"
        },
        "forecast_generator": {
            "__kind__": "instance",
            "args": [],
            "class": "gluonts.model.forecast_generator.SampleForecastGenerator",
            "kwargs": {}
        },
        "input_names": [
            "feat_static_cat",
            "past_time_feat",
            "future_time_feat",
            "past_target"
        ],
        "lead_time": 0,
        "prediction_length": 18
    },
    "version": {
        "model": "0.11.8",
        "gluonts": "0.11.8"
    },
    "type": [
        "gluonts.mx.model.predictor.RepresentableBlockPredictor"
    ],
    "config": {
        "dataset": "m1_monthly_dataset",
        "model": "deepfactor",
        "output_dir": "mnt_data/results",
        "ds_seed": 124,
        "epochs": 100,
        "datadir": "mnt_data/data",
        "cpu_monitor_interval": 0.5,
        "seed": 42,
        "timestamp": "2023_03_18_21_05_45",
        "lag": 15,
        "train_logdir": "mnt_data/results/train_2023_03_18_21_05_10"
    },
    "input_transform": {
        "__kind__": "instance",
        "args": [],
        "class": "gluonts.transform._base.Chain",
        "kwargs": {
            "trans": [
                {
                    "__kind__": "instance",
                    "args": [],
                    "class": "gluonts.transform._base.Chain",
                    "kwargs": {
                        "trans": [
                            {
                                "__kind__": "instance",
                                "args": [],
                                "class": "gluonts.transform.convert.AsNumpyArray",
                                "kwargs": {
                                    "dtype": {
                                        "__kind__": "type",
                                        "class": "numpy.float32"
                                    },
                                    "expected_ndim": 1,
                                    "field": "target"
                                }
                            },
                            {
                                "__kind__": "instance",
                                "args": [],
                                "class": "gluonts.transform.feature.AddTimeFeatures",
                                "kwargs": {
                                    "dtype": {
                                        "__kind__": "type",
                                        "class": "numpy.float32"
                                    },
                                    "output_field": "time_feat",
                                    "pred_length": 18,
                                    "start_field": "start",
                                    "target_field": "target",
                                    "time_features": [
                                        {
                                            "__kind__": "type",
                                            "class": "gluonts.time_feature._base.month_of_year"
                                        }
                                    ]
                                }
                            },
                            {
                                "__kind__": "instance",
                                "args": [],
                                "class": "gluonts.transform.field.SetFieldIfNotPresent",
                                "kwargs": {
                                    "field": "feat_static_cat",
                                    "value": [
                                        0.0
                                    ]
                                }
                            },
                            {
                                "__kind__": "instance",
                                "args": [],
                                "class": "gluonts.transform.convert.AsNumpyArray",
                                "kwargs": {
                                    "dtype": {
                                        "__kind__": "type",
                                        "class": "numpy.float32"
                                    },
                                    "expected_ndim": 1,
                                    "field": "feat_static_cat"
                                }
                            }
                        ]
                    }
                },
                {
                    "__kind__": "instance",
                    "args": [],
                    "class": "gluonts.transform.split.InstanceSplitter",
                    "kwargs": {
                        "dummy_value": 0.0,
                        "forecast_start_field": "forecast_start",
                        "future_length": 18,
                        "instance_sampler": {
                            "__kind__": "instance",
                            "class": "gluonts.transform.sampler.PredictionSplitSampler",
                            "kwargs": {
                                "allow_empty_interval": false,
                                "axis": -1,
                                "min_future": 0,
                                "min_past": 0
                            }
                        },
                        "is_pad_field": "is_pad",
                        "lead_time": 0,
                        "output_NTC": true,
                        "past_length": 15,
                        "start_field": "start",
                        "target_field": "target",
                        "time_series_fields": [
                            "time_feat"
                        ]
                    }
                }
            ]
        }
    },
    "emissions": {
        "timestamp": {
            "0": "2023-03-18T21:05:46"
        },
        "project_name": {
            "0": "codecarbon"
        },
        "run_id": {
            "0": "3025bac9-01ac-4df1-a32f-33e1fca2ffc1"
        },
        "duration": {
            "0": 0.0065641403198242
        },