{
    "directory_name": "infer_2023_07_21_02_01_17",
    "config": {
        "dataset": "m1_quarterly_dataset",
        "model": "mqcnn",
        "output_dir": "mnt_data/results_dnns",
        "ds_seed": -1,
        "epochs": 100,
        "datadir": "mnt_data/data",
        "cpu_monitor_interval": 0.5,
        "seed": 42,
        "timestamp": "2023_07_21_02_01_17",
        "lag": 5,
        "train_logdir": "mnt_data/results_dnns/train_2023_07_21_01_59_55"
    },
    "validation_results": {
        "metrics": {
            "aggregated": {
                "MSE": 85973998.67184575,
                "abs_error": 3068359.4081573486,
                "abs_target_sum": 29820988.052366257,
                "abs_target_mean": 18453.58171557318,
                "seasonal_error": 2115.8010507646754,
                "MASE": 2.3291549401568363,
                "MAPE": 0.21294528496737528,
                "sMAPE": 0.18436338175272587,
                "MSIS": 32.70405576445,
                "QuantileLoss[0.1]": 2151115.775902725,
                "Coverage[0.1]": 0.10705445544554455,
                "QuantileLoss[0.5]": 3068359.4081310034,
                "Coverage[0.5]": 0.5173267326732673,
                "QuantileLoss[0.9]": 1336467.3820730923,
                "Coverage[0.9]": 0.8273514851485149,
                "RMSE": 9272.216491855965,
                "NRMSE": 0.5024616161116864,
                "ND": 0.1028926138452974,
                "wQuantileLoss[0.1]": 0.07213428918335375,
                "wQuantileLoss[0.5]": 0.10289261384441395,
                "wQuantileLoss[0.9]": 0.04481633471453825,
                "mean_absolute_QuantileLoss": 2185314.1887022736,
                "mean_wQuantileLoss": 0.07328107924743531,
                "MAE_Coverage": 0.03234323432343235,
                "OWA": NaN
            },
            "contained_nan": false
        },
        "start": 1689897677.8209393,
        "end": 1689897681.7832232,
        "num_samples": 100,
        "model": {
            "params": 16482,
            "fsize": 71145
        }
    },
    "requirements": [
        "# 3.7.7 (default, Mar 23 2020, 22:36:06)",
        "# [GCC 7.3.0]",
        "wrapt==1.11.2",
        "typed-ast==1.4.0",
        "six==1.12.0",
        "setuptools==41.6.0",
        "pytz==2019.3",
        "python-dateutil==2.8.0",
        "pyparsing==2.4.2",
        "pylint==2.4.3",
        "mccabe==0.6.1",
        "matplotlib==3.1.1",
        "lazy-object-proxy==1.4.3",
        "kiwisolver==1.1.0",
        "isort==4.3.21",
        "cycler==0.10.0",
        "astroid==2.3.2",
        "zipp==3.14.0",
        "zict==2.2.0",
        "xgboost==1.6.2",
        "wheel==0.37.1",
        "werkzeug==2.2.3",
        "urllib3==1.26.14",
        "typing-extensions==4.4.0",
        "tqdm==4.64.1",
        "tornado==6.2",
        "toolz==0.12.0",
        "threadpoolctl==3.1.0",
        "tenacity==8.2.2",
        "tblib==1.7.0",
        "sortedcontainers==2.4.0",
        "smac==1.2",
        "scipy==1.7.3",
        "scikit-learn==0.24.2",
        "rpy2==2.9.4",
        "requests==2.28.2",
        "reportlab==3.6.12",
        "qrcode==7.4.2",
        "pyyaml==6.0",
        "pyrfr==0.8.3",
        "pypng==0.20220715.0",
        "pynvml==11.4.1",
        "pynisher==0.6.4",
        "pymupdf==1.21.1",
        "pydantic==1.10.4",
        "pyarrow==8.0.0",
        "py-rapl==0.1",
        "py-cpuinfo==9.0.0",
        "psutil==5.9.4",
        "plotly==5.13.1",
        "pip==22.3.1",
        "pint==0.18",
        "pillow==9.4.0",
        "partd==1.4.0",
        "pandas==1.3.5",
        "packaging==23.0",
        "orjson==3.8.5",
        "numpy==1.21.6",
        "mxnet==1.9.1",
        "msgpack==1.0.5",
        "markupsafe==2.1.1",
        "locket==1.0.0",
        "liac-arff==2.5.0",
        "joblib==1.2.0",
        "jinja2==3.1.2",
        "itsdangerous==2.1.2",
        "importlib-metadata==6.0.0",
        "idna==3.4",
        "heapdict==1.0.1",
        "graphviz==0.8.4",
        "gluonts==0.11.8",
        "fuzzywuzzy==0.18.0",
        "fsspec==2023.1.0",
        "flask==2.2.3",
        "emcee==3.1.4",
        "distro==1.8.0",
        "distributed==2022.2.0",
        "dask==2022.2.0",
        "dash==2.8.1",
        "dash-table==5.0.0",
        "dash-html-components==2.0.0",
        "dash-core-components==2.0.0",
        "dash-bootstrap-components==1.4.0",
        "cython==0.29.35",
        "configspace==0.4.21",
        "codecarbon==2.1.4",
        "cloudpickle==2.2.1",
        "click==8.1.3",
        "charset-normalizer==3.0.1",
        "certifi==2022.12.7",
        "auto-sklearn==0.15.0",
        "arrow==1.2.3"
    ],
    "emissions": {
        "timestamp": {
            "0": "2023-07-21T02:01:21"
        },
        "project_name": {
            "0": "codecarbon"
        },
        "run_id": {
            "0": "00fcf1aa-a579-4411-b9c8-15edf0ff1499"
        },
        "duration": {
            "0": 0.1507697105407714
        },
        "emissions": {
            "0": 3.2517874404521165e-07
        },
        "emissions_rate": {
            "0": 0.0021567909288867
        },
        "cpu_power": {
            "0": 14.155588860275392
        },
        "gpu_power": {
            "0": 0.0
        },
        "ram_power": {
            "0": 11.714675903320314
        },
        "cpu_energy": {
            "0": 5.91904362405582e-07
        },
        "gpu_energy": {
            "0": 0
        },
        "ram_energy": {
            "0": 4.884236909007693e-07
        },
        "energy_consumed": {
            "0": 1.0803280533063511e-06
        },
        "country_name": {
            "0": "Germany"
        },
        "country_iso_code": {
            "0": "DEU"
        },
        "region": {
            "0": NaN
        },
        "cloud_provider": {
            "0": NaN
        },
        "cloud_region": {
            "0": NaN
        },
        "os": {
            "0": "Linux-5.19.0-35-generic-x86_64-with-debian-bookworm-sid"
        },
        "python_version": {
            "0": "3.7.7"
        },
        "cpu_count": {
            "0": 8
        },
        "cpu_model": {
            "0": "Intel(R) Core(TM) i7-6700 CPU @ 3.40GHz"
        },
        "gpu_count": {
            "0": NaN
        },
        "gpu_model": {
            "0": NaN
        },
        "longitude": {
            "0": NaN
        },
        "latitude": {
            "0": NaN
        },
        "ram_total_size": {
            "0": 31.2391357421875
        },
        "tracking_mode": {
            "0": "machine"
        },
        "on_cloud": {
            "0": "N"
        }
    },
    "parameters": {
        "batch_size": 32,
        "ctx": {
            "__kind__": "instance",
            "args": [
                "cpu",
                0
            ],
            "class": "mxnet.context.Context"
        },
        "dtype": {
            "__kind__": "type",
            "class": "numpy.float32"
        },
        "forecast_generator": {
            "__kind__": "instance",
            "args": [],
            "class": "gluonts.model.forecast_generator.QuantileForecastGenerator",
            "kwargs": {
                "quantiles": [
                    "0.025",
                    "0.1",
                    "0.2",
                    "0.3",
                    "0.4",
                    "0.5",
                    "0.6",
                    "0.7",
                    "0.8",
                    "0.9",
                    "0.975"
                ]
            }
        },
        "input_names": [
            "past_target",
            "past_feat_dynamic",
            "future_feat_dynamic",
            "feat_static_cat",
            "past_observed_values"
        ],
        "lead_time": 0,
        "prediction_length": 8
    },
    "prediction_net-network": {
        "__kind__": "instance",
        "args": [],
        "class": "gluonts.mx.model.seq2seq._forking_network.ForkingSeq2SeqPredictionNetwork",