{
    "directory_name": "infer_2023_07_27_02_47_21",
    "validation_results": {
        "metrics": {
            "aggregated": {
                "MSE": 708516.2137817277,
                "abs_error": 1032940.1594848633,
                "abs_target_sum": 11229661.34765625,
                "abs_target_mean": 4852.921930707109,
                "seasonal_error": 222.51355840682172,
                "MASE": 3.8323202765797557,
                "MAPE": 0.1093622720385793,
                "sMAPE": 0.11189950582415975,
                "MSIS": 45.022299928958816,
                "QuantileLoss[0.1]": 512071.8500488282,
                "Coverage[0.1]": 0.0881590319792567,
                "QuantileLoss[0.5]": 1032940.1677246094,
                "Coverage[0.5]": 0.38547968885047534,
                "QuantileLoss[0.9]": 696664.923449707,
                "Coverage[0.9]": 0.8124459809853068,
                "RMSE": 841.734051694315,
                "NRMSE": 0.17344891669659884,
                "ND": 0.09198319766788417,
                "wQuantileLoss[0.1]": 0.04559993700573197,
                "wQuantileLoss[0.5]": 0.09198319840163256,
                "wQuantileLoss[0.9]": 0.062037928115713695,
                "mean_absolute_QuantileLoss": 747225.6470743815,
                "mean_wQuantileLoss": 0.06654035450769274,
                "MAE_Coverage": 0.07130509939498704,
                "OWA": NaN
            },
            "contained_nan": false
        },
        "start": 1690418841.9207134,
        "end": 1690418845.558696,
        "num_samples": 100,
        "model": {
            "params": 24083,
            "fsize": 99210
        }
    },
    "prediction_net-network": {
        "__kind__": "instance",
        "args": [],
        "class": "gluonts.mx.model.simple_feedforward._network.SimpleFeedForwardSamplingNetwork",
        "kwargs": {
            "batch_normalization": false,
            "context_length": 65,
            "distr_output": {
                "__kind__": "instance",
                "args": [],
                "class": "gluonts.mx.distribution.student_t.StudentTOutput",
                "kwargs": {}
            },
            "mean_scaling": true,
            "num_hidden_dimensions": [
                40,
                40
            ],
            "num_parallel_samples": 100,
            "prediction_length": 13
        }
    },
    "version": {
        "model": "0.11.8",
        "gluonts": "0.11.8"
    },
    "config": {
        "dataset": "m4_weekly_dataset",
        "model": "feedforward",
        "output_dir": "mnt_data/results_dnns",
        "ds_seed": 135,
        "epochs": 100,
        "datadir": "mnt_data/data",
        "cpu_monitor_interval": 0.5,
        "seed": 42,
        "timestamp": "2023_07_27_02_47_21",
        "lag": 65,
        "train_logdir": "mnt_data/results_dnns/train_2023_07_27_02_45_49"
    },
    "parameters": {
        "batch_size": 32,
        "ctx": {
            "__kind__": "instance",
            "args": [
                "cpu",
                0
            ],
            "class": "mxnet.context.Context"
        },
        "dtype": {
            "__kind__": "type",
            "class": "numpy.float32"
        },
        "forecast_generator": {
            "__kind__": "instance",
            "args": [],
            "class": "gluonts.model.forecast_generator.SampleForecastGenerator",
            "kwargs": {}
        },
        "input_names": [
            "past_target"
        ],
        "lead_time": 0,
        "prediction_length": 13
    },
    "execution_platform": {
        "System": "Linux",
        "Node Name": "lamarrws03",
        "Release": "5.19.0-35-generic",
        "Version": "#36~22.04.1-Ubuntu SMP PREEMPT_DYNAMIC Fri Feb 17 15:17:25 UTC 2",
        "Machine": "x86_64",
        "Processor": "Intel(R) Core(TM) i7-6700 CPU @ 3.40GHz",
        "Physical cores": 4,
        "Total cores": 8,
        "Max Frequency": 4000.0,
        "Min Frequency": 800.0,
        "Current Frequency": 1900.126125,
        "Total": 33542766592,
        "Available": 32037150720,
        "Used": 999505920
    },
    "input_transform": {
        "__kind__": "instance",
        "args": [],
        "class": "gluonts.transform._base.Chain",
        "kwargs": {
            "trans": [
                {
                    "__kind__": "instance",
                    "args": [],
                    "class": "gluonts.transform._base.Chain",
                    "kwargs": {
                        "trans": [
                            {
                                "__kind__": "instance",
                                "args": [],
                                "class": "gluonts.transform.field.SelectFields",
                                "kwargs": {
                                    "allow_missing": true,
                                    "input_fields": [
                                        "item_id",
                                        "info",
                                        "start",
                                        "target"
                                    ]
                                }
                            },
                            {
                                "__kind__": "instance",
                                "args": [],
                                "class": "gluonts.transform.feature.AddObservedValuesIndicator",
                                "kwargs": {
                                    "dtype": {
                                        "__kind__": "type",
                                        "class": "numpy.float32"
                                    },
                                    "imputation_method": {
                                        "__kind__": "instance",
                                        "args": [],
                                        "class": "gluonts.transform.feature.DummyValueImputation",
                                        "kwargs": {
                                            "dummy_value": 0.0
                                        }
                                    },
                                    "output_field": "observed_values",
                                    "target_field": "target"
                                }
                            }
                        ]
                    }
                },
                {
                    "__kind__": "instance",
                    "args": [],
                    "class": "gluonts.transform.split.InstanceSplitter",
                    "kwargs": {
                        "dummy_value": 0.0,
                        "forecast_start_field": "forecast_start",
                        "future_length": 13,
                        "instance_sampler": {
                            "__kind__": "instance",
                            "class": "gluonts.transform.sampler.PredictionSplitSampler",
                            "kwargs": {
                                "allow_empty_interval": false,
                                "axis": -1,
                                "min_future": 0,
                                "min_past": 0
                            }
                        },
                        "is_pad_field": "is_pad",
                        "lead_time": 0,
                        "output_NTC": true,
                        "past_length": 65,
                        "start_field": "start",
                        "target_field": "target",
                        "time_series_fields": [
                            "observed_values"
                        ]
                    }
                }
            ]
        }
    },
    "emissions": {
        "timestamp": {
            "0": "2023-07-27T02:47:25"
        },
        "project_name": {
            "0": "codecarbon"
        },
        "run_id": {
            "0": "c7c1ecb6-822d-41cd-990a-2da32138ffd5"
        },
        "duration": {
            "0": 0.0994877815246582
        },