{
    "directory_name": "infer_2023_07_25_01_47_28",
    "type": [
        "gluonts.mx.model.predictor.RepresentableBlockPredictor"
    ],
    "validation_results": {
        "metrics": {
            "aggregated": {
                "MSE": 88.2887610802413,
                "abs_error": 42347.002774998575,
                "abs_target_sum": 120931.51168823242,
                "abs_target_mean": 19.454876397720792,
                "seasonal_error": 6.58155905720786,
                "MASE": 1.0682151439398033,
                "MAPE": 0.7482705446351049,
                "sMAPE": 0.39774393493700355,
                "MSIS": 7.702911022745239,
                "QuantileLoss[0.1]": 20363.99479944265,
                "Coverage[0.1]": 0.035231660231660224,
                "QuantileLoss[0.5]": 42347.002774998575,
                "Coverage[0.5]": 0.32014157014157013,
                "QuantileLoss[0.9]": 21293.107071749415,
                "Coverage[0.9]": 0.81016731016731,
                "RMSE": 9.396209931682098,
                "NRMSE": 0.4829745375705855,
                "ND": 0.3501734343995575,
                "wQuantileLoss[0.1]": 0.1683927912184052,
                "wQuantileLoss[0.5]": 0.3501734343995575,
                "wQuantileLoss[0.9]": 0.176075753742698,
                "mean_absolute_QuantileLoss": 28001.36821539688,
                "mean_wQuantileLoss": 0.23154732645355358,
                "MAE_Coverage": 0.11148648648648656,
                "OWA": NaN
            },
            "contained_nan": false
        },
        "start": 1690242448.1625087,
        "end": 1690242452.2038724,
        "num_samples": 100,
        "model": {
            "params": 341,
            "fsize": 6212
        }
    },
    "requirements": [
        "# 3.7.7 (default, Mar 23 2020, 22:36:06)",
        "# [GCC 7.3.0]",
        "wrapt==1.11.2",
        "typed-ast==1.4.0",
        "six==1.12.0",
        "setuptools==41.6.0",
        "pytz==2019.3",
        "python-dateutil==2.8.0",
        "pyparsing==2.4.2",
        "pylint==2.4.3",
        "mccabe==0.6.1",
        "matplotlib==3.1.1",
        "lazy-object-proxy==1.4.3",
        "kiwisolver==1.1.0",
        "isort==4.3.21",
        "cycler==0.10.0",
        "astroid==2.3.2",
        "zipp==3.14.0",
        "zict==2.2.0",
        "xgboost==1.6.2",
        "wheel==0.37.1",
        "werkzeug==2.2.3",
        "urllib3==1.26.14",
        "typing-extensions==4.4.0",
        "tqdm==4.64.1",
        "tornado==6.2",
        "toolz==0.12.0",
        "threadpoolctl==3.1.0",
        "tenacity==8.2.2",
        "tblib==1.7.0",
        "sortedcontainers==2.4.0",
        "smac==1.2",
        "scipy==1.7.3",
        "scikit-learn==0.24.2",
        "rpy2==2.9.4",
        "requests==2.28.2",
        "reportlab==3.6.12",
        "qrcode==7.4.2",
        "pyyaml==6.0",
        "pyrfr==0.8.3",
        "pypng==0.20220715.0",
        "pynvml==11.4.1",
        "pynisher==0.6.4",
        "pymupdf==1.21.1",
        "pydantic==1.10.4",
        "pyarrow==8.0.0",
        "py-rapl==0.1",
        "py-cpuinfo==9.0.0",
        "psutil==5.9.4",
        "plotly==5.13.1",
        "pip==22.3.1",
        "pint==0.18",
        "pillow==9.4.0",
        "partd==1.4.0",
        "pandas==1.3.5",
        "packaging==23.0",
        "orjson==3.8.5",
        "numpy==1.21.6",
        "mxnet==1.9.1",
        "msgpack==1.0.5",
        "markupsafe==2.1.1",
        "locket==1.0.0",
        "liac-arff==2.5.0",
        "joblib==1.2.0",
        "jinja2==3.1.2",
        "itsdangerous==2.1.2",
        "importlib-metadata==6.0.0",
        "idna==3.4",
        "heapdict==1.0.1",
        "graphviz==0.8.4",
        "gluonts==0.11.8",
        "fuzzywuzzy==0.18.0",
        "fsspec==2023.1.0",
        "flask==2.2.3",
        "emcee==3.1.4",
        "distro==1.8.0",
        "distributed==2022.2.0",
        "dask==2022.2.0",
        "dash==2.8.1",
        "dash-table==5.0.0",
        "dash-html-components==2.0.0",
        "dash-core-components==2.0.0",
        "dash-bootstrap-components==1.4.0",
        "cython==0.29.35",
        "configspace==0.4.21",
        "codecarbon==2.1.4",
        "cloudpickle==2.2.1",
        "click==8.1.3",
        "charset-normalizer==3.0.1",
        "certifi==2022.12.7",
        "auto-sklearn==0.15.0",
        "arrow==1.2.3"
    ],
    "execution_platform": {
        "System": "Linux",
        "Node Name": "lamarrws03",
        "Release": "5.19.0-35-generic",
        "Version": "#36~22.04.1-Ubuntu SMP PREEMPT_DYNAMIC Fri Feb 17 15:17:25 UTC 2",
        "Machine": "x86_64",
        "Processor": "Intel(R) Core(TM) i7-6700 CPU @ 3.40GHz",
        "Physical cores": 4,
        "Total cores": 8,
        "Max Frequency": 4000.0,
        "Min Frequency": 800.0,
        "Current Frequency": 1835.832125,
        "Total": 33542766592,
        "Available": 32045154304,
        "Used": 990142464
    },
    "parameters": {
        "batch_size": 32,
        "ctx": {
            "__kind__": "instance",
            "args": [
                "cpu",
                0
            ],
            "class": "mxnet.context.Context"
        },
        "dtype": {
            "__kind__": "type",
            "class": "numpy.float64"
        },
        "forecast_generator": {
            "__kind__": "instance",
            "args": [],
            "class": "gluonts.model.forecast_generator.SampleForecastGenerator",
            "kwargs": {}
        },
        "input_names": [
            "past_target",
            "past_time_feat",
            "future_time_feat",
            "feat_static_cat"
        ],
        "lead_time": 0,
        "prediction_length": 56
    },
    "version": {
        "model": "0.11.8",
        "gluonts": "0.11.8"
    },
    "config": {
        "dataset": "nn5_daily_dataset_without_missing_values",
        "model": "gpforecaster",
        "output_dir": "mnt_data/results_dnns",
        "ds_seed": -1,
        "epochs": 100,
        "datadir": "mnt_data/data",
        "cpu_monitor_interval": 0.5,
        "seed": 42,
        "timestamp": "2023_07_25_01_47_28",
        "lag": 9,
        "train_logdir": "mnt_data/results_dnns/train_2023_07_25_01_43_45"
    },
    "emissions": {
        "timestamp": {
            "0": "2023-07-25T01:47:32"
        },
        "project_name": {
            "0": "codecarbon"
        },
        "run_id": {
            "0": "04a8840e-2fe6-4bc4-9bfe-b9d83d744df3"
        },
        "duration": {
            "0": 0.3826918601989746
        },
        "emissions": {
            "0": 8.588379175038069e-07
        },
        "emissions_rate": {
            "0": 0.0022442022076384
        },
        "cpu_power": {
            "0": 15.157325527470585
        },
        "gpu_power": {
            "0": 0.0
        },
        "ram_power": {
            "0": 11.714675903320314
        },
        "cpu_energy": {
            "0": 1.6103079549106836e-06
        },
        "gpu_energy": {
            "0": 0
        },
        "ram_energy": {
            "0": 1.2429741630421634e-06
        },
        "energy_consumed": {
            "0": 2.853282117952847e-06
        },
        "country_name": {
            "0": "Germany"
        },
        "country_iso_code": {
            "0": "DEU"
        },
        "region": {
            "0": NaN
        },
        "cloud_provider": {
            "0": NaN
        },
        "cloud_region": {
            "0": NaN
        },
        "os": {
            "0": "Linux-5.19.0-35-generic-x86_64-with-debian-bookworm-sid"
        },
        "python_version": {
            "0": "3.7.7"
        },
        "cpu_count": {
            "0": 8
        },
        "cpu_model": {
            "0": "Intel(R) Core(TM) i7-6700 CPU @ 3.40GHz"
        },
        "gpu_count": {
            "0": NaN
        },
        "gpu_model": {
            "0": NaN
        },
        "longitude": {
            "0": NaN
        },
        "latitude": {
            "0": NaN
        },
        "ram_total_size": {
            "0": 31.2391357421875
        },